solid OpenSCAD_Model
  facet normal -0.997859 -0.0654009 0
    outer loop
      vertex 0.0342197 3.47789 3.8147e-07
      vertex 0 4 9
      vertex 0 4 3.8147e-07
    endloop
  endfacet
  facet normal -0.997859 -0.0654009 0
    outer loop
      vertex 0 4 9
      vertex 0.0342197 3.47789 3.8147e-07
      vertex 0.0342197 3.47789 9
    endloop
  endfacet
  facet normal 0 0 1
    outer loop
      vertex 1.9 146.967 9
      vertex 1.56495 146.743 9
      vertex 1.9 146.77 9
    endloop
  endfacet
  facet normal 0 0 1
    outer loop
      vertex 10.9615 7.08737 9
      vertex 8.14207 6.93999 9
      vertex 8.2 6.5 9
    endloop
  endfacet
  facet normal 0 0 1
    outer loop
      vertex 8.75 10.3971 9
      vertex 7.97224 7.35 9
      vertex 8.14207 6.93999 9
    endloop
  endfacet
  facet normal 0 0 1
    outer loop
      vertex 8.75 10.3971 9
      vertex 7.70208 7.70208 9
      vertex 7.97224 7.35 9
    endloop
  endfacet
  facet normal 0 0 1
    outer loop
      vertex 6.93999 8.14207 9
      vertex 8.22207 10.6575 9
      vertex 7.66469 10.8467 9
    endloop
  endfacet
  facet normal 0 0 1
    outer loop
      vertex 8.75 10.3971 9
      vertex 7.35 7.97224 9
      vertex 7.70208 7.70208 9
    endloop
  endfacet
  facet normal 0 0 1
    outer loop
      vertex 6.93999 8.14207 9
      vertex 7.66469 10.8467 9
      vertex 7.08737 10.9615 9
    endloop
  endfacet
  facet normal 0 0 1
    outer loop
      vertex 8.22207 10.6575 9
      vertex 6.93999 8.14207 9
      vertex 7.35 7.97224 9
    endloop
  endfacet
  facet normal 0 0 1
    outer loop
      vertex 6.5 8.2 9
      vertex 7.08737 10.9615 9
      vertex 6.5 11 9
    endloop
  endfacet
  facet normal 0 0 1
    outer loop
      vertex 7.08737 10.9615 9
      vertex 6.5 8.2 9
      vertex 6.93999 8.14207 9
    endloop
  endfacet
  facet normal -0 0 1
    outer loop
      vertex 5.91263 10.9615 9
      vertex 6.5 8.2 9
      vertex 6.5 11 9
    endloop
  endfacet
  facet normal 0 0 1
    outer loop
      vertex 6.5 8.2 9
      vertex 5.91263 10.9615 9
      vertex 6.06001 8.14207 9
    endloop
  endfacet
  facet normal -0 0 1
    outer loop
      vertex 5.33531 10.8467 9
      vertex 6.06001 8.14207 9
      vertex 5.91263 10.9615 9
    endloop
  endfacet
  facet normal -0 0 1
    outer loop
      vertex 4.77792 10.6575 9
      vertex 6.06001 8.14207 9
      vertex 5.33531 10.8467 9
    endloop
  endfacet
  facet normal 0 0 1
    outer loop
      vertex 6.06001 8.14207 9
      vertex 4.77792 10.6575 9
      vertex 5.65 7.97224 9
    endloop
  endfacet
  facet normal -0 0 1
    outer loop
      vertex 4.25 10.3971 9
      vertex 5.65 7.97224 9
      vertex 4.77792 10.6575 9
    endloop
  endfacet
  facet normal -0 0 1
    outer loop
      vertex 3.76057 10.0701 9
      vertex 5.65 7.97224 9
      vertex 4.25 10.3971 9
    endloop
  endfacet
  facet normal 0 0 1
    outer loop
      vertex 5.65 7.97224 9
      vertex 3.76057 10.0701 9
      vertex 5.29792 7.70208 9
    endloop
  endfacet
  facet normal -0 0 1
    outer loop
      vertex 3.31802 9.68198 9
      vertex 5.29792 7.70208 9
      vertex 3.76057 10.0701 9
    endloop
  endfacet
  facet normal 0 0 1
    outer loop
      vertex 8.2 6.5 9
      vertex 11 6.5 9
      vertex 10.9615 7.08737 9
    endloop
  endfacet
  facet normal 0 0 1
    outer loop
      vertex 8.14207 6.93999 9
      vertex 10.9615 7.08737 9
      vertex 10.8467 7.66469 9
    endloop
  endfacet
  facet normal 0 0 1
    outer loop
      vertex 11 6.5 9
      vertex 8.2 6.5 9
      vertex 10.9615 5.91263 9
    endloop
  endfacet
  facet normal 0 0 1
    outer loop
      vertex 8.14207 6.93999 9
      vertex 10.8467 7.66469 9
      vertex 10.6575 8.22207 9
    endloop
  endfacet
  facet normal -0 0 1
    outer loop
      vertex 8.14207 6.06001 9
      vertex 10.9615 5.91263 9
      vertex 8.2 6.5 9
    endloop
  endfacet
  facet normal 0 0 1
    outer loop
      vertex 8.14207 6.93999 9
      vertex 10.6575 8.22207 9
      vertex 10.3971 8.75 9
    endloop
  endfacet
  facet normal 0 0 1
    outer loop
      vertex 10.9615 5.91263 9
      vertex 8.14207 6.06001 9
      vertex 10.8467 5.33531 9
    endloop
  endfacet
  facet normal 0 0 1
    outer loop
      vertex 8.14207 6.93999 9
      vertex 10.3971 8.75 9
      vertex 10.0701 9.23943 9
    endloop
  endfacet
  facet normal 0 0 1
    outer loop
      vertex 10.8467 5.33531 9
      vertex 8.14207 6.06001 9
      vertex 10.6575 4.77792 9
    endloop
  endfacet
  facet normal 0 0 1
    outer loop
      vertex 8.14207 6.93999 9
      vertex 10.0701 9.23943 9
      vertex 9.68198 9.68198 9
    endloop
  endfacet
  facet normal -0 0 1
    outer loop
      vertex 7.97224 5.65 9
      vertex 10.6575 4.77792 9
      vertex 8.14207 6.06001 9
    endloop
  endfacet
  facet normal 0 0 1
    outer loop
      vertex 8.14207 6.93999 9
      vertex 9.68198 9.68198 9
      vertex 9.23943 10.0701 9
    endloop
  endfacet
  facet normal 0 0 1
    outer loop
      vertex 10.6575 4.77792 9
      vertex 7.97224 5.65 9
      vertex 10.3971 4.25 9
    endloop
  endfacet
  facet normal 0 0 1
    outer loop
      vertex 8.14207 6.93999 9
      vertex 9.23943 10.0701 9
      vertex 8.75 10.3971 9
    endloop
  endfacet
  facet normal 0 0 1
    outer loop
      vertex 7.35 7.97224 9
      vertex 8.75 10.3971 9
      vertex 8.22207 10.6575 9
    endloop
  endfacet
  facet normal 0 0 1
    outer loop
      vertex 10.3971 4.25 9
      vertex 7.97224 5.65 9
      vertex 10.0701 3.76057 9
    endloop
  endfacet
  facet normal -0 0 1
    outer loop
      vertex 7.70208 5.29792 9
      vertex 10.0701 3.76057 9
      vertex 7.97224 5.65 9
    endloop
  endfacet
  facet normal 0 0 1
    outer loop
      vertex 10.0701 3.76057 9
      vertex 7.70208 5.29792 9
      vertex 9.68198 3.31802 9
    endloop
  endfacet
  facet normal 0 0 1
    outer loop
      vertex 9.68198 3.31802 9
      vertex 7.70208 5.29792 9
      vertex 9.23943 2.92991 9
    endloop
  endfacet
  facet normal -0 0 1
    outer loop
      vertex 7.35 5.02776 9
      vertex 9.23943 2.92991 9
      vertex 7.70208 5.29792 9
    endloop
  endfacet
  facet normal -0 0 1
    outer loop
      vertex 7.91946 2 9
      vertex 16 0 9
      vertex 16 2 9
    endloop
  endfacet
  facet normal 0 0 1
    outer loop
      vertex 9.23943 2.92991 9
      vertex 7.35 5.02776 9
      vertex 7.91946 2 9
    endloop
  endfacet
  facet normal -0 0 1
    outer loop
      vertex 6.93999 4.85793 9
      vertex 7.91946 2 9
      vertex 7.35 5.02776 9
    endloop
  endfacet
  facet normal -0 0 1
    outer loop
      vertex 6.5 4.8 9
      vertex 7.91946 2 9
      vertex 6.93999 4.85793 9
    endloop
  endfacet
  facet normal 0 0 1
    outer loop
      vertex 6.06001 4.85793 9
      vertex 7.91946 2 9
      vertex 6.5 4.8 9
    endloop
  endfacet
  facet normal 0 0 1
    outer loop
      vertex 4 0 9
      vertex 6.06001 4.85793 9
      vertex 5.65 5.02776 9
    endloop
  endfacet
  facet normal 0 0 1
    outer loop
      vertex 2.96472 0.136296 9
      vertex 5.65 5.02776 9
      vertex 5.29792 5.29792 9
    endloop
  endfacet
  facet normal -0 0 1
    outer loop
      vertex 2.92991 9.23943 9
      vertex 5.29792 7.70208 9
      vertex 3.31802 9.68198 9
    endloop
  endfacet
  facet normal 0 0 1
    outer loop
      vertex 5.29792 7.70208 9
      vertex 2.92991 9.23943 9
      vertex 5.02776 7.35 9
    endloop
  endfacet
  facet normal 0 0 1
    outer loop
      vertex 7.91946 2 9
      vertex 4 0 9
      vertex 16 0 9
    endloop
  endfacet
  facet normal 0 0 1
    outer loop
      vertex 6.06001 4.85793 9
      vertex 4 0 9
      vertex 7.91946 2 9
    endloop
  endfacet
  facet normal 0 0 1
    outer loop
      vertex 0.136296 2.96472 9
      vertex 5.29792 5.29792 9
      vertex 5.02776 5.65 9
    endloop
  endfacet
  facet normal 0 0 1
    outer loop
      vertex 0 4 9
      vertex 5.02776 5.65 9
      vertex 4.85793 6.06001 9
    endloop
  endfacet
  facet normal -0 0 1
    outer loop
      vertex 2 7.91946 9
      vertex 5.02776 7.35 9
      vertex 2.92991 9.23943 9
    endloop
  endfacet
  facet normal 0 0 1
    outer loop
      vertex 5.02776 7.35 9
      vertex 2 7.91946 9
      vertex 4.85793 6.93999 9
    endloop
  endfacet
  facet normal 0 0 1
    outer loop
      vertex 4.8 6.5 9
      vertex 2 7.91946 9
      vertex 4.85793 6.06001 9
    endloop
  endfacet
  facet normal 0 0 1
    outer loop
      vertex 4.85793 6.93999 9
      vertex 2 7.91946 9
      vertex 4.8 6.5 9
    endloop
  endfacet
  facet normal 0 0 1
    outer loop
      vertex 0 4 9
      vertex 4.85793 6.06001 9
      vertex 2 7.91946 9
    endloop
  endfacet
  facet normal 0 0 1
    outer loop
      vertex 5.02776 5.65 9
      vertex 0 4 9
      vertex 0.0342197 3.47789 9
    endloop
  endfacet
  facet normal 0 0 1
    outer loop
      vertex 5.65 5.02776 9
      vertex 3.47789 0.0342197 9
      vertex 4 0 9
    endloop
  endfacet
  facet normal 0 0 1
    outer loop
      vertex 5.65 5.02776 9
      vertex 2.96472 0.136296 9
      vertex 3.47789 0.0342197 9
    endloop
  endfacet
  facet normal 0 0 1
    outer loop
      vertex 5.29792 5.29792 9
      vertex 2.46927 0.304482 9
      vertex 2.96472 0.136296 9
    endloop
  endfacet
  facet normal 0 0 1
    outer loop
      vertex 5.9 146.77 9
      vertex 2 145.57 9
      vertex 5.9 145.57 9
    endloop
  endfacet
  facet normal -0 0 1
    outer loop
      vertex 0 143.57 9
      vertex 2 7.91946 9
      vertex 2 145.57 9
    endloop
  endfacet
  facet normal -0 0 1
    outer loop
      vertex 1.9 146.77 9
      vertex 2 145.57 9
      vertex 5.9 146.77 9
    endloop
  endfacet
  facet normal -0 0 1
    outer loop
      vertex 1.56495 146.743 9
      vertex 2 145.57 9
      vertex 1.9 146.77 9
    endloop
  endfacet
  facet normal 0 0 1
    outer loop
      vertex 2 145.57 9
      vertex 1.56495 146.743 9
      vertex 1.17157 146.398 9
    endloop
  endfacet
  facet normal 0 0 1
    outer loop
      vertex 2 7.91946 9
      vertex 0 143.57 9
      vertex 0 4 9
    endloop
  endfacet
  facet normal 0 0 1
    outer loop
      vertex 5.29792 5.29792 9
      vertex 2 0.535898 9
      vertex 2.46927 0.304482 9
    endloop
  endfacet
  facet normal 0 0 1
    outer loop
      vertex 2 145.57 9
      vertex 1.17157 146.398 9
      vertex 0.826586 146.005 9
    endloop
  endfacet
  facet normal 0 0 1
    outer loop
      vertex 5.29792 5.29792 9
      vertex 1.36721 1 9
      vertex 2 0.535898 9
    endloop
  endfacet
  facet normal 0 0 1
    outer loop
      vertex 1.36721 1 9
      vertex 1 1.36721 9
      vertex 1 1 9
    endloop
  endfacet
  facet normal 0 0 1
    outer loop
      vertex 2 145.57 9
      vertex 0.826586 146.005 9
      vertex 0.535898 145.57 9
    endloop
  endfacet
  facet normal 0 0 1
    outer loop
      vertex 2 0.535898 9
      vertex 1.36721 1 9
      vertex 1.56495 0.826586 9
    endloop
  endfacet
  facet normal 0 0 1
    outer loop
      vertex 2 145.57 9
      vertex 0.535898 145.57 9
      vertex 0.304482 145.101 9
    endloop
  endfacet
  facet normal 0 0 1
    outer loop
      vertex 5.29792 5.29792 9
      vertex 1 1.36721 9
      vertex 1.36721 1 9
    endloop
  endfacet
  facet normal 0 0 1
    outer loop
      vertex 2 145.57 9
      vertex 0.304482 145.101 9
      vertex 0.136296 144.605 9
    endloop
  endfacet
  facet normal 0 0 1
    outer loop
      vertex 5.29792 5.29792 9
      vertex 0.535898 2 9
      vertex 1 1.36721 9
    endloop
  endfacet
  facet normal 0 0 1
    outer loop
      vertex 2 145.57 9
      vertex 0.136296 144.605 9
      vertex 0.0342197 144.092 9
    endloop
  endfacet
  facet normal 0 0 1
    outer loop
      vertex 1 1.36721 9
      vertex 0.535898 2 9
      vertex 0.826586 1.56495 9
    endloop
  endfacet
  facet normal 0 0 1
    outer loop
      vertex 2 145.57 9
      vertex 0.0342197 144.092 9
      vertex 0 143.57 9
    endloop
  endfacet
  facet normal 0 0 1
    outer loop
      vertex 5.29792 5.29792 9
      vertex 0.304482 2.46927 9
      vertex 0.535898 2 9
    endloop
  endfacet
  facet normal 0 0 1
    outer loop
      vertex 5.29792 5.29792 9
      vertex 0.136296 2.96472 9
      vertex 0.304482 2.46927 9
    endloop
  endfacet
  facet normal 0 0 1
    outer loop
      vertex 5.02776 5.65 9
      vertex 0.0342197 3.47789 9
      vertex 0.136296 2.96472 9
    endloop
  endfacet
  facet normal 0 0 1
    outer loop
      vertex 103.98 3.76057 9
      vertex 106.348 5.29792 9
      vertex 106.078 5.65 9
    endloop
  endfacet
  facet normal 0 0 1
    outer loop
      vertex 103.393 4.77792 9
      vertex 106.078 5.65 9
      vertex 105.908 6.06001 9
    endloop
  endfacet
  facet normal 0 0 1
    outer loop
      vertex 103.089 5.91263 9
      vertex 105.908 6.06001 9
      vertex 105.85 6.5 9
    endloop
  endfacet
  facet normal -0 0 1
    outer loop
      vertex 103.98 9.23943 9
      vertex 106.348 7.70208 9
      vertex 104.368 9.68198 9
    endloop
  endfacet
  facet normal 0 0 1
    outer loop
      vertex 106.348 7.70208 9
      vertex 103.98 9.23943 9
      vertex 106.078 7.35 9
    endloop
  endfacet
  facet normal -0 0 1
    outer loop
      vertex 103.653 8.75 9
      vertex 106.078 7.35 9
      vertex 103.98 9.23943 9
    endloop
  endfacet
  facet normal 0 0 1
    outer loop
      vertex 106.348 5.29792 9
      vertex 104.811 2.92991 9
      vertex 106.131 2 9
    endloop
  endfacet
  facet normal -0 0 1
    outer loop
      vertex 103.393 8.22207 9
      vertex 106.078 7.35 9
      vertex 103.653 8.75 9
    endloop
  endfacet
  facet normal 0 0 1
    outer loop
      vertex 106.348 5.29792 9
      vertex 104.368 3.31802 9
      vertex 104.811 2.92991 9
    endloop
  endfacet
  facet normal 0 0 1
    outer loop
      vertex 106.078 7.35 9
      vertex 103.393 8.22207 9
      vertex 105.908 6.93999 9
    endloop
  endfacet
  facet normal 0 0 1
    outer loop
      vertex 106.348 5.29792 9
      vertex 103.98 3.76057 9
      vertex 104.368 3.31802 9
    endloop
  endfacet
  facet normal -0 0 1
    outer loop
      vertex 103.203 7.66469 9
      vertex 105.908 6.93999 9
      vertex 103.393 8.22207 9
    endloop
  endfacet
  facet normal 0 0 1
    outer loop
      vertex 106.078 5.65 9
      vertex 103.653 4.25 9
      vertex 103.98 3.76057 9
    endloop
  endfacet
  facet normal -0 0 1
    outer loop
      vertex 103.089 7.08737 9
      vertex 105.908 6.93999 9
      vertex 103.203 7.66469 9
    endloop
  endfacet
  facet normal 0 0 1
    outer loop
      vertex 106.078 5.65 9
      vertex 103.393 4.77792 9
      vertex 103.653 4.25 9
    endloop
  endfacet
  facet normal 0 0 1
    outer loop
      vertex 105.908 6.93999 9
      vertex 103.089 7.08737 9
      vertex 105.85 6.5 9
    endloop
  endfacet
  facet normal 0 0 1
    outer loop
      vertex 105.908 6.06001 9
      vertex 103.203 5.33531 9
      vertex 103.393 4.77792 9
    endloop
  endfacet
  facet normal 0 0 1
    outer loop
      vertex 103.05 6.5 9
      vertex 105.85 6.5 9
      vertex 103.089 7.08737 9
    endloop
  endfacet
  facet normal 0 0 1
    outer loop
      vertex 105.908 6.06001 9
      vertex 103.089 5.91263 9
      vertex 103.203 5.33531 9
    endloop
  endfacet
  facet normal 0 0 1
    outer loop
      vertex 105.85 6.5 9
      vertex 103.05 6.5 9
      vertex 103.089 5.91263 9
    endloop
  endfacet
  facet normal 0 0 1
    outer loop
      vertex 112.05 7.91946 9
      vertex 109.192 6.93999 9
      vertex 109.25 6.5 9
    endloop
  endfacet
  facet normal 0 0 1
    outer loop
      vertex 109.8 10.3971 9
      vertex 109.022 7.35 9
      vertex 109.192 6.93999 9
    endloop
  endfacet
  facet normal 0 0 1
    outer loop
      vertex 109.8 10.3971 9
      vertex 108.752 7.70208 9
      vertex 109.022 7.35 9
    endloop
  endfacet
  facet normal 0 0 1
    outer loop
      vertex 107.99 8.14207 9
      vertex 109.272 10.6575 9
      vertex 108.715 10.8467 9
    endloop
  endfacet
  facet normal 0 0 1
    outer loop
      vertex 109.8 10.3971 9
      vertex 108.4 7.97224 9
      vertex 108.752 7.70208 9
    endloop
  endfacet
  facet normal 0 0 1
    outer loop
      vertex 107.99 8.14207 9
      vertex 108.715 10.8467 9
      vertex 108.137 10.9615 9
    endloop
  endfacet
  facet normal 0 0 1
    outer loop
      vertex 109.272 10.6575 9
      vertex 107.99 8.14207 9
      vertex 108.4 7.97224 9
    endloop
  endfacet
  facet normal 0 0 1
    outer loop
      vertex 107.55 8.2 9
      vertex 108.137 10.9615 9
      vertex 107.55 11 9
    endloop
  endfacet
  facet normal 0 0 1
    outer loop
      vertex 108.137 10.9615 9
      vertex 107.55 8.2 9
      vertex 107.99 8.14207 9
    endloop
  endfacet
  facet normal -0 0 1
    outer loop
      vertex 106.963 10.9615 9
      vertex 107.55 8.2 9
      vertex 107.55 11 9
    endloop
  endfacet
  facet normal 0 0 1
    outer loop
      vertex 107.55 8.2 9
      vertex 106.963 10.9615 9
      vertex 107.11 8.14207 9
    endloop
  endfacet
  facet normal -0 0 1
    outer loop
      vertex 106.385 10.8467 9
      vertex 107.11 8.14207 9
      vertex 106.963 10.9615 9
    endloop
  endfacet
  facet normal -0 0 1
    outer loop
      vertex 105.828 10.6575 9
      vertex 107.11 8.14207 9
      vertex 106.385 10.8467 9
    endloop
  endfacet
  facet normal 0 0 1
    outer loop
      vertex 107.11 8.14207 9
      vertex 105.828 10.6575 9
      vertex 106.7 7.97224 9
    endloop
  endfacet
  facet normal -0 0 1
    outer loop
      vertex 105.3 10.3971 9
      vertex 106.7 7.97224 9
      vertex 105.828 10.6575 9
    endloop
  endfacet
  facet normal -0 0 1
    outer loop
      vertex 104.811 10.0701 9
      vertex 106.7 7.97224 9
      vertex 105.3 10.3971 9
    endloop
  endfacet
  facet normal 0 0 1
    outer loop
      vertex 106.7 7.97224 9
      vertex 104.811 10.0701 9
      vertex 106.348 7.70208 9
    endloop
  endfacet
  facet normal -0 0 1
    outer loop
      vertex 104.368 9.68198 9
      vertex 106.348 7.70208 9
      vertex 104.811 10.0701 9
    endloop
  endfacet
  facet normal 0 0 1
    outer loop
      vertex 111.581 147.266 9
      vertex 112.05 145.57 9
      vertex 112.05 147.034 9
    endloop
  endfacet
  facet normal 0 0 1
    outer loop
      vertex 111.085 147.434 9
      vertex 112.05 145.57 9
      vertex 111.581 147.266 9
    endloop
  endfacet
  facet normal 0 0 1
    outer loop
      vertex 110.572 147.536 9
      vertex 112.05 145.57 9
      vertex 111.085 147.434 9
    endloop
  endfacet
  facet normal 0 0 1
    outer loop
      vertex 110.05 147.57 9
      vertex 112.05 145.57 9
      vertex 110.572 147.536 9
    endloop
  endfacet
  facet normal 0 0 1
    outer loop
      vertex 100.356 145.57 9
      vertex 110.05 147.57 9
      vertex 100.356 147.57 9
    endloop
  endfacet
  facet normal 0 0 1
    outer loop
      vertex 110.05 147.57 9
      vertex 100.356 145.57 9
      vertex 112.05 145.57 9
    endloop
  endfacet
  facet normal 0 0 1
    outer loop
      vertex 112.05 145.57 9
      vertex 114.05 143.57 9
      vertex 114.016 144.092 9
    endloop
  endfacet
  facet normal 0 0 1
    outer loop
      vertex 114.05 143.57 9
      vertex 112.05 7.91946 9
      vertex 114.05 4 9
    endloop
  endfacet
  facet normal 0 0 1
    outer loop
      vertex 112.05 145.57 9
      vertex 114.016 144.092 9
      vertex 113.914 144.605 9
    endloop
  endfacet
  facet normal -0 0 1
    outer loop
      vertex 109.192 6.06001 9
      vertex 114.05 4 9
      vertex 112.05 7.91946 9
    endloop
  endfacet
  facet normal 0 0 1
    outer loop
      vertex 112.05 145.57 9
      vertex 113.914 144.605 9
      vertex 113.746 145.101 9
    endloop
  endfacet
  facet normal -0 0 1
    outer loop
      vertex 109.022 5.65 9
      vertex 114.05 4 9
      vertex 109.192 6.06001 9
    endloop
  endfacet
  facet normal -0 0 1
    outer loop
      vertex 112.05 145.57 9
      vertex 113.746 145.101 9
      vertex 113.514 145.57 9
    endloop
  endfacet
  facet normal 0 0 1
    outer loop
      vertex 114.05 4 9
      vertex 109.022 5.65 9
      vertex 114.016 3.47789 9
    endloop
  endfacet
  facet normal 0 0 1
    outer loop
      vertex 112.05 145.57 9
      vertex 113.514 145.57 9
      vertex 113.223 146.005 9
    endloop
  endfacet
  facet normal 0 0 1
    outer loop
      vertex 114.016 3.47789 9
      vertex 109.022 5.65 9
      vertex 113.914 2.96472 9
    endloop
  endfacet
  facet normal -0 0 1
    outer loop
      vertex 108.752 5.29792 9
      vertex 113.914 2.96472 9
      vertex 109.022 5.65 9
    endloop
  endfacet
  facet normal 0 0 1
    outer loop
      vertex 112.05 145.57 9
      vertex 113.223 146.005 9
      vertex 112.878 146.398 9
    endloop
  endfacet
  facet normal 0 0 1
    outer loop
      vertex 113.914 2.96472 9
      vertex 108.752 5.29792 9
      vertex 113.746 2.46927 9
    endloop
  endfacet
  facet normal 0 0 1
    outer loop
      vertex 113.514 2 9
      vertex 108.752 5.29792 9
      vertex 113.223 1.56495 9
    endloop
  endfacet
  facet normal 0 0 1
    outer loop
      vertex 112.05 145.57 9
      vertex 112.878 146.398 9
      vertex 112.485 146.743 9
    endloop
  endfacet
  facet normal 0 0 1
    outer loop
      vertex 113.05 1.36721 9
      vertex 112.683 1 9
      vertex 113.05 1 9
    endloop
  endfacet
  facet normal 0 0 1
    outer loop
      vertex 112.05 145.57 9
      vertex 112.485 146.743 9
      vertex 112.05 147.034 9
    endloop
  endfacet
  facet normal 0 0 1
    outer loop
      vertex 114.05 143.57 9
      vertex 112.05 145.57 9
      vertex 112.05 7.91946 9
    endloop
  endfacet
  facet normal 0 0 1
    outer loop
      vertex 113.223 1.56495 9
      vertex 108.752 5.29792 9
      vertex 113.05 1.36721 9
    endloop
  endfacet
  facet normal 0 0 1
    outer loop
      vertex 113.05 1.36721 9
      vertex 108.752 5.29792 9
      vertex 112.683 1 9
    endloop
  endfacet
  facet normal 0 0 1
    outer loop
      vertex 112.683 1 9
      vertex 108.752 5.29792 9
      vertex 112.485 0.826586 9
    endloop
  endfacet
  facet normal 0 0 1
    outer loop
      vertex 109.192 6.93999 9
      vertex 112.05 7.91946 9
      vertex 111.12 9.23943 9
    endloop
  endfacet
  facet normal 0 0 1
    outer loop
      vertex 113.746 2.46927 9
      vertex 108.752 5.29792 9
      vertex 113.514 2 9
    endloop
  endfacet
  facet normal 0 0 1
    outer loop
      vertex 109.192 6.93999 9
      vertex 111.12 9.23943 9
      vertex 110.732 9.68198 9
    endloop
  endfacet
  facet normal 0 0 1
    outer loop
      vertex 112.485 0.826586 9
      vertex 108.752 5.29792 9
      vertex 112.05 0.535898 9
    endloop
  endfacet
  facet normal 0 0 1
    outer loop
      vertex 109.192 6.93999 9
      vertex 110.732 9.68198 9
      vertex 110.289 10.0701 9
    endloop
  endfacet
  facet normal 0 0 1
    outer loop
      vertex 112.05 7.91946 9
      vertex 109.25 6.5 9
      vertex 109.192 6.06001 9
    endloop
  endfacet
  facet normal 0 0 1
    outer loop
      vertex 109.192 6.93999 9
      vertex 110.289 10.0701 9
      vertex 109.8 10.3971 9
    endloop
  endfacet
  facet normal 0 0 1
    outer loop
      vertex 108.4 7.97224 9
      vertex 109.8 10.3971 9
      vertex 109.272 10.6575 9
    endloop
  endfacet
  facet normal 0 0 1
    outer loop
      vertex 112.05 0.535898 9
      vertex 108.752 5.29792 9
      vertex 111.581 0.304482 9
    endloop
  endfacet
  facet normal 0 0 1
    outer loop
      vertex 111.581 0.304482 9
      vertex 108.752 5.29792 9
      vertex 111.085 0.136296 9
    endloop
  endfacet
  facet normal -0 0 1
    outer loop
      vertex 108.4 5.02776 9
      vertex 111.085 0.136296 9
      vertex 108.752 5.29792 9
    endloop
  endfacet
  facet normal 0 0 1
    outer loop
      vertex 111.085 0.136296 9
      vertex 108.4 5.02776 9
      vertex 110.572 0.0342197 9
    endloop
  endfacet
  facet normal 0 0 1
    outer loop
      vertex 110.572 0.0342197 9
      vertex 108.4 5.02776 9
      vertex 110.05 0 9
    endloop
  endfacet
  facet normal -0 0 1
    outer loop
      vertex 107.99 4.85793 9
      vertex 110.05 0 9
      vertex 108.4 5.02776 9
    endloop
  endfacet
  facet normal 0 0 1
    outer loop
      vertex 106.131 2 9
      vertex 107.99 4.85793 9
      vertex 107.55 4.8 9
    endloop
  endfacet
  facet normal 0 0 1
    outer loop
      vertex 106.131 2 9
      vertex 107.55 4.8 9
      vertex 107.11 4.85793 9
    endloop
  endfacet
  facet normal 0 0 1
    outer loop
      vertex 106.131 2 9
      vertex 107.11 4.85793 9
      vertex 106.7 5.02776 9
    endloop
  endfacet
  facet normal 0 0 1
    outer loop
      vertex 106.131 2 9
      vertex 106.7 5.02776 9
      vertex 106.348 5.29792 9
    endloop
  endfacet
  facet normal 0 0 1
    outer loop
      vertex 107.99 4.85793 9
      vertex 106.131 2 9
      vertex 110.05 0 9
    endloop
  endfacet
  facet normal 0 0 1
    outer loop
      vertex 24 0 9
      vertex 106.131 2 9
      vertex 24 2 9
    endloop
  endfacet
  facet normal 0 0 1
    outer loop
      vertex 106.131 2 9
      vertex 24 0 9
      vertex 110.05 0 9
    endloop
  endfacet
  facet normal -0 0 1
    outer loop
      vertex 19.9 146.77 9
      vertex 23.8823 145.57 9
      vertex 23.8823 146.77 9
    endloop
  endfacet
  facet normal 0 0 1
    outer loop
      vertex 23.8823 145.57 9
      vertex 19.9 146.77 9
      vertex 19.9 145.57 9
    endloop
  endfacet
  facet normal -0 0 1
    outer loop
      vertex 39.3177 147.57 9
      vertex 45.2616 145.57 9
      vertex 45.2616 147.57 9
    endloop
  endfacet
  facet normal 0 0 1
    outer loop
      vertex 45.2616 145.57 9
      vertex 39.3177 147.57 9
      vertex 39.3177 145.57 9
    endloop
  endfacet
  facet normal -0 0 1
    outer loop
      vertex 49.9384 147.57 9
      vertex 61.0918 145.57 9
      vertex 61.0918 147.57 9
    endloop
  endfacet
  facet normal 0 0 1
    outer loop
      vertex 61.0918 145.57 9
      vertex 49.9384 147.57 9
      vertex 49.9384 145.57 9
    endloop
  endfacet
  facet normal -0 0 1
    outer loop
      vertex 80.7082 147.57 9
      vertex 87.6442 145.57 9
      vertex 87.6442 147.57 9
    endloop
  endfacet
  facet normal 0 0 1
    outer loop
      vertex 87.6442 145.57 9
      vertex 80.7082 147.57 9
      vertex 80.7082 145.57 9
    endloop
  endfacet
  facet normal 0.831197 -0.555978 0
    outer loop
      vertex 113.223 1.56495 9
      vertex 113.514 2 3.8147e-07
      vertex 113.514 2 9
    endloop
  endfacet
  facet normal 0.831197 -0.555978 0
    outer loop
      vertex 113.514 2 3.8147e-07
      vertex 113.223 1.56495 9
      vertex 113.223 1.56495 3.8147e-07
    endloop
  endfacet
  facet normal -1 0 0
    outer loop
      vertex 0 4 3.8147e-07
      vertex 0 143.57 9
      vertex 0 143.57 3.8147e-07
    endloop
  endfacet
  facet normal -1 -0 0
    outer loop
      vertex 0 143.57 9
      vertex 0 4 3.8147e-07
      vertex 0 4 9
    endloop
  endfacet
  facet normal 0 0 -1
    outer loop
      vertex 108.474 94.1 3.8147e-07
      vertex 110.149 128.7 3.8147e-07
      vertex 110.149 91.2 3.8147e-07
    endloop
  endfacet
  facet normal 0 0 -1
    outer loop
      vertex 108.474 94.1 3.8147e-07
      vertex 108.474 125.8 3.8147e-07
      vertex 110.149 128.7 3.8147e-07
    endloop
  endfacet
  facet normal 0 0 -1
    outer loop
      vertex 105.126 94.1 3.8147e-07
      vertex 108.474 125.8 3.8147e-07
      vertex 108.474 94.1 3.8147e-07
    endloop
  endfacet
  facet normal 0 0 -1
    outer loop
      vertex 105.126 94.1 3.8147e-07
      vertex 105.126 125.8 3.8147e-07
      vertex 108.474 125.8 3.8147e-07
    endloop
  endfacet
  facet normal 0 0 -1
    outer loop
      vertex 103.451 91.2 3.8147e-07
      vertex 105.126 125.8 3.8147e-07
      vertex 105.126 94.1 3.8147e-07
    endloop
  endfacet
  facet normal -0 0 -1
    outer loop
      vertex 105.126 125.8 3.8147e-07
      vertex 103.451 91.2 3.8147e-07
      vertex 103.451 128.7 3.8147e-07
    endloop
  endfacet
  facet normal 0 0 -1
    outer loop
      vertex 109.224 3.6 3.8147e-07
      vertex 114.05 4 3.8147e-07
      vertex 114.016 3.47789 3.8147e-07
    endloop
  endfacet
  facet normal 0 0 -1
    outer loop
      vertex 114.05 4 3.8147e-07
      vertex 110.149 91.2 3.8147e-07
      vertex 114.05 143.57 3.8147e-07
    endloop
  endfacet
  facet normal 0 0 -1
    outer loop
      vertex 109.224 3.6 3.8147e-07
      vertex 114.016 3.47789 3.8147e-07
      vertex 113.914 2.96472 3.8147e-07
    endloop
  endfacet
  facet normal 0 0 -1
    outer loop
      vertex 110.149 128.7 3.8147e-07
      vertex 114.05 143.57 3.8147e-07
      vertex 110.149 91.2 3.8147e-07
    endloop
  endfacet
  facet normal 0 0 -1
    outer loop
      vertex 109.224 3.6 3.8147e-07
      vertex 113.914 2.96472 3.8147e-07
      vertex 113.746 2.46927 3.8147e-07
    endloop
  endfacet
  facet normal 0 0 -1
    outer loop
      vertex 108.474 131.6 3.8147e-07
      vertex 114.05 143.57 3.8147e-07
      vertex 110.149 128.7 3.8147e-07
    endloop
  endfacet
  facet normal 0 0 -1
    outer loop
      vertex 109.224 3.6 3.8147e-07
      vertex 113.746 2.46927 3.8147e-07
      vertex 113.514 2 3.8147e-07
    endloop
  endfacet
  facet normal 0 0 -1
    outer loop
      vertex 105.126 131.6 3.8147e-07
      vertex 114.05 143.57 3.8147e-07
      vertex 108.474 131.6 3.8147e-07
    endloop
  endfacet
  facet normal 0 0 -1
    outer loop
      vertex 109.224 3.6 3.8147e-07
      vertex 113.514 2 3.8147e-07
      vertex 113.223 1.56495 3.8147e-07
    endloop
  endfacet
  facet normal 0 0 -1
    outer loop
      vertex 114.05 143.57 3.8147e-07
      vertex 110.05 147.57 3.8147e-07
      vertex 114.016 144.092 3.8147e-07
    endloop
  endfacet
  facet normal 0 0 -1
    outer loop
      vertex 109.224 3.6 3.8147e-07
      vertex 113.223 1.56495 3.8147e-07
      vertex 112.878 1.17157 3.8147e-07
    endloop
  endfacet
  facet normal 0 0 -1
    outer loop
      vertex 114.016 144.092 3.8147e-07
      vertex 110.05 147.57 3.8147e-07
      vertex 113.914 144.605 3.8147e-07
    endloop
  endfacet
  facet normal 0 0 -1
    outer loop
      vertex 109.224 3.6 3.8147e-07
      vertex 112.878 1.17157 3.8147e-07
      vertex 112.485 0.826586 3.8147e-07
    endloop
  endfacet
  facet normal 0 0 -1
    outer loop
      vertex 113.914 144.605 3.8147e-07
      vertex 110.05 147.57 3.8147e-07
      vertex 113.746 145.101 3.8147e-07
    endloop
  endfacet
  facet normal 0 0 -1
    outer loop
      vertex 109.224 3.6 3.8147e-07
      vertex 112.485 0.826586 3.8147e-07
      vertex 112.05 0.535898 3.8147e-07
    endloop
  endfacet
  facet normal 0 0 -1
    outer loop
      vertex 113.746 145.101 3.8147e-07
      vertex 110.05 147.57 3.8147e-07
      vertex 113.514 145.57 3.8147e-07
    endloop
  endfacet
  facet normal 0 0 -1
    outer loop
      vertex 109.224 3.6 3.8147e-07
      vertex 112.05 0.535898 3.8147e-07
      vertex 111.581 0.304482 3.8147e-07
    endloop
  endfacet
  facet normal 0 0 -1
    outer loop
      vertex 113.514 145.57 3.8147e-07
      vertex 110.05 147.57 3.8147e-07
      vertex 113.223 146.005 3.8147e-07
    endloop
  endfacet
  facet normal 0 0 -1
    outer loop
      vertex 109.224 3.6 3.8147e-07
      vertex 111.581 0.304482 3.8147e-07
      vertex 111.085 0.136296 3.8147e-07
    endloop
  endfacet
  facet normal 0 0 -1
    outer loop
      vertex 114.05 4 3.8147e-07
      vertex 110.899 6.5 3.8147e-07
      vertex 109.224 9.4 3.8147e-07
    endloop
  endfacet
  facet normal 0 0 -1
    outer loop
      vertex 113.223 146.005 3.8147e-07
      vertex 110.05 147.57 3.8147e-07
      vertex 112.878 146.398 3.8147e-07
    endloop
  endfacet
  facet normal 0 0 -1
    outer loop
      vertex 109.224 3.6 3.8147e-07
      vertex 111.085 0.136296 3.8147e-07
      vertex 110.572 0.0342197 3.8147e-07
    endloop
  endfacet
  facet normal 0 0 -1
    outer loop
      vertex 109.224 3.6 3.8147e-07
      vertex 110.572 0.0342197 3.8147e-07
      vertex 110.05 0 3.8147e-07
    endloop
  endfacet
  facet normal -0 0 -1
    outer loop
      vertex 114.05 4 3.8147e-07
      vertex 109.224 3.6 3.8147e-07
      vertex 110.899 6.5 3.8147e-07
    endloop
  endfacet
  facet normal 0 0 -1
    outer loop
      vertex 110.05 0 3.8147e-07
      vertex 105.876 3.6 3.8147e-07
      vertex 109.224 3.6 3.8147e-07
    endloop
  endfacet
  facet normal 0 0 -1
    outer loop
      vertex 103.451 91.2 3.8147e-07
      vertex 21.8486 120 3.8147e-07
      vertex 103.451 128.7 3.8147e-07
    endloop
  endfacet
  facet normal 0 0 -1
    outer loop
      vertex 105.126 88.3 3.8147e-07
      vertex 21.8486 120 3.8147e-07
      vertex 103.451 91.2 3.8147e-07
    endloop
  endfacet
  facet normal 0 0 -1
    outer loop
      vertex 9.84863 6.5 3.8147e-07
      vertex 104.201 6.5 3.8147e-07
      vertex 105.876 3.6 3.8147e-07
    endloop
  endfacet
  facet normal 0 0 -1
    outer loop
      vertex 105.876 9.4 3.8147e-07
      vertex 20.1743 117.1 3.8147e-07
      vertex 21.8486 120 3.8147e-07
    endloop
  endfacet
  facet normal 0 0 -1
    outer loop
      vertex 105.876 9.4 3.8147e-07
      vertex 10.6486 91.2 3.8147e-07
      vertex 20.1743 117.1 3.8147e-07
    endloop
  endfacet
  facet normal -0 0 -1
    outer loop
      vertex 20.1743 117.1 3.8147e-07
      vertex 8.97432 94.1 3.8147e-07
      vertex 16.8257 117.1 3.8147e-07
    endloop
  endfacet
  facet normal 0 0 -1
    outer loop
      vertex 8.97432 94.1 3.8147e-07
      vertex 20.1743 117.1 3.8147e-07
      vertex 10.6486 91.2 3.8147e-07
    endloop
  endfacet
  facet normal 0 0 -1
    outer loop
      vertex 104.201 6.5 3.8147e-07
      vertex 9.84863 6.5 3.8147e-07
      vertex 8.17432 9.4 3.8147e-07
    endloop
  endfacet
  facet normal 0 0 -1
    outer loop
      vertex 8.17432 3.6 3.8147e-07
      vertex 105.876 3.6 3.8147e-07
      vertex 110.05 0 3.8147e-07
    endloop
  endfacet
  facet normal 0 0 -1
    outer loop
      vertex 105.876 3.6 3.8147e-07
      vertex 8.17432 3.6 3.8147e-07
      vertex 9.84863 6.5 3.8147e-07
    endloop
  endfacet
  facet normal 0 0 -1
    outer loop
      vertex 4 0 3.8147e-07
      vertex 8.17432 3.6 3.8147e-07
      vertex 110.05 0 3.8147e-07
    endloop
  endfacet
  facet normal -0 0 -1
    outer loop
      vertex 8.17432 3.6 3.8147e-07
      vertex 4 0 3.8147e-07
      vertex 4.82568 3.6 3.8147e-07
    endloop
  endfacet
  facet normal 0 0 -1
    outer loop
      vertex 3.47789 0.0342197 3.8147e-07
      vertex 4.82568 3.6 3.8147e-07
      vertex 4 0 3.8147e-07
    endloop
  endfacet
  facet normal 0 0 -1
    outer loop
      vertex 2.96472 0.136296 3.8147e-07
      vertex 4.82568 3.6 3.8147e-07
      vertex 3.47789 0.0342197 3.8147e-07
    endloop
  endfacet
  facet normal 0 0 -1
    outer loop
      vertex 2.46927 0.304482 3.8147e-07
      vertex 4.82568 3.6 3.8147e-07
      vertex 2.96472 0.136296 3.8147e-07
    endloop
  endfacet
  facet normal 0 0 -1
    outer loop
      vertex 112.878 146.398 3.8147e-07
      vertex 110.05 147.57 3.8147e-07
      vertex 112.485 146.743 3.8147e-07
    endloop
  endfacet
  facet normal 0 0 -1
    outer loop
      vertex 112.485 146.743 3.8147e-07
      vertex 110.05 147.57 3.8147e-07
      vertex 112.05 147.034 3.8147e-07
    endloop
  endfacet
  facet normal 0 0 -1
    outer loop
      vertex 114.05 4 3.8147e-07
      vertex 109.224 9.4 3.8147e-07
      vertex 108.474 88.3 3.8147e-07
    endloop
  endfacet
  facet normal 0 0 -1
    outer loop
      vertex 114.05 4 3.8147e-07
      vertex 108.474 88.3 3.8147e-07
      vertex 110.149 91.2 3.8147e-07
    endloop
  endfacet
  facet normal 0 0 -1
    outer loop
      vertex 105.876 9.4 3.8147e-07
      vertex 108.474 88.3 3.8147e-07
      vertex 109.224 9.4 3.8147e-07
    endloop
  endfacet
  facet normal 0 0 -1
    outer loop
      vertex 105.876 9.4 3.8147e-07
      vertex 105.126 88.3 3.8147e-07
      vertex 108.474 88.3 3.8147e-07
    endloop
  endfacet
  facet normal 0 0 -1
    outer loop
      vertex 8.17432 9.4 3.8147e-07
      vertex 105.876 9.4 3.8147e-07
      vertex 104.201 6.5 3.8147e-07
    endloop
  endfacet
  facet normal 0 0 -1
    outer loop
      vertex 105.876 9.4 3.8147e-07
      vertex 21.8486 120 3.8147e-07
      vertex 105.126 88.3 3.8147e-07
    endloop
  endfacet
  facet normal 0 0 -1
    outer loop
      vertex 112.05 147.034 3.8147e-07
      vertex 110.05 147.57 3.8147e-07
      vertex 111.581 147.266 3.8147e-07
    endloop
  endfacet
  facet normal 0 0 -1
    outer loop
      vertex 111.581 147.266 3.8147e-07
      vertex 110.05 147.57 3.8147e-07
      vertex 111.085 147.434 3.8147e-07
    endloop
  endfacet
  facet normal 0 0 -1
    outer loop
      vertex 111.085 147.434 3.8147e-07
      vertex 110.05 147.57 3.8147e-07
      vertex 110.572 147.536 3.8147e-07
    endloop
  endfacet
  facet normal -0 0 -1
    outer loop
      vertex 114.05 143.57 3.8147e-07
      vertex 105.126 131.6 3.8147e-07
      vertex 110.05 147.57 3.8147e-07
    endloop
  endfacet
  facet normal 0 0 -1
    outer loop
      vertex 103.451 128.7 3.8147e-07
      vertex 110.05 147.57 3.8147e-07
      vertex 105.126 131.6 3.8147e-07
    endloop
  endfacet
  facet normal 0 0 -1
    outer loop
      vertex 20.1743 122.9 3.8147e-07
      vertex 103.451 128.7 3.8147e-07
      vertex 21.8486 120 3.8147e-07
    endloop
  endfacet
  facet normal -0 0 -1
    outer loop
      vertex 103.451 128.7 3.8147e-07
      vertex 20.1743 122.9 3.8147e-07
      vertex 110.05 147.57 3.8147e-07
    endloop
  endfacet
  facet normal 0 0 -1
    outer loop
      vertex 4 147.57 3.8147e-07
      vertex 20.1743 122.9 3.8147e-07
      vertex 16.8257 122.9 3.8147e-07
    endloop
  endfacet
  facet normal 0 0 -1
    outer loop
      vertex 5.62568 94.1 3.8147e-07
      vertex 16.8257 117.1 3.8147e-07
      vertex 8.97432 94.1 3.8147e-07
    endloop
  endfacet
  facet normal -0 0 -1
    outer loop
      vertex 16.8257 117.1 3.8147e-07
      vertex 5.62568 94.1 3.8147e-07
      vertex 15.1514 120 3.8147e-07
    endloop
  endfacet
  facet normal 0 0 -1
    outer loop
      vertex 20.1743 122.9 3.8147e-07
      vertex 4 147.57 3.8147e-07
      vertex 110.05 147.57 3.8147e-07
    endloop
  endfacet
  facet normal 0 0 -1
    outer loop
      vertex 0 143.57 3.8147e-07
      vertex 16.8257 122.9 3.8147e-07
      vertex 15.1514 120 3.8147e-07
    endloop
  endfacet
  facet normal 0 0 -1
    outer loop
      vertex 0 143.57 3.8147e-07
      vertex 15.1514 120 3.8147e-07
      vertex 5.62568 94.1 3.8147e-07
    endloop
  endfacet
  facet normal 0 0 -1
    outer loop
      vertex 0 143.57 3.8147e-07
      vertex 5.62568 94.1 3.8147e-07
      vertex 3.95137 91.2 3.8147e-07
    endloop
  endfacet
  facet normal 0 0 -1
    outer loop
      vertex 16.8257 122.9 3.8147e-07
      vertex 0 143.57 3.8147e-07
      vertex 4 147.57 3.8147e-07
    endloop
  endfacet
  facet normal 0 0 -1
    outer loop
      vertex 105.876 9.4 3.8147e-07
      vertex 8.97432 88.3 3.8147e-07
      vertex 10.6486 91.2 3.8147e-07
    endloop
  endfacet
  facet normal 0 0 -1
    outer loop
      vertex 105.876 9.4 3.8147e-07
      vertex 8.17432 9.4 3.8147e-07
      vertex 8.97432 88.3 3.8147e-07
    endloop
  endfacet
  facet normal 0 0 -1
    outer loop
      vertex 8.17432 9.4 3.8147e-07
      vertex 5.62568 88.3 3.8147e-07
      vertex 8.97432 88.3 3.8147e-07
    endloop
  endfacet
  facet normal 0 0 -1
    outer loop
      vertex 4.82568 9.4 3.8147e-07
      vertex 5.62568 88.3 3.8147e-07
      vertex 8.17432 9.4 3.8147e-07
    endloop
  endfacet
  facet normal 0 0 -1
    outer loop
      vertex 0 4 3.8147e-07
      vertex 5.62568 88.3 3.8147e-07
      vertex 4.82568 9.4 3.8147e-07
    endloop
  endfacet
  facet normal 0 0 -1
    outer loop
      vertex 0 4 3.8147e-07
      vertex 4.82568 9.4 3.8147e-07
      vertex 3.15137 6.5 3.8147e-07
    endloop
  endfacet
  facet normal -0 0 -1
    outer loop
      vertex 5.62568 88.3 3.8147e-07
      vertex 0 4 3.8147e-07
      vertex 3.95137 91.2 3.8147e-07
    endloop
  endfacet
  facet normal 0 0 -1
    outer loop
      vertex 2 0.535898 3.8147e-07
      vertex 4.82568 3.6 3.8147e-07
      vertex 2.46927 0.304482 3.8147e-07
    endloop
  endfacet
  facet normal -0 0 -1
    outer loop
      vertex 3.95137 91.2 3.8147e-07
      vertex 0 4 3.8147e-07
      vertex 0 143.57 3.8147e-07
    endloop
  endfacet
  facet normal 0 0 -1
    outer loop
      vertex 1.56495 0.826586 3.8147e-07
      vertex 4.82568 3.6 3.8147e-07
      vertex 2 0.535898 3.8147e-07
    endloop
  endfacet
  facet normal 0 0 -1
    outer loop
      vertex 4 147.57 3.8147e-07
      vertex 0 143.57 3.8147e-07
      vertex 3.47789 147.536 3.8147e-07
    endloop
  endfacet
  facet normal 0 0 -1
    outer loop
      vertex 1.17157 1.17157 3.8147e-07
      vertex 4.82568 3.6 3.8147e-07
      vertex 1.56495 0.826586 3.8147e-07
    endloop
  endfacet
  facet normal 0 0 -1
    outer loop
      vertex 3.47789 147.536 3.8147e-07
      vertex 0 143.57 3.8147e-07
      vertex 2.96472 147.434 3.8147e-07
    endloop
  endfacet
  facet normal 0 0 -1
    outer loop
      vertex 0.826586 1.56495 3.8147e-07
      vertex 4.82568 3.6 3.8147e-07
      vertex 1.17157 1.17157 3.8147e-07
    endloop
  endfacet
  facet normal 0 0 -1
    outer loop
      vertex 2.96472 147.434 3.8147e-07
      vertex 0 143.57 3.8147e-07
      vertex 2.46927 147.266 3.8147e-07
    endloop
  endfacet
  facet normal 0 0 -1
    outer loop
      vertex 0.535898 2 3.8147e-07
      vertex 4.82568 3.6 3.8147e-07
      vertex 0.826586 1.56495 3.8147e-07
    endloop
  endfacet
  facet normal 0 0 -1
    outer loop
      vertex 2.46927 147.266 3.8147e-07
      vertex 0 143.57 3.8147e-07
      vertex 2 147.034 3.8147e-07
    endloop
  endfacet
  facet normal 0 0 -1
    outer loop
      vertex 0.304482 2.46927 3.8147e-07
      vertex 4.82568 3.6 3.8147e-07
      vertex 0.535898 2 3.8147e-07
    endloop
  endfacet
  facet normal 0 0 -1
    outer loop
      vertex 2 147.034 3.8147e-07
      vertex 0 143.57 3.8147e-07
      vertex 1.56495 146.743 3.8147e-07
    endloop
  endfacet
  facet normal 0 0 -1
    outer loop
      vertex 0.136296 2.96472 3.8147e-07
      vertex 4.82568 3.6 3.8147e-07
      vertex 0.304482 2.46927 3.8147e-07
    endloop
  endfacet
  facet normal 0 0 -1
    outer loop
      vertex 1.56495 146.743 3.8147e-07
      vertex 0 143.57 3.8147e-07
      vertex 1.17157 146.398 3.8147e-07
    endloop
  endfacet
  facet normal 0 0 -1
    outer loop
      vertex 0.0342197 3.47789 3.8147e-07
      vertex 4.82568 3.6 3.8147e-07
      vertex 0.136296 2.96472 3.8147e-07
    endloop
  endfacet
  facet normal 0 0 -1
    outer loop
      vertex 1.17157 146.398 3.8147e-07
      vertex 0 143.57 3.8147e-07
      vertex 0.826586 146.005 3.8147e-07
    endloop
  endfacet
  facet normal 0 0 -1
    outer loop
      vertex 0 4 3.8147e-07
      vertex 4.82568 3.6 3.8147e-07
      vertex 0.0342197 3.47789 3.8147e-07
    endloop
  endfacet
  facet normal 0 0 -1
    outer loop
      vertex 0.826586 146.005 3.8147e-07
      vertex 0 143.57 3.8147e-07
      vertex 0.535898 145.57 3.8147e-07
    endloop
  endfacet
  facet normal 0 0 -1
    outer loop
      vertex 4.82568 3.6 3.8147e-07
      vertex 0 4 3.8147e-07
      vertex 3.15137 6.5 3.8147e-07
    endloop
  endfacet
  facet normal 0 0 -1
    outer loop
      vertex 0.535898 145.57 3.8147e-07
      vertex 0 143.57 3.8147e-07
      vertex 0.304482 145.101 3.8147e-07
    endloop
  endfacet
  facet normal 0 0 -1
    outer loop
      vertex 0.304482 145.101 3.8147e-07
      vertex 0 143.57 3.8147e-07
      vertex 0.136296 144.605 3.8147e-07
    endloop
  endfacet
  facet normal 0 0 -1
    outer loop
      vertex 0.136296 144.605 3.8147e-07
      vertex 0 143.57 3.8147e-07
      vertex 0.0342197 144.092 3.8147e-07
    endloop
  endfacet
  facet normal 1 -0 0
    outer loop
      vertex 114.05 4 9
      vertex 114.05 143.57 3.8147e-07
      vertex 114.05 143.57 9
    endloop
  endfacet
  facet normal 1 0 0
    outer loop
      vertex 114.05 143.57 3.8147e-07
      vertex 114.05 4 9
      vertex 114.05 4 3.8147e-07
    endloop
  endfacet
  facet normal 0 -1 0
    outer loop
      vertex 4 0 9
      vertex 16.0342 0 8.47789
      vertex 16 0 9
    endloop
  endfacet
  facet normal 0 -1 0
    outer loop
      vertex 4 0 9
      vertex 16.1363 0 7.96472
      vertex 16.0342 0 8.47789
    endloop
  endfacet
  facet normal 0 -1 0
    outer loop
      vertex 4 0 9
      vertex 16.3045 0 7.46927
      vertex 16.1363 0 7.96472
    endloop
  endfacet
  facet normal 0 -1 0
    outer loop
      vertex 4 0 3.8147e-07
      vertex 16.3045 0 7.46927
      vertex 4 0 9
    endloop
  endfacet
  facet normal 0 -1 -0
    outer loop
      vertex 16.3045 0 7.46927
      vertex 4 0 3.8147e-07
      vertex 16.5359 0 7
    endloop
  endfacet
  facet normal 0 -1 -0
    outer loop
      vertex 16.5359 0 7
      vertex 4 0 3.8147e-07
      vertex 16.8266 0 6.56495
    endloop
  endfacet
  facet normal 0 -1 -0
    outer loop
      vertex 16.8266 0 6.56495
      vertex 4 0 3.8147e-07
      vertex 17.1716 0 6.17157
    endloop
  endfacet
  facet normal 0 -1 -0
    outer loop
      vertex 17.1716 0 6.17157
      vertex 4 0 3.8147e-07
      vertex 17.565 0 5.82659
    endloop
  endfacet
  facet normal 0 -1 -0
    outer loop
      vertex 17.565 0 5.82659
      vertex 4 0 3.8147e-07
      vertex 18 0 5.5359
    endloop
  endfacet
  facet normal 0 -1 -0
    outer loop
      vertex 18 0 5.5359
      vertex 4 0 3.8147e-07
      vertex 18.4693 0 5.30448
    endloop
  endfacet
  facet normal 0 -1 -0
    outer loop
      vertex 19.4779 0 5.03422
      vertex 4 0 3.8147e-07
      vertex 20 0 5
    endloop
  endfacet
  facet normal 0 -1 -0
    outer loop
      vertex 18.9647 0 5.1363
      vertex 4 0 3.8147e-07
      vertex 19.4779 0 5.03422
    endloop
  endfacet
  facet normal 0 -1 -0
    outer loop
      vertex 18.4693 0 5.30448
      vertex 4 0 3.8147e-07
      vertex 18.9647 0 5.1363
    endloop
  endfacet
  facet normal 0 -1 0
    outer loop
      vertex 23.9658 0 8.47789
      vertex 110.05 0 9
      vertex 24 0 9
    endloop
  endfacet
  facet normal 0 -1 0
    outer loop
      vertex 110.05 0 3.8147e-07
      vertex 23.9658 0 8.47789
      vertex 23.8637 0 7.96472
    endloop
  endfacet
  facet normal 0 -1 0
    outer loop
      vertex 110.05 0 3.8147e-07
      vertex 23.8637 0 7.96472
      vertex 23.6955 0 7.46927
    endloop
  endfacet
  facet normal 0 -1 0
    outer loop
      vertex 110.05 0 3.8147e-07
      vertex 23.6955 0 7.46927
      vertex 23.4641 0 7
    endloop
  endfacet
  facet normal 0 -1 0
    outer loop
      vertex 110.05 0 3.8147e-07
      vertex 23.4641 0 7
      vertex 23.1734 0 6.56495
    endloop
  endfacet
  facet normal 0 -1 0
    outer loop
      vertex 110.05 0 3.8147e-07
      vertex 23.1734 0 6.56495
      vertex 22.8284 0 6.17157
    endloop
  endfacet
  facet normal 0 -1 0
    outer loop
      vertex 110.05 0 3.8147e-07
      vertex 22.8284 0 6.17157
      vertex 22.435 0 5.82659
    endloop
  endfacet
  facet normal 0 -1 0
    outer loop
      vertex 110.05 0 3.8147e-07
      vertex 22.435 0 5.82659
      vertex 22 0 5.5359
    endloop
  endfacet
  facet normal 0 -1 0
    outer loop
      vertex 110.05 0 3.8147e-07
      vertex 22 0 5.5359
      vertex 21.5307 0 5.30448
    endloop
  endfacet
  facet normal 0 -1 0
    outer loop
      vertex 110.05 0 3.8147e-07
      vertex 21.5307 0 5.30448
      vertex 21.0353 0 5.1363
    endloop
  endfacet
  facet normal 0 -1 0
    outer loop
      vertex 4 0 3.8147e-07
      vertex 21.0353 0 5.1363
      vertex 20.5221 0 5.03422
    endloop
  endfacet
  facet normal 0 -1 0
    outer loop
      vertex 4 0 3.8147e-07
      vertex 20.5221 0 5.03422
      vertex 20 0 5
    endloop
  endfacet
  facet normal 0 -1 -0
    outer loop
      vertex 21.0353 0 5.1363
      vertex 4 0 3.8147e-07
      vertex 110.05 0 3.8147e-07
    endloop
  endfacet
  facet normal 0 -1 0
    outer loop
      vertex 23.9658 0 8.47789
      vertex 110.05 0 3.8147e-07
      vertex 110.05 0 9
    endloop
  endfacet
  facet normal -0.896774 0.44249 0
    outer loop
      vertex 0.304482 145.101 3.8147e-07
      vertex 0.535898 145.57 9
      vertex 0.535898 145.57 3.8147e-07
    endloop
  endfacet
  facet normal -0.896774 0.44249 0
    outer loop
      vertex 0.535898 145.57 9
      vertex 0.304482 145.101 3.8147e-07
      vertex 0.304482 145.101 9
    endloop
  endfacet
  facet normal 0 1 0
    outer loop
      vertex 110.05 147.57 9
      vertex 100.272 147.57 8.75194
      vertex 100.356 147.57 9
    endloop
  endfacet
  facet normal 0 1 0
    outer loop
      vertex 110.05 147.57 9
      vertex 100.098 147.57 8.4
      vertex 100.272 147.57 8.75194
    endloop
  endfacet
  facet normal 0 1 0
    outer loop
      vertex 110.05 147.57 9
      vertex 99.8801 147.57 8.07372
      vertex 100.098 147.57 8.4
    endloop
  endfacet
  facet normal 0 1 -0
    outer loop
      vertex 110.05 147.57 3.8147e-07
      vertex 99.8801 147.57 8.07372
      vertex 110.05 147.57 9
    endloop
  endfacet
  facet normal 0 1 0
    outer loop
      vertex 99.8801 147.57 8.07372
      vertex 110.05 147.57 3.8147e-07
      vertex 99.6213 147.57 7.77868
    endloop
  endfacet
  facet normal 0 1 0
    outer loop
      vertex 99.6213 147.57 7.77868
      vertex 110.05 147.57 3.8147e-07
      vertex 99.3263 147.57 7.51993
    endloop
  endfacet
  facet normal 0 1 0
    outer loop
      vertex 99.3263 147.57 7.51993
      vertex 110.05 147.57 3.8147e-07
      vertex 99 147.57 7.30192
    endloop
  endfacet
  facet normal 0 1 0
    outer loop
      vertex 99 147.57 7.30192
      vertex 110.05 147.57 3.8147e-07
      vertex 98.6481 147.57 7.12836
    endloop
  endfacet
  facet normal 0 1 0
    outer loop
      vertex 98.6481 147.57 7.12836
      vertex 110.05 147.57 3.8147e-07
      vertex 98.2765 147.57 7.00222
    endloop
  endfacet
  facet normal 0 1 0
    outer loop
      vertex 110.05 147.57 3.8147e-07
      vertex 90.5 147.57 6.9
      vertex 97.5 147.57 6.9
    endloop
  endfacet
  facet normal 0 1 0
    outer loop
      vertex 90.5 147.57 6.9
      vertex 23.2801 147.57 6.57372
      vertex 23.4981 147.57 6.9
    endloop
  endfacet
  facet normal 0 1 0
    outer loop
      vertex 90.5 147.57 6.9
      vertex 23.0213 147.57 6.27868
      vertex 23.2801 147.57 6.57372
    endloop
  endfacet
  facet normal 0 1 0
    outer loop
      vertex 90.5 147.57 6.9
      vertex 22.7263 147.57 6.01993
      vertex 23.0213 147.57 6.27868
    endloop
  endfacet
  facet normal 0 1 0
    outer loop
      vertex 90.5 147.57 6.9
      vertex 22.4 147.57 5.80192
      vertex 22.7263 147.57 6.01993
    endloop
  endfacet
  facet normal 0 1 0
    outer loop
      vertex 90.5 147.57 6.9
      vertex 22.0481 147.57 5.62836
      vertex 22.4 147.57 5.80192
    endloop
  endfacet
  facet normal -0 1 0
    outer loop
      vertex 21.6765 147.57 5.50222
      vertex 90.5 147.57 6.9
      vertex 110.05 147.57 3.8147e-07
    endloop
  endfacet
  facet normal 0 1 0
    outer loop
      vertex 90.5 147.57 6.9
      vertex 21.6765 147.57 5.50222
      vertex 22.0481 147.57 5.62836
    endloop
  endfacet
  facet normal 0 1 0
    outer loop
      vertex 4 147.57 3.8147e-07
      vertex 21.6765 147.57 5.50222
      vertex 110.05 147.57 3.8147e-07
    endloop
  endfacet
  facet normal 0 1 0
    outer loop
      vertex 21.2916 147.57 5.42567
      vertex 4 147.57 3.8147e-07
      vertex 20.9 147.57 5.4
    endloop
  endfacet
  facet normal 0 1 0
    outer loop
      vertex 21.6765 147.57 5.50222
      vertex 4 147.57 3.8147e-07
      vertex 21.2916 147.57 5.42567
    endloop
  endfacet
  facet normal 0 1 0
    outer loop
      vertex 97.8916 147.57 6.92567
      vertex 110.05 147.57 3.8147e-07
      vertex 97.5 147.57 6.9
    endloop
  endfacet
  facet normal 0 1 0
    outer loop
      vertex 98.2765 147.57 7.00222
      vertex 110.05 147.57 3.8147e-07
      vertex 97.8916 147.57 6.92567
    endloop
  endfacet
  facet normal 0 1 0
    outer loop
      vertex 87.7284 147.57 8.75194
      vertex 80.7082 147.57 9
      vertex 87.6442 147.57 9
    endloop
  endfacet
  facet normal 0 1 0
    outer loop
      vertex 87.9019 147.57 8.4
      vertex 80.7082 147.57 9
      vertex 87.7284 147.57 8.75194
    endloop
  endfacet
  facet normal 0 1 0
    outer loop
      vertex 80.7082 147.57 9
      vertex 87.9019 147.57 8.4
      vertex 80.5642 147.57 8.83578
    endloop
  endfacet
  facet normal 0 1 0
    outer loop
      vertex 88.1199 147.57 8.07372
      vertex 80.5642 147.57 8.83578
      vertex 87.9019 147.57 8.4
    endloop
  endfacet
  facet normal 0 1 0
    outer loop
      vertex 80.5642 147.57 8.83578
      vertex 88.1199 147.57 8.07372
      vertex 80.3675 147.57 8.6633
    endloop
  endfacet
  facet normal 0 1 0
    outer loop
      vertex 88.3787 147.57 7.77868
      vertex 80.3675 147.57 8.6633
      vertex 88.1199 147.57 8.07372
    endloop
  endfacet
  facet normal 0 1 0
    outer loop
      vertex 80.3675 147.57 8.6633
      vertex 88.3787 147.57 7.77868
      vertex 80.15 147.57 8.51794
    endloop
  endfacet
  facet normal 0 1 0
    outer loop
      vertex 88.6737 147.57 7.51993
      vertex 80.15 147.57 8.51794
      vertex 88.3787 147.57 7.77868
    endloop
  endfacet
  facet normal 0 1 0
    outer loop
      vertex 80.15 147.57 8.51794
      vertex 88.6737 147.57 7.51993
      vertex 79.9154 147.57 8.40224
    endloop
  endfacet
  facet normal 0 1 0
    outer loop
      vertex 90.1084 147.57 6.92567
      vertex 62.65 147.57 8.25
      vertex 79.15 147.57 8.25
    endloop
  endfacet
  facet normal 0 1 0
    outer loop
      vertex 62.65 147.57 8.25
      vertex 48.0655 147.57 8.12986
      vertex 48.5133 147.57 8.21893
    endloop
  endfacet
  facet normal -0 1 0
    outer loop
      vertex 47.61 147.57 8.1
      vertex 62.65 147.57 8.25
      vertex 90.1084 147.57 6.92567
    endloop
  endfacet
  facet normal 0 1 0
    outer loop
      vertex 89.3519 147.57 7.12836
      vertex 79.6676 147.57 8.31814
      vertex 89 147.57 7.30192
    endloop
  endfacet
  facet normal 0 1 0
    outer loop
      vertex 79.9154 147.57 8.40224
      vertex 89 147.57 7.30192
      vertex 79.6676 147.57 8.31814
    endloop
  endfacet
  facet normal 0 1 0
    outer loop
      vertex 89 147.57 7.30192
      vertex 79.9154 147.57 8.40224
      vertex 88.6737 147.57 7.51993
    endloop
  endfacet
  facet normal 0 1 0
    outer loop
      vertex 61.2358 147.57 8.83578
      vertex 49.9384 147.57 9
      vertex 61.0918 147.57 9
    endloop
  endfacet
  facet normal 0 1 0
    outer loop
      vertex 61.2358 147.57 8.83578
      vertex 49.7346 147.57 8.82121
      vertex 49.9384 147.57 9
    endloop
  endfacet
  facet normal 0 1 0
    outer loop
      vertex 61.4325 147.57 8.6633
      vertex 49.7346 147.57 8.82121
      vertex 61.2358 147.57 8.83578
    endloop
  endfacet
  facet normal 0 1 0
    outer loop
      vertex 61.4325 147.57 8.6633
      vertex 49.355 147.57 8.56757
      vertex 49.7346 147.57 8.82121
    endloop
  endfacet
  facet normal 0 1 0
    outer loop
      vertex 61.65 147.57 8.51794
      vertex 49.355 147.57 8.56757
      vertex 61.4325 147.57 8.6633
    endloop
  endfacet
  facet normal 0 1 0
    outer loop
      vertex 61.8846 147.57 8.40224
      vertex 49.355 147.57 8.56757
      vertex 61.65 147.57 8.51794
    endloop
  endfacet
  facet normal 0 1 0
    outer loop
      vertex 61.8846 147.57 8.40224
      vertex 48.9456 147.57 8.36567
      vertex 49.355 147.57 8.56757
    endloop
  endfacet
  facet normal 0 1 0
    outer loop
      vertex 62.1324 147.57 8.31814
      vertex 48.9456 147.57 8.36567
      vertex 61.8846 147.57 8.40224
    endloop
  endfacet
  facet normal 0 1 0
    outer loop
      vertex 48.5133 147.57 8.21893
      vertex 62.1324 147.57 8.31814
      vertex 62.389 147.57 8.2671
    endloop
  endfacet
  facet normal 0 1 0
    outer loop
      vertex 48.5133 147.57 8.21893
      vertex 62.389 147.57 8.2671
      vertex 62.65 147.57 8.25
    endloop
  endfacet
  facet normal 0 1 0
    outer loop
      vertex 62.1324 147.57 8.31814
      vertex 48.5133 147.57 8.21893
      vertex 48.9456 147.57 8.36567
    endloop
  endfacet
  facet normal 0 1 0
    outer loop
      vertex 45.2616 147.57 9
      vertex 39.3159 147.57 8.99118
      vertex 39.3177 147.57 9
    endloop
  endfacet
  facet normal 0 1 0
    outer loop
      vertex 45.2616 147.57 9
      vertex 39.2739 147.57 8.86731
      vertex 39.3159 147.57 8.99118
    endloop
  endfacet
  facet normal 0 1 0
    outer loop
      vertex 39.0571 147.57 8.54289
      vertex 45.2616 147.57 9
      vertex 45.4654 147.57 8.82121
    endloop
  endfacet
  facet normal 0 1 0
    outer loop
      vertex 45.2616 147.57 9
      vertex 39.216 147.57 8.75
      vertex 39.2739 147.57 8.86731
    endloop
  endfacet
  facet normal 0 1 0
    outer loop
      vertex 45.2616 147.57 9
      vertex 39.1433 147.57 8.64123
      vertex 39.216 147.57 8.75
    endloop
  endfacet
  facet normal 0 1 0
    outer loop
      vertex 38.9588 147.57 8.45665
      vertex 45.4654 147.57 8.82121
      vertex 45.845 147.57 8.56757
    endloop
  endfacet
  facet normal 0 1 0
    outer loop
      vertex 45.2616 147.57 9
      vertex 39.0571 147.57 8.54289
      vertex 39.1433 147.57 8.64123
    endloop
  endfacet
  facet normal 0 1 0
    outer loop
      vertex 45.4654 147.57 8.82121
      vertex 38.9588 147.57 8.45665
      vertex 39.0571 147.57 8.54289
    endloop
  endfacet
  facet normal 0 1 0
    outer loop
      vertex 45.845 147.57 8.56757
      vertex 38.85 147.57 8.38397
      vertex 38.9588 147.57 8.45665
    endloop
  endfacet
  facet normal 0 1 0
    outer loop
      vertex 46.2544 147.57 8.36567
      vertex 38.85 147.57 8.38397
      vertex 45.845 147.57 8.56757
    endloop
  endfacet
  facet normal 0 1 0
    outer loop
      vertex 46.2544 147.57 8.36567
      vertex 38.7327 147.57 8.32613
      vertex 38.85 147.57 8.38397
    endloop
  endfacet
  facet normal 0 1 0
    outer loop
      vertex 46.2544 147.57 8.36567
      vertex 38.6088 147.57 8.28407
      vertex 38.7327 147.57 8.32613
    endloop
  endfacet
  facet normal 0 1 0
    outer loop
      vertex 46.6867 147.57 8.21893
      vertex 38.6088 147.57 8.28407
      vertex 46.2544 147.57 8.36567
    endloop
  endfacet
  facet normal 0 1 0
    outer loop
      vertex 38.6088 147.57 8.28407
      vertex 46.6867 147.57 8.21893
      vertex 38.4805 147.57 8.25856
    endloop
  endfacet
  facet normal 0 1 0
    outer loop
      vertex 38.4805 147.57 8.25856
      vertex 47.1345 147.57 8.12986
      vertex 38.35 147.57 8.25
    endloop
  endfacet
  facet normal 0 1 0
    outer loop
      vertex 47.1345 147.57 8.12986
      vertex 38.4805 147.57 8.25856
      vertex 46.6867 147.57 8.21893
    endloop
  endfacet
  facet normal 0 1 0
    outer loop
      vertex 23.9261 147.57 8.86731
      vertex 23.9 147.57 8.4
      vertex 23.9 147.57 8.94426
    endloop
  endfacet
  facet normal 0 1 0
    outer loop
      vertex 23.984 147.57 8.75
      vertex 23.9 147.57 8.4
      vertex 23.9261 147.57 8.86731
    endloop
  endfacet
  facet normal 0 1 0
    outer loop
      vertex 24.0566 147.57 8.64123
      vertex 23.9 147.57 8.4
      vertex 23.984 147.57 8.75
    endloop
  endfacet
  facet normal 0 1 0
    outer loop
      vertex 24.1429 147.57 8.54289
      vertex 23.9 147.57 8.4
      vertex 24.0566 147.57 8.64123
    endloop
  endfacet
  facet normal 0 1 0
    outer loop
      vertex 24.2412 147.57 8.45665
      vertex 23.9 147.57 8.4
      vertex 24.1429 147.57 8.54289
    endloop
  endfacet
  facet normal 0 1 0
    outer loop
      vertex 23.8743 147.57 8.00843
      vertex 24.2412 147.57 8.45665
      vertex 24.35 147.57 8.38397
    endloop
  endfacet
  facet normal 0 1 0
    outer loop
      vertex 23.8743 147.57 8.00843
      vertex 24.35 147.57 8.38397
      vertex 24.4673 147.57 8.32613
    endloop
  endfacet
  facet normal 0 1 0
    outer loop
      vertex 23.8743 147.57 8.00843
      vertex 24.4673 147.57 8.32613
      vertex 24.5912 147.57 8.28407
    endloop
  endfacet
  facet normal 0 1 0
    outer loop
      vertex 23.7978 147.57 7.62354
      vertex 24.5912 147.57 8.28407
      vertex 24.7195 147.57 8.25856
    endloop
  endfacet
  facet normal 0 1 0
    outer loop
      vertex 47.59 147.57 8.1
      vertex 38.35 147.57 8.25
      vertex 47.1345 147.57 8.12986
    endloop
  endfacet
  facet normal 0 1 0
    outer loop
      vertex 38.35 147.57 8.25
      vertex 47.59 147.57 8.1
      vertex 23.4981 147.57 6.9
    endloop
  endfacet
  facet normal 0 1 0
    outer loop
      vertex 24.2412 147.57 8.45665
      vertex 23.8743 147.57 8.00843
      vertex 23.9 147.57 8.4
    endloop
  endfacet
  facet normal 0 1 0
    outer loop
      vertex 23.7978 147.57 7.62354
      vertex 24.7195 147.57 8.25856
      vertex 24.85 147.57 8.25
    endloop
  endfacet
  facet normal 0 1 0
    outer loop
      vertex 38.35 147.57 8.25
      vertex 23.4981 147.57 6.9
      vertex 24.85 147.57 8.25
    endloop
  endfacet
  facet normal 0 1 0
    outer loop
      vertex 79.6676 147.57 8.31814
      vertex 89.3519 147.57 7.12836
      vertex 79.411 147.57 8.2671
    endloop
  endfacet
  facet normal 0 1 0
    outer loop
      vertex 89.7235 147.57 7.00222
      vertex 79.411 147.57 8.2671
      vertex 89.3519 147.57 7.12836
    endloop
  endfacet
  facet normal 0 1 0
    outer loop
      vertex 24.5912 147.57 8.28407
      vertex 23.7978 147.57 7.62354
      vertex 23.8743 147.57 8.00843
    endloop
  endfacet
  facet normal 0 1 0
    outer loop
      vertex 79.411 147.57 8.2671
      vertex 89.7235 147.57 7.00222
      vertex 79.15 147.57 8.25
    endloop
  endfacet
  facet normal 0 1 0
    outer loop
      vertex 90.1084 147.57 6.92567
      vertex 79.15 147.57 8.25
      vertex 89.7235 147.57 7.00222
    endloop
  endfacet
  facet normal 0 1 0
    outer loop
      vertex 24.85 147.57 8.25
      vertex 23.6716 147.57 7.25194
      vertex 23.7978 147.57 7.62354
    endloop
  endfacet
  facet normal 0 1 0
    outer loop
      vertex 62.65 147.57 8.25
      vertex 47.61 147.57 8.1
      vertex 48.0655 147.57 8.12986
    endloop
  endfacet
  facet normal 0 1 0
    outer loop
      vertex 23.4981 147.57 6.9
      vertex 47.61 147.57 8.1
      vertex 90.1084 147.57 6.92567
    endloop
  endfacet
  facet normal 0 1 0
    outer loop
      vertex 47.61 147.57 8.1
      vertex 23.4981 147.57 6.9
      vertex 47.59 147.57 8.1
    endloop
  endfacet
  facet normal 0 1 0
    outer loop
      vertex 23.4981 147.57 6.9
      vertex 90.1084 147.57 6.92567
      vertex 90.5 147.57 6.9
    endloop
  endfacet
  facet normal 0 1 0
    outer loop
      vertex 24.85 147.57 8.25
      vertex 23.4981 147.57 6.9
      vertex 23.6716 147.57 7.25194
    endloop
  endfacet
  facet normal 0 1 0
    outer loop
      vertex 4.12354 147.57 5.50222
      vertex 4 147.57 3.8147e-07
      vertex 4 147.57 5.54416
    endloop
  endfacet
  facet normal 0 1 0
    outer loop
      vertex 4.50843 147.57 5.42567
      vertex 4 147.57 3.8147e-07
      vertex 4.12354 147.57 5.50222
    endloop
  endfacet
  facet normal 0 1 0
    outer loop
      vertex 4.9 147.57 5.4
      vertex 4 147.57 3.8147e-07
      vertex 4.50843 147.57 5.42567
    endloop
  endfacet
  facet normal 0 1 0
    outer loop
      vertex 20.9 147.57 5.4
      vertex 4 147.57 3.8147e-07
      vertex 4.9 147.57 5.4
    endloop
  endfacet
  facet normal -0.555566 -0.831472 0
    outer loop
      vertex 1.56495 0.826586 3.8147e-07
      vertex 2 0.535898 9
      vertex 1.56495 0.826586 9
    endloop
  endfacet
  facet normal -0.555566 -0.831472 -0
    outer loop
      vertex 2 0.535898 9
      vertex 1.56495 0.826586 3.8147e-07
      vertex 2 0.535898 3.8147e-07
    endloop
  endfacet
  facet normal 0.0654146 -0.997858 0
    outer loop
      vertex 110.05 0 3.8147e-07
      vertex 110.572 0.0342197 9
      vertex 110.05 0 9
    endloop
  endfacet
  facet normal 0.0654146 -0.997858 0
    outer loop
      vertex 110.572 0.0342197 9
      vertex 110.05 0 3.8147e-07
      vertex 110.572 0.0342197 3.8147e-07
    endloop
  endfacet
  facet normal -0.831443 0.55561 0
    outer loop
      vertex 0.535898 145.57 3.8147e-07
      vertex 0.826586 146.005 9
      vertex 0.826586 146.005 3.8147e-07
    endloop
  endfacet
  facet normal -0.831443 0.55561 0
    outer loop
      vertex 0.826586 146.005 9
      vertex 0.535898 145.57 3.8147e-07
      vertex 0.535898 145.57 9
    endloop
  endfacet
  facet normal -0.997858 0.0654146 0
    outer loop
      vertex 0 143.57 3.8147e-07
      vertex 0.0342197 144.092 9
      vertex 0.0342197 144.092 3.8147e-07
    endloop
  endfacet
  facet normal -0.997858 0.0654146 0
    outer loop
      vertex 0.0342197 144.092 9
      vertex 0 143.57 3.8147e-07
      vertex 0 143.57 9
    endloop
  endfacet
  facet normal 0.443387 0.89633 -0
    outer loop
      vertex 112.05 147.034 3.8147e-07
      vertex 111.581 147.266 9
      vertex 112.05 147.034 9
    endloop
  endfacet
  facet normal 0.443387 0.89633 0
    outer loop
      vertex 111.581 147.266 9
      vertex 112.05 147.034 3.8147e-07
      vertex 111.581 147.266 3.8147e-07
    endloop
  endfacet
  facet normal 0.0649964 0.997886 -0
    outer loop
      vertex 110.572 147.536 3.8147e-07
      vertex 110.05 147.57 9
      vertex 110.572 147.536 9
    endloop
  endfacet
  facet normal 0.0649964 0.997886 0
    outer loop
      vertex 110.05 147.57 9
      vertex 110.572 147.536 3.8147e-07
      vertex 110.05 147.57 3.8147e-07
    endloop
  endfacet
  facet normal 0.658857 -0.752268 0
    outer loop
      vertex 112.485 0.826586 9
      vertex 112.683 1 2.39
      vertex 112.683 1 9
    endloop
  endfacet
  facet normal 0.658857 -0.752268 0
    outer loop
      vertex 112.485 0.826586 3.8147e-07
      vertex 112.683 1 2.39
      vertex 112.485 0.826586 9
    endloop
  endfacet
  facet normal 0.659705 -0.751525 -0.000124122
    outer loop
      vertex 112.878 1.17157 3.8147e-07
      vertex 112.683 1 2.39
      vertex 112.485 0.826586 3.8147e-07
    endloop
  endfacet
  facet normal 0.660563 -0.750771 0
    outer loop
      vertex 112.683 1 2.39
      vertex 112.878 1.17157 3.8147e-07
      vertex 112.878 1.17157 2.39
    endloop
  endfacet
  facet normal 0.195153 -0.980773 0
    outer loop
      vertex 110.572 0.0342197 3.8147e-07
      vertex 111.085 0.136296 9
      vertex 110.572 0.0342197 9
    endloop
  endfacet
  facet normal 0.195153 -0.980773 0
    outer loop
      vertex 111.085 0.136296 9
      vertex 110.572 0.0342197 3.8147e-07
      vertex 111.085 0.136296 3.8147e-07
    endloop
  endfacet
  facet normal -0.195091 -0.980785 0
    outer loop
      vertex 2.96472 0.136296 3.8147e-07
      vertex 3.47789 0.0342197 9
      vertex 2.96472 0.136296 9
    endloop
  endfacet
  facet normal -0.195091 -0.980785 -0
    outer loop
      vertex 3.47789 0.0342197 9
      vertex 2.96472 0.136296 3.8147e-07
      vertex 3.47789 0.0342197 3.8147e-07
    endloop
  endfacet
  facet normal -0.896875 -0.442285 0
    outer loop
      vertex 0.535898 2 3.8147e-07
      vertex 0.304482 2.46927 9
      vertex 0.304482 2.46927 3.8147e-07
    endloop
  endfacet
  facet normal -0.896875 -0.442285 0
    outer loop
      vertex 0.304482 2.46927 9
      vertex 0.535898 2 3.8147e-07
      vertex 0.535898 2 9
    endloop
  endfacet
  facet normal -0.980785 -0.195091 0
    outer loop
      vertex 0.136296 2.96472 3.8147e-07
      vertex 0.0342197 3.47789 9
      vertex 0.0342197 3.47789 3.8147e-07
    endloop
  endfacet
  facet normal -0.980785 -0.195091 0
    outer loop
      vertex 0.0342197 3.47789 9
      vertex 0.136296 2.96472 3.8147e-07
      vertex 0.136296 2.96472 9
    endloop
  endfacet
  facet normal -0.555788 0.831324 0
    outer loop
      vertex 1.9 146.967 8.4
      vertex 1.56495 146.743 9
      vertex 1.9 146.967 9
    endloop
  endfacet
  facet normal -0.556269 0.831002 -0.000389186
    outer loop
      vertex 1.92567 146.984 8.00843
      vertex 1.56495 146.743 9
      vertex 1.9 146.967 8.4
    endloop
  endfacet
  facet normal -0.55235 0.833611 0.00167057
    outer loop
      vertex 2 147.034 7.63469
      vertex 1.56495 146.743 9
      vertex 1.92567 146.984 8.00843
    endloop
  endfacet
  facet normal -0.555978 0.831197 0
    outer loop
      vertex 1.56495 146.743 3.8147e-07
      vertex 2 147.034 7.63469
      vertex 2 147.034 3.8147e-07
    endloop
  endfacet
  facet normal -0.555978 0.831197 0
    outer loop
      vertex 2 147.034 7.63469
      vertex 1.56495 146.743 3.8147e-07
      vertex 1.56495 146.743 9
    endloop
  endfacet
  facet normal -0.194951 0.980813 0
    outer loop
      vertex 2.96472 147.434 3.8147e-07
      vertex 3.47789 147.536 5.7635
      vertex 3.47789 147.536 3.8147e-07
    endloop
  endfacet
  facet normal -0.200953 0.979601 0.000555902
    outer loop
      vertex 3.47789 147.536 5.7635
      vertex 2.96472 147.434 3.8147e-07
      vertex 3.4 147.52 5.80192
    endloop
  endfacet
  facet normal -0.195302 0.980743 0.000115009
    outer loop
      vertex 3.4 147.52 5.80192
      vertex 2.96472 147.434 3.8147e-07
      vertex 3.07372 147.455 6.01993
    endloop
  endfacet
  facet normal -0.189182 0.981942 0
    outer loop
      vertex 3.07372 147.455 6.01993
      vertex 2.96472 147.434 3.8147e-07
      vertex 2.96472 147.434 6.11552
    endloop
  endfacet
  facet normal -0.0649827 0.997886 0
    outer loop
      vertex 3.47789 147.536 3.8147e-07
      vertex 4 147.57 5.54416
      vertex 4 147.57 3.8147e-07
    endloop
  endfacet
  facet normal -0.0643859 0.997925 -5.64479e-05
    outer loop
      vertex 4 147.57 5.54416
      vertex 3.47789 147.536 3.8147e-07
      vertex 3.75194 147.554 5.62836
    endloop
  endfacet
  facet normal -0.0655402 0.99785 0
    outer loop
      vertex 3.75194 147.554 5.62836
      vertex 3.47789 147.536 3.8147e-07
      vertex 3.47789 147.536 5.7635
    endloop
  endfacet
  facet normal 0.947145 0.320807 0
    outer loop
      vertex 113.914 144.605 9
      vertex 113.746 145.101 3.8147e-07
      vertex 113.746 145.101 9
    endloop
  endfacet
  facet normal 0.947145 0.320807 0
    outer loop
      vertex 113.746 145.101 3.8147e-07
      vertex 113.914 144.605 9
      vertex 113.914 144.605 3.8147e-07
    endloop
  endfacet
  facet normal 0.89633 0.443387 0
    outer loop
      vertex 113.746 145.101 9
      vertex 113.514 145.57 3.8147e-07
      vertex 113.514 145.57 9
    endloop
  endfacet
  facet normal 0.89633 0.443387 0
    outer loop
      vertex 113.514 145.57 3.8147e-07
      vertex 113.746 145.101 9
      vertex 113.746 145.101 3.8147e-07
    endloop
  endfacet
  facet normal 0.831167 0.556022 0
    outer loop
      vertex 113.514 145.57 9
      vertex 113.223 146.005 3.8147e-07
      vertex 113.223 146.005 9
    endloop
  endfacet
  facet normal 0.831167 0.556022 0
    outer loop
      vertex 113.223 146.005 3.8147e-07
      vertex 113.514 145.57 9
      vertex 113.514 145.57 3.8147e-07
    endloop
  endfacet
  facet normal 0.659722 0.75151 -0
    outer loop
      vertex 112.878 146.398 3.8147e-07
      vertex 112.485 146.743 9
      vertex 112.878 146.398 9
    endloop
  endfacet
  facet normal 0.659722 0.75151 0
    outer loop
      vertex 112.485 146.743 9
      vertex 112.878 146.398 3.8147e-07
      vertex 112.485 146.743 3.8147e-07
    endloop
  endfacet
  facet normal 0.947036 -0.321126 0
    outer loop
      vertex 113.746 2.46927 9
      vertex 113.914 2.96472 3.8147e-07
      vertex 113.914 2.96472 9
    endloop
  endfacet
  facet normal 0.947036 -0.321126 0
    outer loop
      vertex 113.914 2.96472 3.8147e-07
      vertex 113.746 2.46927 9
      vertex 113.746 2.46927 3.8147e-07
    endloop
  endfacet
  facet normal 0.997886 -0.0649827 0
    outer loop
      vertex 114.016 3.47789 9
      vertex 114.05 4 3.8147e-07
      vertex 114.05 4 9
    endloop
  endfacet
  facet normal 0.997886 -0.0649827 0
    outer loop
      vertex 114.05 4 3.8147e-07
      vertex 114.016 3.47789 9
      vertex 114.016 3.47789 3.8147e-07
    endloop
  endfacet
  facet normal 0.980813 -0.194951 0
    outer loop
      vertex 113.914 2.96472 9
      vertex 114.016 3.47789 3.8147e-07
      vertex 114.016 3.47789 9
    endloop
  endfacet
  facet normal 0.980813 -0.194951 0
    outer loop
      vertex 114.016 3.47789 3.8147e-07
      vertex 113.914 2.96472 9
      vertex 113.914 2.96472 3.8147e-07
    endloop
  endfacet
  facet normal 0.321126 -0.947037 0
    outer loop
      vertex 111.085 0.136296 3.8147e-07
      vertex 111.581 0.304482 9
      vertex 111.085 0.136296 9
    endloop
  endfacet
  facet normal 0.321126 -0.947037 0
    outer loop
      vertex 111.581 0.304482 9
      vertex 111.085 0.136296 3.8147e-07
      vertex 111.581 0.304482 3.8147e-07
    endloop
  endfacet
  facet normal 0.44249 -0.896774 0
    outer loop
      vertex 111.581 0.304482 3.8147e-07
      vertex 112.05 0.535898 9
      vertex 111.581 0.304482 9
    endloop
  endfacet
  facet normal 0.44249 -0.896774 0
    outer loop
      vertex 112.05 0.535898 9
      vertex 111.581 0.304482 3.8147e-07
      vertex 112.05 0.535898 3.8147e-07
    endloop
  endfacet
  facet normal -0.321445 -0.946928 0
    outer loop
      vertex 2.46927 0.304482 3.8147e-07
      vertex 2.96472 0.136296 9
      vertex 2.46927 0.304482 9
    endloop
  endfacet
  facet normal -0.321445 -0.946928 -0
    outer loop
      vertex 2.96472 0.136296 9
      vertex 2.46927 0.304482 3.8147e-07
      vertex 2.96472 0.136296 3.8147e-07
    endloop
  endfacet
  facet normal -0.0654009 -0.997859 0
    outer loop
      vertex 3.47789 0.0342197 3.8147e-07
      vertex 4 0 9
      vertex 3.47789 0.0342197 9
    endloop
  endfacet
  facet normal -0.0654009 -0.997859 -0
    outer loop
      vertex 4 0 9
      vertex 3.47789 0.0342197 3.8147e-07
      vertex 4 0 3.8147e-07
    endloop
  endfacet
  facet normal -0.831472 -0.555566 0
    outer loop
      vertex 0.826586 1.56495 3.8147e-07
      vertex 0.535898 2 9
      vertex 0.535898 2 3.8147e-07
    endloop
  endfacet
  facet normal -0.831472 -0.555566 0
    outer loop
      vertex 0.535898 2 9
      vertex 0.826586 1.56495 3.8147e-07
      vertex 0.826586 1.56495 9
    endloop
  endfacet
  facet normal -0.946928 -0.321445 0
    outer loop
      vertex 0.304482 2.46927 3.8147e-07
      vertex 0.136296 2.96472 9
      vertex 0.136296 2.96472 3.8147e-07
    endloop
  endfacet
  facet normal -0.946928 -0.321445 0
    outer loop
      vertex 0.136296 2.96472 9
      vertex 0.304482 2.46927 3.8147e-07
      vertex 0.304482 2.46927 9
    endloop
  endfacet
  facet normal -0.443182 0.896432 0
    outer loop
      vertex 2 147.034 3.8147e-07
      vertex 2.46927 147.266 6.64955
      vertex 2.46927 147.266 3.8147e-07
    endloop
  endfacet
  facet normal -0.444212 0.895922 9.04492e-05
    outer loop
      vertex 2.46927 147.266 6.64955
      vertex 2 147.034 3.8147e-07
      vertex 2.30192 147.183 6.9
    endloop
  endfacet
  facet normal -0.443872 0.89609 7.19444e-05
    outer loop
      vertex 2.30192 147.183 6.9
      vertex 2 147.034 3.8147e-07
      vertex 2.12836 147.097 7.25194
    endloop
  endfacet
  facet normal -0.441088 0.897464 1.07234e-05
    outer loop
      vertex 2.12836 147.097 7.25194
      vertex 2 147.034 3.8147e-07
      vertex 2.00222 147.035 7.62354
    endloop
  endfacet
  facet normal -0.410706 0.911768 0
    outer loop
      vertex 2.00222 147.035 7.62354
      vertex 2 147.034 3.8147e-07
      vertex 2 147.034 7.63469
    endloop
  endfacet
  facet normal -0.321126 0.947036 0
    outer loop
      vertex 2.46927 147.266 3.8147e-07
      vertex 2.96472 147.434 6.11552
      vertex 2.96472 147.434 3.8147e-07
    endloop
  endfacet
  facet normal -0.32077 0.947157 -3.21557e-05
    outer loop
      vertex 2.96472 147.434 6.11552
      vertex 2.46927 147.266 3.8147e-07
      vertex 2.77868 147.371 6.27868
    endloop
  endfacet
  facet normal -0.321951 0.946756 3.27357e-05
    outer loop
      vertex 2.77868 147.371 6.27868
      vertex 2.46927 147.266 3.8147e-07
      vertex 2.51993 147.283 6.57372
    endloop
  endfacet
  facet normal -0.318136 0.948045 0
    outer loop
      vertex 2.51993 147.283 6.57372
      vertex 2.46927 147.266 3.8147e-07
      vertex 2.46927 147.266 6.64955
    endloop
  endfacet
  facet normal 0.75151 0.659722 0
    outer loop
      vertex 113.223 146.005 9
      vertex 112.878 146.398 3.8147e-07
      vertex 112.878 146.398 9
    endloop
  endfacet
  facet normal 0.75151 0.659722 0
    outer loop
      vertex 112.878 146.398 3.8147e-07
      vertex 113.223 146.005 9
      vertex 113.223 146.005 3.8147e-07
    endloop
  endfacet
  facet normal 0.980801 0.195013 0
    outer loop
      vertex 114.016 144.092 9
      vertex 113.914 144.605 3.8147e-07
      vertex 113.914 144.605 9
    endloop
  endfacet
  facet normal 0.980801 0.195013 0
    outer loop
      vertex 113.914 144.605 3.8147e-07
      vertex 114.016 144.092 9
      vertex 114.016 144.092 3.8147e-07
    endloop
  endfacet
  facet normal 0.997886 0.0649964 0
    outer loop
      vertex 114.05 143.57 9
      vertex 114.016 144.092 3.8147e-07
      vertex 114.016 144.092 9
    endloop
  endfacet
  facet normal 0.997886 0.0649964 0
    outer loop
      vertex 114.016 144.092 3.8147e-07
      vertex 114.05 143.57 9
      vertex 114.05 143.57 3.8147e-07
    endloop
  endfacet
  facet normal 0.556022 0.831167 -0
    outer loop
      vertex 112.485 146.743 3.8147e-07
      vertex 112.05 147.034 9
      vertex 112.485 146.743 9
    endloop
  endfacet
  facet normal 0.556022 0.831167 0
    outer loop
      vertex 112.05 147.034 9
      vertex 112.485 146.743 3.8147e-07
      vertex 112.05 147.034 3.8147e-07
    endloop
  endfacet
  facet normal 0.195013 0.980801 -0
    outer loop
      vertex 111.085 147.434 3.8147e-07
      vertex 110.572 147.536 9
      vertex 111.085 147.434 9
    endloop
  endfacet
  facet normal 0.195013 0.980801 0
    outer loop
      vertex 110.572 147.536 9
      vertex 111.085 147.434 3.8147e-07
      vertex 110.572 147.536 3.8147e-07
    endloop
  endfacet
  facet normal 0.320807 0.947145 -0
    outer loop
      vertex 111.581 147.266 3.8147e-07
      vertex 111.085 147.434 9
      vertex 111.581 147.266 9
    endloop
  endfacet
  facet normal 0.320807 0.947145 0
    outer loop
      vertex 111.085 147.434 9
      vertex 111.581 147.266 3.8147e-07
      vertex 111.085 147.434 3.8147e-07
    endloop
  endfacet
  facet normal 0.896432 -0.443182 0
    outer loop
      vertex 113.514 2 9
      vertex 113.746 2.46927 3.8147e-07
      vertex 113.746 2.46927 9
    endloop
  endfacet
  facet normal 0.896432 -0.443182 0
    outer loop
      vertex 113.746 2.46927 3.8147e-07
      vertex 113.514 2 9
      vertex 113.514 2 3.8147e-07
    endloop
  endfacet
  facet normal 0.55561 -0.831443 0
    outer loop
      vertex 112.05 0.535898 3.8147e-07
      vertex 112.485 0.826586 9
      vertex 112.05 0.535898 9
    endloop
  endfacet
  facet normal 0.55561 -0.831443 0
    outer loop
      vertex 112.485 0.826586 9
      vertex 112.05 0.535898 3.8147e-07
      vertex 112.485 0.826586 3.8147e-07
    endloop
  endfacet
  facet normal 0.752619 -0.658456 0
    outer loop
      vertex 113.05 1.36721 2.39
      vertex 113.223 1.56495 9
      vertex 113.05 1.36721 9
    endloop
  endfacet
  facet normal 0.752619 -0.658456 0
    outer loop
      vertex 113.223 1.56495 9
      vertex 113.05 1.36721 2.39
      vertex 113.223 1.56495 3.8147e-07
    endloop
  endfacet
  facet normal 0.751024 -0.660275 0
    outer loop
      vertex 112.878 1.17157 3.8147e-07
      vertex 113.05 1.36721 2.39
      vertex 112.878 1.17157 2.39
    endloop
  endfacet
  facet normal 0.751826 -0.659362 -0.000132392
    outer loop
      vertex 113.05 1.36721 2.39
      vertex 112.878 1.17157 3.8147e-07
      vertex 113.223 1.56495 3.8147e-07
    endloop
  endfacet
  facet normal -0.442285 -0.896875 0
    outer loop
      vertex 2 0.535898 3.8147e-07
      vertex 2.46927 0.304482 9
      vertex 2 0.535898 9
    endloop
  endfacet
  facet normal -0.442285 -0.896875 -0
    outer loop
      vertex 2.46927 0.304482 9
      vertex 2 0.535898 3.8147e-07
      vertex 2.46927 0.304482 3.8147e-07
    endloop
  endfacet
  facet normal -0.659342 -0.751843 -0
    outer loop
      vertex 1.17157 1.17157 2.39
      vertex 1.17157 1.17157 3.8147e-07
      vertex 1.36721 1 2.39
    endloop
  endfacet
  facet normal -0.659347 -0.751839 0
    outer loop
      vertex 1.36721 1 2.39
      vertex 1.56495 0.826586 9
      vertex 1.36721 1 9
    endloop
  endfacet
  facet normal -0.659347 -0.751839 0
    outer loop
      vertex 1.36721 1 2.39
      vertex 1.56495 0.826586 3.8147e-07
      vertex 1.56495 0.826586 9
    endloop
  endfacet
  facet normal -0.659345 -0.751841 3.70379e-07
    outer loop
      vertex 1.56495 0.826586 3.8147e-07
      vertex 1.36721 1 2.39
      vertex 1.17157 1.17157 3.8147e-07
    endloop
  endfacet
  facet normal -0.751839 -0.659347 0
    outer loop
      vertex 0.826586 1.56495 3.8147e-07
      vertex 1 1.36721 2.39
      vertex 0.826586 1.56495 9
    endloop
  endfacet
  facet normal -0.751841 -0.659345 3.70379e-07
    outer loop
      vertex 1.17157 1.17157 3.8147e-07
      vertex 1 1.36721 2.39
      vertex 0.826586 1.56495 3.8147e-07
    endloop
  endfacet
  facet normal -0.751843 -0.659342 0
    outer loop
      vertex 1 1.36721 2.39
      vertex 1.17157 1.17157 3.8147e-07
      vertex 1.17157 1.17157 2.39
    endloop
  endfacet
  facet normal -0.751839 -0.659347 0
    outer loop
      vertex 0.826586 1.56495 9
      vertex 1 1.36721 2.39
      vertex 1 1.36721 9
    endloop
  endfacet
  facet normal -0.751525 0.659705 0
    outer loop
      vertex 0.826586 146.005 3.8147e-07
      vertex 1.17157 146.398 9
      vertex 1.17157 146.398 3.8147e-07
    endloop
  endfacet
  facet normal -0.751525 0.659705 0
    outer loop
      vertex 1.17157 146.398 9
      vertex 0.826586 146.005 3.8147e-07
      vertex 0.826586 146.005 9
    endloop
  endfacet
  facet normal -0.659362 0.751826 0
    outer loop
      vertex 1.56495 146.743 3.8147e-07
      vertex 1.17157 146.398 9
      vertex 1.56495 146.743 9
    endloop
  endfacet
  facet normal -0.659362 0.751826 0
    outer loop
      vertex 1.17157 146.398 9
      vertex 1.56495 146.743 3.8147e-07
      vertex 1.17157 146.398 3.8147e-07
    endloop
  endfacet
  facet normal -0.947037 0.321126 0
    outer loop
      vertex 0.136296 144.605 3.8147e-07
      vertex 0.304482 145.101 9
      vertex 0.304482 145.101 3.8147e-07
    endloop
  endfacet
  facet normal -0.947037 0.321126 0
    outer loop
      vertex 0.304482 145.101 9
      vertex 0.136296 144.605 3.8147e-07
      vertex 0.136296 144.605 9
    endloop
  endfacet
  facet normal -0.980773 0.195153 0
    outer loop
      vertex 0.0342197 144.092 3.8147e-07
      vertex 0.136296 144.605 9
      vertex 0.136296 144.605 3.8147e-07
    endloop
  endfacet
  facet normal -0.980773 0.195153 0
    outer loop
      vertex 0.136296 144.605 9
      vertex 0.0342197 144.092 3.8147e-07
      vertex 0.0342197 144.092 9
    endloop
  endfacet
  facet normal 1 -0 0
    outer loop
      vertex 2 7.91946 9
      vertex 2 145.57 2.4
      vertex 2 145.57 9
    endloop
  endfacet
  facet normal 1 0 0
    outer loop
      vertex 2 145.57 2.4
      vertex 2 7.91946 9
      vertex 2 7.91946 2.4
    endloop
  endfacet
  facet normal -1 0 0
    outer loop
      vertex 112.05 7.91946 2.4
      vertex 112.05 145.57 9
      vertex 112.05 145.57 2.4
    endloop
  endfacet
  facet normal -1 -0 0
    outer loop
      vertex 112.05 145.57 9
      vertex 112.05 7.91946 2.4
      vertex 112.05 7.91946 9
    endloop
  endfacet
  facet normal 0 -1 0
    outer loop
      vertex 2 145.57 9
      vertex 5.9 145.57 8.90001
      vertex 5.9 145.57 9
    endloop
  endfacet
  facet normal 0 -1 0
    outer loop
      vertex 2 145.57 9
      vertex 5.90685 145.57 8.7956
      vertex 5.9 145.57 8.90001
    endloop
  endfacet
  facet normal 0 -1 0
    outer loop
      vertex 2 145.57 9
      vertex 5.92727 145.57 8.69295
      vertex 5.90685 145.57 8.7956
    endloop
  endfacet
  facet normal 0 -1 0
    outer loop
      vertex 2 145.57 9
      vertex 5.9609 145.57 8.59386
      vertex 5.92727 145.57 8.69295
    endloop
  endfacet
  facet normal 0 -1 0
    outer loop
      vertex 2 145.57 9
      vertex 6.00718 145.57 8.50002
      vertex 5.9609 145.57 8.59386
    endloop
  endfacet
  facet normal 0 -1 0
    outer loop
      vertex 2 145.57 9
      vertex 6.06531 145.57 8.413
      vertex 6.00718 145.57 8.50002
    endloop
  endfacet
  facet normal 0 -1 0
    outer loop
      vertex 2 145.57 9
      vertex 6.13431 145.57 8.33433
      vertex 6.06531 145.57 8.413
    endloop
  endfacet
  facet normal 0 -1 0
    outer loop
      vertex 2 145.57 2.4
      vertex 6.13431 145.57 8.33433
      vertex 2 145.57 9
    endloop
  endfacet
  facet normal 0 -1 -0
    outer loop
      vertex 6.13431 145.57 8.33433
      vertex 2 145.57 2.4
      vertex 6.21299 145.57 8.26533
    endloop
  endfacet
  facet normal 0 -1 -0
    outer loop
      vertex 6.21299 145.57 8.26533
      vertex 2 145.57 2.4
      vertex 6.30001 145.57 8.20719
    endloop
  endfacet
  facet normal 0 -1 -0
    outer loop
      vertex 6.30001 145.57 8.20719
      vertex 2 145.57 2.4
      vertex 6.39385 145.57 8.16091
    endloop
  endfacet
  facet normal 0 -1 -0
    outer loop
      vertex 6.39385 145.57 8.16091
      vertex 2 145.57 2.4
      vertex 6.49294 145.57 8.12728
    endloop
  endfacet
  facet normal 0 -1 0
    outer loop
      vertex 2 145.57 2.4
      vertex 19.1 145.57 8.10001
      vertex 6.7 145.57 8.10001
    endloop
  endfacet
  facet normal 0 -1 0
    outer loop
      vertex 2 145.57 2.4
      vertex 47.61 145.57 8.1
      vertex 47.59 145.57 8.1
    endloop
  endfacet
  facet normal 0 -1 -0
    outer loop
      vertex 19.1 145.57 8.10001
      vertex 2 145.57 2.4
      vertex 47.59 145.57 8.1
    endloop
  endfacet
  facet normal 0 -1 0
    outer loop
      vertex 47.61 145.57 8.1
      vertex 88.3787 145.57 7.77868
      vertex 88.1199 145.57 8.07372
    endloop
  endfacet
  facet normal 0 -1 -0
    outer loop
      vertex 47.61 145.57 8.1
      vertex 2 145.57 2.4
      vertex 112.05 145.57 2.4
    endloop
  endfacet
  facet normal 0 -1 0
    outer loop
      vertex 47.61 145.57 8.1
      vertex 88.6737 145.57 7.51993
      vertex 88.3787 145.57 7.77868
    endloop
  endfacet
  facet normal 0 -1 0
    outer loop
      vertex 47.61 145.57 8.1
      vertex 89 145.57 7.30192
      vertex 88.6737 145.57 7.51993
    endloop
  endfacet
  facet normal 0 -1 0
    outer loop
      vertex 47.61 145.57 8.1
      vertex 89.3519 145.57 7.12836
      vertex 89 145.57 7.30192
    endloop
  endfacet
  facet normal 0 -1 0
    outer loop
      vertex 47.61 145.57 8.1
      vertex 89.7235 145.57 7.00222
      vertex 89.3519 145.57 7.12836
    endloop
  endfacet
  facet normal 0 -1 0
    outer loop
      vertex 47.61 145.57 8.1
      vertex 90.1084 145.57 6.92567
      vertex 89.7235 145.57 7.00222
    endloop
  endfacet
  facet normal 0 -1 0
    outer loop
      vertex 90.1084 145.57 6.92567
      vertex 112.05 145.57 2.4
      vertex 90.5 145.57 6.9
    endloop
  endfacet
  facet normal 0 -1 0
    outer loop
      vertex 47.61 145.57 8.1
      vertex 112.05 145.57 2.4
      vertex 90.1084 145.57 6.92567
    endloop
  endfacet
  facet normal 0 -1 -0
    outer loop
      vertex 6.59559 145.57 8.10686
      vertex 2 145.57 2.4
      vertex 6.7 145.57 8.10001
    endloop
  endfacet
  facet normal 0 -1 -0
    outer loop
      vertex 6.49294 145.57 8.12728
      vertex 2 145.57 2.4
      vertex 6.59559 145.57 8.10686
    endloop
  endfacet
  facet normal 0 -1 0
    outer loop
      vertex 19.9 145.57 8.90001
      vertex 23.8823 145.57 9
      vertex 19.9 145.57 9
    endloop
  endfacet
  facet normal 0 -1 0
    outer loop
      vertex 19.8931 145.57 8.7956
      vertex 23.8823 145.57 9
      vertex 19.9 145.57 8.90001
    endloop
  endfacet
  facet normal 0 -1 -0
    outer loop
      vertex 23.8823 145.57 9
      vertex 19.8931 145.57 8.7956
      vertex 23.8841 145.57 8.99118
    endloop
  endfacet
  facet normal 0 -1 0
    outer loop
      vertex 19.8727 145.57 8.69295
      vertex 23.8841 145.57 8.99118
      vertex 19.8931 145.57 8.7956
    endloop
  endfacet
  facet normal 0 -1 -0
    outer loop
      vertex 23.8841 145.57 8.99118
      vertex 19.8727 145.57 8.69295
      vertex 23.9261 145.57 8.86731
    endloop
  endfacet
  facet normal 0 -1 0
    outer loop
      vertex 19.8391 145.57 8.59386
      vertex 23.9261 145.57 8.86731
      vertex 19.8727 145.57 8.69295
    endloop
  endfacet
  facet normal 0 -1 -0
    outer loop
      vertex 23.9261 145.57 8.86731
      vertex 19.8391 145.57 8.59386
      vertex 23.984 145.57 8.75
    endloop
  endfacet
  facet normal 0 -1 0
    outer loop
      vertex 19.7928 145.57 8.50002
      vertex 23.984 145.57 8.75
      vertex 19.8391 145.57 8.59386
    endloop
  endfacet
  facet normal 0 -1 -0
    outer loop
      vertex 23.984 145.57 8.75
      vertex 19.7928 145.57 8.50002
      vertex 24.0566 145.57 8.64123
    endloop
  endfacet
  facet normal 0 -1 0
    outer loop
      vertex 19.7347 145.57 8.413
      vertex 24.0566 145.57 8.64123
      vertex 19.7928 145.57 8.50002
    endloop
  endfacet
  facet normal 0 -1 -0
    outer loop
      vertex 24.0566 145.57 8.64123
      vertex 19.7347 145.57 8.413
      vertex 24.1429 145.57 8.54289
    endloop
  endfacet
  facet normal 0 -1 0
    outer loop
      vertex 19.6657 145.57 8.33433
      vertex 24.1429 145.57 8.54289
      vertex 19.7347 145.57 8.413
    endloop
  endfacet
  facet normal 0 -1 -0
    outer loop
      vertex 24.1429 145.57 8.54289
      vertex 19.6657 145.57 8.33433
      vertex 24.2412 145.57 8.45665
    endloop
  endfacet
  facet normal 0 -1 0
    outer loop
      vertex 19.587 145.57 8.26533
      vertex 24.2412 145.57 8.45665
      vertex 19.6657 145.57 8.33433
    endloop
  endfacet
  facet normal 0 -1 -0
    outer loop
      vertex 24.2412 145.57 8.45665
      vertex 19.587 145.57 8.26533
      vertex 24.35 145.57 8.38397
    endloop
  endfacet
  facet normal 0 -1 0
    outer loop
      vertex 19.5 145.57 8.20719
      vertex 24.35 145.57 8.38397
      vertex 19.587 145.57 8.26533
    endloop
  endfacet
  facet normal 0 -1 -0
    outer loop
      vertex 24.35 145.57 8.38397
      vertex 19.5 145.57 8.20719
      vertex 24.4673 145.57 8.32613
    endloop
  endfacet
  facet normal 0 -1 0
    outer loop
      vertex 19.4061 145.57 8.16091
      vertex 24.4673 145.57 8.32613
      vertex 19.5 145.57 8.20719
    endloop
  endfacet
  facet normal 0 -1 -0
    outer loop
      vertex 24.4673 145.57 8.32613
      vertex 19.4061 145.57 8.16091
      vertex 24.5912 145.57 8.28407
    endloop
  endfacet
  facet normal 0 -1 0
    outer loop
      vertex 47.59 145.57 8.1
      vertex 38.35 145.57 8.25
      vertex 24.85 145.57 8.25
    endloop
  endfacet
  facet normal 0 -1 0
    outer loop
      vertex 19.3071 145.57 8.12728
      vertex 24.5912 145.57 8.28407
      vertex 19.4061 145.57 8.16091
    endloop
  endfacet
  facet normal 0 -1 -0
    outer loop
      vertex 24.5912 145.57 8.28407
      vertex 19.3071 145.57 8.12728
      vertex 24.7195 145.57 8.25856
    endloop
  endfacet
  facet normal 0 -1 0
    outer loop
      vertex 19.2044 145.57 8.10686
      vertex 24.7195 145.57 8.25856
      vertex 19.3071 145.57 8.12728
    endloop
  endfacet
  facet normal 0 -1 -0
    outer loop
      vertex 24.7195 145.57 8.25856
      vertex 19.2044 145.57 8.10686
      vertex 24.85 145.57 8.25
    endloop
  endfacet
  facet normal 0 -1 0
    outer loop
      vertex 38.35 145.57 8.25
      vertex 47.1345 145.57 8.12986
      vertex 46.6867 145.57 8.21893
    endloop
  endfacet
  facet normal 0 -1 0
    outer loop
      vertex 19.1 145.57 8.10001
      vertex 24.85 145.57 8.25
      vertex 19.2044 145.57 8.10686
    endloop
  endfacet
  facet normal 0 -1 0
    outer loop
      vertex 47.59 145.57 8.1
      vertex 24.85 145.57 8.25
      vertex 19.1 145.57 8.10001
    endloop
  endfacet
  facet normal 0 -1 0
    outer loop
      vertex 38.35 145.57 8.25
      vertex 47.59 145.57 8.1
      vertex 47.1345 145.57 8.12986
    endloop
  endfacet
  facet normal 0 -1 0
    outer loop
      vertex 39.3159 145.57 8.99118
      vertex 45.2616 145.57 9
      vertex 39.3177 145.57 9
    endloop
  endfacet
  facet normal 0 -1 0
    outer loop
      vertex 39.2739 145.57 8.86731
      vertex 45.2616 145.57 9
      vertex 39.3159 145.57 8.99118
    endloop
  endfacet
  facet normal 0 -1 0
    outer loop
      vertex 39.216 145.57 8.75
      vertex 45.2616 145.57 9
      vertex 39.2739 145.57 8.86731
    endloop
  endfacet
  facet normal 0 -1 0
    outer loop
      vertex 39.1433 145.57 8.64123
      vertex 45.2616 145.57 9
      vertex 39.216 145.57 8.75
    endloop
  endfacet
  facet normal 0 -1 0
    outer loop
      vertex 39.0571 145.57 8.54289
      vertex 45.2616 145.57 9
      vertex 39.1433 145.57 8.64123
    endloop
  endfacet
  facet normal 0 -1 -0
    outer loop
      vertex 45.2616 145.57 9
      vertex 39.0571 145.57 8.54289
      vertex 45.4654 145.57 8.82121
    endloop
  endfacet
  facet normal 0 -1 0
    outer loop
      vertex 38.9588 145.57 8.45665
      vertex 45.4654 145.57 8.82121
      vertex 39.0571 145.57 8.54289
    endloop
  endfacet
  facet normal 0 -1 -0
    outer loop
      vertex 45.4654 145.57 8.82121
      vertex 38.9588 145.57 8.45665
      vertex 45.845 145.57 8.56757
    endloop
  endfacet
  facet normal 0 -1 0
    outer loop
      vertex 38.85 145.57 8.38397
      vertex 45.845 145.57 8.56757
      vertex 38.9588 145.57 8.45665
    endloop
  endfacet
  facet normal 0 -1 0
    outer loop
      vertex 38.85 145.57 8.38397
      vertex 46.2544 145.57 8.36567
      vertex 45.845 145.57 8.56757
    endloop
  endfacet
  facet normal 0 -1 0
    outer loop
      vertex 38.7327 145.57 8.32613
      vertex 46.2544 145.57 8.36567
      vertex 38.85 145.57 8.38397
    endloop
  endfacet
  facet normal 0 -1 0
    outer loop
      vertex 38.6088 145.57 8.28407
      vertex 46.2544 145.57 8.36567
      vertex 38.7327 145.57 8.32613
    endloop
  endfacet
  facet normal 0 -1 0
    outer loop
      vertex 46.6867 145.57 8.21893
      vertex 38.6088 145.57 8.28407
      vertex 38.4805 145.57 8.25856
    endloop
  endfacet
  facet normal 0 -1 0
    outer loop
      vertex 46.6867 145.57 8.21893
      vertex 38.4805 145.57 8.25856
      vertex 38.35 145.57 8.25
    endloop
  endfacet
  facet normal 0 -1 0
    outer loop
      vertex 38.6088 145.57 8.28407
      vertex 46.6867 145.57 8.21893
      vertex 46.2544 145.57 8.36567
    endloop
  endfacet
  facet normal 0 -1 0
    outer loop
      vertex 49.9384 145.57 9
      vertex 61.2358 145.57 8.83578
      vertex 61.0918 145.57 9
    endloop
  endfacet
  facet normal 0 -1 0
    outer loop
      vertex 49.7346 145.57 8.82121
      vertex 61.2358 145.57 8.83578
      vertex 49.9384 145.57 9
    endloop
  endfacet
  facet normal 0 -1 0
    outer loop
      vertex 49.7346 145.57 8.82121
      vertex 61.4325 145.57 8.6633
      vertex 61.2358 145.57 8.83578
    endloop
  endfacet
  facet normal 0 -1 0
    outer loop
      vertex 49.355 145.57 8.56757
      vertex 61.4325 145.57 8.6633
      vertex 49.7346 145.57 8.82121
    endloop
  endfacet
  facet normal 0 -1 0
    outer loop
      vertex 49.355 145.57 8.56757
      vertex 61.65 145.57 8.51794
      vertex 61.4325 145.57 8.6633
    endloop
  endfacet
  facet normal 0 -1 0
    outer loop
      vertex 49.355 145.57 8.56757
      vertex 61.8846 145.57 8.40224
      vertex 61.65 145.57 8.51794
    endloop
  endfacet
  facet normal 0 -1 0
    outer loop
      vertex 48.9456 145.57 8.36567
      vertex 61.8846 145.57 8.40224
      vertex 49.355 145.57 8.56757
    endloop
  endfacet
  facet normal 0 -1 0
    outer loop
      vertex 48.9456 145.57 8.36567
      vertex 62.1324 145.57 8.31814
      vertex 61.8846 145.57 8.40224
    endloop
  endfacet
  facet normal 0 -1 0
    outer loop
      vertex 48.5133 145.57 8.21893
      vertex 62.1324 145.57 8.31814
      vertex 48.9456 145.57 8.36567
    endloop
  endfacet
  facet normal 0 -1 -0
    outer loop
      vertex 62.1324 145.57 8.31814
      vertex 48.5133 145.57 8.21893
      vertex 62.389 145.57 8.2671
    endloop
  endfacet
  facet normal 0 -1 -0
    outer loop
      vertex 62.389 145.57 8.2671
      vertex 48.0655 145.57 8.12986
      vertex 62.65 145.57 8.25
    endloop
  endfacet
  facet normal 0 -1 0
    outer loop
      vertex 48.0655 145.57 8.12986
      vertex 62.389 145.57 8.2671
      vertex 48.5133 145.57 8.21893
    endloop
  endfacet
  facet normal 0 -1 0
    outer loop
      vertex 87.9019 145.57 8.4
      vertex 80.7082 145.57 9
      vertex 80.5642 145.57 8.83578
    endloop
  endfacet
  facet normal 0 -1 0
    outer loop
      vertex 80.7082 145.57 9
      vertex 87.7284 145.57 8.75194
      vertex 87.6442 145.57 9
    endloop
  endfacet
  facet normal 0 -1 0
    outer loop
      vertex 88.1199 145.57 8.07372
      vertex 80.5642 145.57 8.83578
      vertex 80.3675 145.57 8.6633
    endloop
  endfacet
  facet normal 0 -1 0
    outer loop
      vertex 88.1199 145.57 8.07372
      vertex 80.3675 145.57 8.6633
      vertex 80.15 145.57 8.51794
    endloop
  endfacet
  facet normal 0 -1 0
    outer loop
      vertex 88.1199 145.57 8.07372
      vertex 80.15 145.57 8.51794
      vertex 79.9154 145.57 8.40224
    endloop
  endfacet
  facet normal 0 -1 0
    outer loop
      vertex 80.7082 145.57 9
      vertex 87.9019 145.57 8.4
      vertex 87.7284 145.57 8.75194
    endloop
  endfacet
  facet normal 0 -1 0
    outer loop
      vertex 88.1199 145.57 8.07372
      vertex 79.9154 145.57 8.40224
      vertex 79.6676 145.57 8.31814
    endloop
  endfacet
  facet normal 0 -1 0
    outer loop
      vertex 88.1199 145.57 8.07372
      vertex 79.6676 145.57 8.31814
      vertex 79.411 145.57 8.2671
    endloop
  endfacet
  facet normal 0 -1 0
    outer loop
      vertex 88.1199 145.57 8.07372
      vertex 79.411 145.57 8.2671
      vertex 79.15 145.57 8.25
    endloop
  endfacet
  facet normal 0 -1 0
    outer loop
      vertex 47.61 145.57 8.1
      vertex 62.65 145.57 8.25
      vertex 48.0655 145.57 8.12986
    endloop
  endfacet
  facet normal 0 -1 -0
    outer loop
      vertex 62.65 145.57 8.25
      vertex 47.61 145.57 8.1
      vertex 79.15 145.57 8.25
    endloop
  endfacet
  facet normal 0 -1 0
    outer loop
      vertex 80.5642 145.57 8.83578
      vertex 88.1199 145.57 8.07372
      vertex 87.9019 145.57 8.4
    endloop
  endfacet
  facet normal 0 -1 0
    outer loop
      vertex 88.1199 145.57 8.07372
      vertex 79.15 145.57 8.25
      vertex 47.61 145.57 8.1
    endloop
  endfacet
  facet normal 0 -1 0
    outer loop
      vertex 100.272 145.57 8.75194
      vertex 112.05 145.57 9
      vertex 100.356 145.57 9
    endloop
  endfacet
  facet normal 0 -1 0
    outer loop
      vertex 112.05 145.57 2.4
      vertex 100.272 145.57 8.75194
      vertex 100.098 145.57 8.4
    endloop
  endfacet
  facet normal 0 -1 0
    outer loop
      vertex 112.05 145.57 2.4
      vertex 100.098 145.57 8.4
      vertex 99.8801 145.57 8.07372
    endloop
  endfacet
  facet normal 0 -1 0
    outer loop
      vertex 112.05 145.57 2.4
      vertex 99.8801 145.57 8.07372
      vertex 99.6213 145.57 7.77868
    endloop
  endfacet
  facet normal 0 -1 0
    outer loop
      vertex 112.05 145.57 2.4
      vertex 99.6213 145.57 7.77868
      vertex 99.3263 145.57 7.51993
    endloop
  endfacet
  facet normal 0 -1 0
    outer loop
      vertex 112.05 145.57 2.4
      vertex 99.3263 145.57 7.51993
      vertex 99 145.57 7.30192
    endloop
  endfacet
  facet normal 0 -1 0
    outer loop
      vertex 112.05 145.57 2.4
      vertex 99 145.57 7.30192
      vertex 98.6481 145.57 7.12836
    endloop
  endfacet
  facet normal 0 -1 0
    outer loop
      vertex 112.05 145.57 2.4
      vertex 98.6481 145.57 7.12836
      vertex 98.2765 145.57 7.00222
    endloop
  endfacet
  facet normal 0 -1 0
    outer loop
      vertex 112.05 145.57 2.4
      vertex 98.2765 145.57 7.00222
      vertex 97.8916 145.57 6.92567
    endloop
  endfacet
  facet normal 0 -1 0
    outer loop
      vertex 100.272 145.57 8.75194
      vertex 112.05 145.57 2.4
      vertex 112.05 145.57 9
    endloop
  endfacet
  facet normal 0 -1 0
    outer loop
      vertex 97.5 145.57 6.9
      vertex 112.05 145.57 2.4
      vertex 97.8916 145.57 6.92567
    endloop
  endfacet
  facet normal 0 -1 0
    outer loop
      vertex 90.5 145.57 6.9
      vertex 112.05 145.57 2.4
      vertex 97.5 145.57 6.9
    endloop
  endfacet
  facet normal -0 0 1
    outer loop
      vertex 110.766 128.178 2.4
      vertex 110.8 91.2 2.4
      vertex 110.8 128.7 2.4
    endloop
  endfacet
  facet normal 0 0 1
    outer loop
      vertex 110.766 128.178 2.4
      vertex 110.766 91.7221 2.4
      vertex 110.8 91.2 2.4
    endloop
  endfacet
  facet normal -0 0 1
    outer loop
      vertex 110.664 127.665 2.4
      vertex 110.766 91.7221 2.4
      vertex 110.766 128.178 2.4
    endloop
  endfacet
  facet normal 0 0 1
    outer loop
      vertex 110.664 127.665 2.4
      vertex 110.664 92.2353 2.4
      vertex 110.766 91.7221 2.4
    endloop
  endfacet
  facet normal -0 0 1
    outer loop
      vertex 110.496 127.169 2.4
      vertex 110.664 92.2353 2.4
      vertex 110.664 127.665 2.4
    endloop
  endfacet
  facet normal 0 0 1
    outer loop
      vertex 110.496 127.169 2.4
      vertex 110.496 92.7307 2.4
      vertex 110.664 92.2353 2.4
    endloop
  endfacet
  facet normal -0 0 1
    outer loop
      vertex 110.264 126.7 2.4
      vertex 110.496 92.7307 2.4
      vertex 110.496 127.169 2.4
    endloop
  endfacet
  facet normal 0 0 1
    outer loop
      vertex 110.264 126.7 2.4
      vertex 110.264 93.2 2.4
      vertex 110.496 92.7307 2.4
    endloop
  endfacet
  facet normal -0 0 1
    outer loop
      vertex 109.973 126.265 2.4
      vertex 110.264 93.2 2.4
      vertex 110.264 126.7 2.4
    endloop
  endfacet
  facet normal 0 0 1
    outer loop
      vertex 109.973 126.265 2.4
      vertex 109.973 93.635 2.4
      vertex 110.264 93.2 2.4
    endloop
  endfacet
  facet normal -0 0 1
    outer loop
      vertex 109.628 125.872 2.4
      vertex 109.973 93.635 2.4
      vertex 109.973 126.265 2.4
    endloop
  endfacet
  facet normal 0 0 1
    outer loop
      vertex 109.628 125.872 2.4
      vertex 109.628 94.0284 2.4
      vertex 109.973 93.635 2.4
    endloop
  endfacet
  facet normal -0 0 1
    outer loop
      vertex 109.235 125.527 2.4
      vertex 109.628 94.0284 2.4
      vertex 109.628 125.872 2.4
    endloop
  endfacet
  facet normal 0 0 1
    outer loop
      vertex 109.235 125.527 2.4
      vertex 109.235 94.3734 2.4
      vertex 109.628 94.0284 2.4
    endloop
  endfacet
  facet normal -0 0 1
    outer loop
      vertex 108.8 125.236 2.4
      vertex 109.235 94.3734 2.4
      vertex 109.235 125.527 2.4
    endloop
  endfacet
  facet normal 0 0 1
    outer loop
      vertex 108.8 125.236 2.4
      vertex 108.8 94.6641 2.4
      vertex 109.235 94.3734 2.4
    endloop
  endfacet
  facet normal -0 0 1
    outer loop
      vertex 108.331 125.004 2.4
      vertex 108.8 94.6641 2.4
      vertex 108.8 125.236 2.4
    endloop
  endfacet
  facet normal 0 0 1
    outer loop
      vertex 108.331 125.004 2.4
      vertex 108.331 94.8955 2.4
      vertex 108.8 94.6641 2.4
    endloop
  endfacet
  facet normal -0 0 1
    outer loop
      vertex 107.835 124.836 2.4
      vertex 108.331 94.8955 2.4
      vertex 108.331 125.004 2.4
    endloop
  endfacet
  facet normal 0 0 1
    outer loop
      vertex 107.835 124.836 2.4
      vertex 107.835 95.0637 2.4
      vertex 108.331 94.8955 2.4
    endloop
  endfacet
  facet normal -0 0 1
    outer loop
      vertex 107.322 124.734 2.4
      vertex 107.835 95.0637 2.4
      vertex 107.835 124.836 2.4
    endloop
  endfacet
  facet normal 0 0 1
    outer loop
      vertex 107.322 124.734 2.4
      vertex 107.322 95.1658 2.4
      vertex 107.835 95.0637 2.4
    endloop
  endfacet
  facet normal -0 0 1
    outer loop
      vertex 106.8 124.7 2.4
      vertex 107.322 95.1658 2.4
      vertex 107.322 124.734 2.4
    endloop
  endfacet
  facet normal 0 0 1
    outer loop
      vertex 106.8 124.7 2.4
      vertex 106.8 95.2 2.4
      vertex 107.322 95.1658 2.4
    endloop
  endfacet
  facet normal 0 0 1
    outer loop
      vertex 106.278 124.734 2.4
      vertex 106.8 95.2 2.4
      vertex 106.8 124.7 2.4
    endloop
  endfacet
  facet normal 0 0 1
    outer loop
      vertex 106.278 124.734 2.4
      vertex 106.278 95.1658 2.4
      vertex 106.8 95.2 2.4
    endloop
  endfacet
  facet normal 0 0 1
    outer loop
      vertex 105.765 124.836 2.4
      vertex 106.278 95.1658 2.4
      vertex 106.278 124.734 2.4
    endloop
  endfacet
  facet normal 0 0 1
    outer loop
      vertex 105.765 124.836 2.4
      vertex 105.765 95.0637 2.4
      vertex 106.278 95.1658 2.4
    endloop
  endfacet
  facet normal 0 0 1
    outer loop
      vertex 105.269 125.004 2.4
      vertex 105.765 95.0637 2.4
      vertex 105.765 124.836 2.4
    endloop
  endfacet
  facet normal 0 0 1
    outer loop
      vertex 105.269 125.004 2.4
      vertex 105.269 94.8955 2.4
      vertex 105.765 95.0637 2.4
    endloop
  endfacet
  facet normal 0 0 1
    outer loop
      vertex 104.8 125.236 2.4
      vertex 105.269 94.8955 2.4
      vertex 105.269 125.004 2.4
    endloop
  endfacet
  facet normal 0 0 1
    outer loop
      vertex 104.8 125.236 2.4
      vertex 104.8 94.6641 2.4
      vertex 105.269 94.8955 2.4
    endloop
  endfacet
  facet normal 0 0 1
    outer loop
      vertex 104.365 125.527 2.4
      vertex 104.8 94.6641 2.4
      vertex 104.8 125.236 2.4
    endloop
  endfacet
  facet normal 0 0 1
    outer loop
      vertex 104.365 125.527 2.4
      vertex 104.365 94.3734 2.4
      vertex 104.8 94.6641 2.4
    endloop
  endfacet
  facet normal 0 0 1
    outer loop
      vertex 103.972 125.872 2.4
      vertex 104.365 94.3734 2.4
      vertex 104.365 125.527 2.4
    endloop
  endfacet
  facet normal 0 0 1
    outer loop
      vertex 103.972 125.872 2.4
      vertex 103.972 94.0284 2.4
      vertex 104.365 94.3734 2.4
    endloop
  endfacet
  facet normal 0 0 1
    outer loop
      vertex 103.627 126.265 2.4
      vertex 103.972 94.0284 2.4
      vertex 103.972 125.872 2.4
    endloop
  endfacet
  facet normal 0 0 1
    outer loop
      vertex 103.627 126.265 2.4
      vertex 103.627 93.635 2.4
      vertex 103.972 94.0284 2.4
    endloop
  endfacet
  facet normal 0 0 1
    outer loop
      vertex 103.336 126.7 2.4
      vertex 103.627 93.635 2.4
      vertex 103.627 126.265 2.4
    endloop
  endfacet
  facet normal 0 0 1
    outer loop
      vertex 103.336 126.7 2.4
      vertex 103.336 93.2 2.4
      vertex 103.627 93.635 2.4
    endloop
  endfacet
  facet normal 0 0 1
    outer loop
      vertex 103.104 127.169 2.4
      vertex 103.336 93.2 2.4
      vertex 103.336 126.7 2.4
    endloop
  endfacet
  facet normal 0 0 1
    outer loop
      vertex 103.104 127.169 2.4
      vertex 103.104 92.7307 2.4
      vertex 103.336 93.2 2.4
    endloop
  endfacet
  facet normal 0 0 1
    outer loop
      vertex 22.4658 119.478 2.4
      vertex 103.104 127.169 2.4
      vertex 102.936 127.665 2.4
    endloop
  endfacet
  facet normal 0 0 1
    outer loop
      vertex 103.104 127.169 2.4
      vertex 22.3637 118.965 2.4
      vertex 103.104 92.7307 2.4
    endloop
  endfacet
  facet normal 0 0 1
    outer loop
      vertex 22.5 120 2.4
      vertex 102.936 127.665 2.4
      vertex 102.834 128.178 2.4
    endloop
  endfacet
  facet normal 0 0 1
    outer loop
      vertex 103.104 92.7307 2.4
      vertex 22.3637 118.965 2.4
      vertex 102.936 92.2353 2.4
    endloop
  endfacet
  facet normal 0 0 1
    outer loop
      vertex 22.4658 120.522 2.4
      vertex 102.834 128.178 2.4
      vertex 102.8 128.7 2.4
    endloop
  endfacet
  facet normal -0 0 1
    outer loop
      vertex 22.1955 118.469 2.4
      vertex 102.936 92.2353 2.4
      vertex 22.3637 118.965 2.4
    endloop
  endfacet
  facet normal -0 0 1
    outer loop
      vertex 110.8 91.2 2.4
      vertex 112.05 7.91946 2.4
      vertex 112.05 145.57 2.4
    endloop
  endfacet
  facet normal 0 0 1
    outer loop
      vertex 110.8 91.2 2.4
      vertex 112.05 145.57 2.4
      vertex 110.8 128.7 2.4
    endloop
  endfacet
  facet normal 0 0 1
    outer loop
      vertex 112.05 145.57 2.4
      vertex 110.766 129.222 2.4
      vertex 110.8 128.7 2.4
    endloop
  endfacet
  facet normal 0 0 1
    outer loop
      vertex 112.05 145.57 2.4
      vertex 110.664 129.735 2.4
      vertex 110.766 129.222 2.4
    endloop
  endfacet
  facet normal 0 0 1
    outer loop
      vertex 112.05 145.57 2.4
      vertex 110.496 130.231 2.4
      vertex 110.664 129.735 2.4
    endloop
  endfacet
  facet normal 0 0 1
    outer loop
      vertex 112.05 145.57 2.4
      vertex 110.264 130.7 2.4
      vertex 110.496 130.231 2.4
    endloop
  endfacet
  facet normal 0 0 1
    outer loop
      vertex 112.05 145.57 2.4
      vertex 109.973 131.135 2.4
      vertex 110.264 130.7 2.4
    endloop
  endfacet
  facet normal 0 0 1
    outer loop
      vertex 112.05 145.57 2.4
      vertex 109.628 131.528 2.4
      vertex 109.973 131.135 2.4
    endloop
  endfacet
  facet normal 0 0 1
    outer loop
      vertex 112.05 145.57 2.4
      vertex 109.235 131.873 2.4
      vertex 109.628 131.528 2.4
    endloop
  endfacet
  facet normal 0 0 1
    outer loop
      vertex 112.05 145.57 2.4
      vertex 108.8 132.164 2.4
      vertex 109.235 131.873 2.4
    endloop
  endfacet
  facet normal 0 0 1
    outer loop
      vertex 112.05 145.57 2.4
      vertex 108.331 132.396 2.4
      vertex 108.8 132.164 2.4
    endloop
  endfacet
  facet normal 0 0 1
    outer loop
      vertex 112.05 145.57 2.4
      vertex 107.835 132.564 2.4
      vertex 108.331 132.396 2.4
    endloop
  endfacet
  facet normal 0 0 1
    outer loop
      vertex 112.05 145.57 2.4
      vertex 107.322 132.666 2.4
      vertex 107.835 132.564 2.4
    endloop
  endfacet
  facet normal 0 0 1
    outer loop
      vertex 112.05 145.57 2.4
      vertex 106.8 132.7 2.4
      vertex 107.322 132.666 2.4
    endloop
  endfacet
  facet normal 0 0 1
    outer loop
      vertex 112.05 145.57 2.4
      vertex 106.278 132.666 2.4
      vertex 106.8 132.7 2.4
    endloop
  endfacet
  facet normal 0 0 1
    outer loop
      vertex 112.05 145.57 2.4
      vertex 105.765 132.564 2.4
      vertex 106.278 132.666 2.4
    endloop
  endfacet
  facet normal 0 0 1
    outer loop
      vertex 112.05 145.57 2.4
      vertex 105.269 132.396 2.4
      vertex 105.765 132.564 2.4
    endloop
  endfacet
  facet normal 0 0 1
    outer loop
      vertex 112.05 145.57 2.4
      vertex 104.8 132.164 2.4
      vertex 105.269 132.396 2.4
    endloop
  endfacet
  facet normal 0 0 1
    outer loop
      vertex 112.05 145.57 2.4
      vertex 104.365 131.873 2.4
      vertex 104.8 132.164 2.4
    endloop
  endfacet
  facet normal 0 0 1
    outer loop
      vertex 112.05 145.57 2.4
      vertex 103.972 131.528 2.4
      vertex 104.365 131.873 2.4
    endloop
  endfacet
  facet normal 0 0 1
    outer loop
      vertex 112.05 145.57 2.4
      vertex 103.627 131.135 2.4
      vertex 103.972 131.528 2.4
    endloop
  endfacet
  facet normal 0 0 1
    outer loop
      vertex 20.935 123.173 2.4
      vertex 103.627 131.135 2.4
      vertex 112.05 145.57 2.4
    endloop
  endfacet
  facet normal 0 0 1
    outer loop
      vertex 102.936 92.2353 2.4
      vertex 22.1955 118.469 2.4
      vertex 102.834 91.7221 2.4
    endloop
  endfacet
  facet normal 0 0 1
    outer loop
      vertex 102.8 91.2 2.4
      vertex 101.529 51.3263 2.4
      vertex 101.55 51 2.4
    endloop
  endfacet
  facet normal 0 0 1
    outer loop
      vertex 102.8 91.2 2.4
      vertex 101.465 51.647 2.4
      vertex 101.529 51.3263 2.4
    endloop
  endfacet
  facet normal 0 0 1
    outer loop
      vertex 102.8 91.2 2.4
      vertex 101.36 51.9567 2.4
      vertex 101.465 51.647 2.4
    endloop
  endfacet
  facet normal 0 0 1
    outer loop
      vertex 102.8 91.2 2.4
      vertex 101.215 52.25 2.4
      vertex 101.36 51.9567 2.4
    endloop
  endfacet
  facet normal 0 0 1
    outer loop
      vertex 102.8 91.2 2.4
      vertex 101.033 52.5219 2.4
      vertex 101.215 52.25 2.4
    endloop
  endfacet
  facet normal 0 0 1
    outer loop
      vertex 102.8 91.2 2.4
      vertex 100.818 52.7678 2.4
      vertex 101.033 52.5219 2.4
    endloop
  endfacet
  facet normal 0 0 1
    outer loop
      vertex 102.8 91.2 2.4
      vertex 100.572 52.9834 2.4
      vertex 100.818 52.7678 2.4
    endloop
  endfacet
  facet normal 0 0 1
    outer loop
      vertex 102.8 91.2 2.4
      vertex 100.3 53.1651 2.4
      vertex 100.572 52.9834 2.4
    endloop
  endfacet
  facet normal 0 0 1
    outer loop
      vertex 102.8 91.2 2.4
      vertex 100.007 53.3097 2.4
      vertex 100.3 53.1651 2.4
    endloop
  endfacet
  facet normal 0 0 1
    outer loop
      vertex 102.8 91.2 2.4
      vertex 99.697 53.4148 2.4
      vertex 100.007 53.3097 2.4
    endloop
  endfacet
  facet normal 0 0 1
    outer loop
      vertex 102.8 91.2 2.4
      vertex 99.3763 53.4786 2.4
      vertex 99.697 53.4148 2.4
    endloop
  endfacet
  facet normal 0 0 1
    outer loop
      vertex 102.8 91.2 2.4
      vertex 99.05 53.5 2.4
      vertex 99.3763 53.4786 2.4
    endloop
  endfacet
  facet normal 0 0 1
    outer loop
      vertex 102.8 91.2 2.4
      vertex 98.7237 53.4786 2.4
      vertex 99.05 53.5 2.4
    endloop
  endfacet
  facet normal 0 0 1
    outer loop
      vertex 102.8 91.2 2.4
      vertex 98.403 53.4148 2.4
      vertex 98.7237 53.4786 2.4
    endloop
  endfacet
  facet normal 0 0 1
    outer loop
      vertex 102.8 91.2 2.4
      vertex 98.0933 53.3097 2.4
      vertex 98.403 53.4148 2.4
    endloop
  endfacet
  facet normal 0 0 1
    outer loop
      vertex 102.8 91.2 2.4
      vertex 97.8 53.1651 2.4
      vertex 98.0933 53.3097 2.4
    endloop
  endfacet
  facet normal 0 0 1
    outer loop
      vertex 22.3637 121.035 2.4
      vertex 102.8 128.7 2.4
      vertex 102.834 129.222 2.4
    endloop
  endfacet
  facet normal 0 0 1
    outer loop
      vertex 102.8 91.2 2.4
      vertex 97.5281 52.9834 2.4
      vertex 97.8 53.1651 2.4
    endloop
  endfacet
  facet normal 0 -0 1
    outer loop
      vertex 36.8178 52.7678 2.4
      vertex 102.8 91.2 2.4
      vertex 36.5719 52.9834 2.4
    endloop
  endfacet
  facet normal 0 0 1
    outer loop
      vertex 102.8 91.2 2.4
      vertex 97.2822 52.7678 2.4
      vertex 97.5281 52.9834 2.4
    endloop
  endfacet
  facet normal 0 -0 1
    outer loop
      vertex 37.0334 52.5219 2.4
      vertex 102.8 91.2 2.4
      vertex 36.8178 52.7678 2.4
    endloop
  endfacet
  facet normal 0 0 1
    outer loop
      vertex 102.8 91.2 2.4
      vertex 97.0666 52.5219 2.4
      vertex 97.2822 52.7678 2.4
    endloop
  endfacet
  facet normal 0 0 1
    outer loop
      vertex 102.8 91.2 2.4
      vertex 37.0334 52.5219 2.4
      vertex 97.0666 52.5219 2.4
    endloop
  endfacet
  facet normal 0 0 1
    outer loop
      vertex 97.0666 52.5219 2.4
      vertex 37.0334 52.5219 2.4
      vertex 96.8849 52.25 2.4
    endloop
  endfacet
  facet normal 0 0 1
    outer loop
      vertex 97.0666 49.4781 2.4
      vertex 37.0334 49.4781 2.4
      vertex 97.0666 8.5219 2.4
    endloop
  endfacet
  facet normal 0 0 1
    outer loop
      vertex 96.5714 51.3263 2.4
      vertex 37.55 51 2.4
      vertex 96.55 51 2.4
    endloop
  endfacet
  facet normal 0 -0 1
    outer loop
      vertex 37.2151 52.25 2.4
      vertex 96.8849 52.25 2.4
      vertex 37.0334 52.5219 2.4
    endloop
  endfacet
  facet normal 0 0 1
    outer loop
      vertex 22.1955 121.531 2.4
      vertex 102.834 129.222 2.4
      vertex 102.936 129.735 2.4
    endloop
  endfacet
  facet normal 0 0 1
    outer loop
      vertex 21.9641 122 2.4
      vertex 102.936 129.735 2.4
      vertex 103.104 130.231 2.4
    endloop
  endfacet
  facet normal 0 0 1
    outer loop
      vertex 21.6734 122.435 2.4
      vertex 103.104 130.231 2.4
      vertex 103.336 130.7 2.4
    endloop
  endfacet
  facet normal 0 -0 1
    outer loop
      vertex 21.3284 122.828 2.4
      vertex 103.627 131.135 2.4
      vertex 20.935 123.173 2.4
    endloop
  endfacet
  facet normal 0 0 1
    outer loop
      vertex 96.5714 51.3263 2.4
      vertex 37.5286 51.3263 2.4
      vertex 37.55 51 2.4
    endloop
  endfacet
  facet normal 0 0 1
    outer loop
      vertex 96.5714 51.3263 2.4
      vertex 37.4648 51.647 2.4
      vertex 37.5286 51.3263 2.4
    endloop
  endfacet
  facet normal 0 0 1
    outer loop
      vertex 96.6352 51.647 2.4
      vertex 37.4648 51.647 2.4
      vertex 96.5714 51.3263 2.4
    endloop
  endfacet
  facet normal 0 -0 1
    outer loop
      vertex 37.4648 51.647 2.4
      vertex 96.6352 51.647 2.4
      vertex 37.3597 51.9567 2.4
    endloop
  endfacet
  facet normal 0 0 1
    outer loop
      vertex 96.7403 51.9567 2.4
      vertex 37.3597 51.9567 2.4
      vertex 96.6352 51.647 2.4
    endloop
  endfacet
  facet normal 0 -0 1
    outer loop
      vertex 37.3597 51.9567 2.4
      vertex 96.7403 51.9567 2.4
      vertex 37.2151 52.25 2.4
    endloop
  endfacet
  facet normal 0 0 1
    outer loop
      vertex 102.834 91.7221 2.4
      vertex 21.9641 118 2.4
      vertex 102.8 91.2 2.4
    endloop
  endfacet
  facet normal 0 0 1
    outer loop
      vertex 96.8849 52.25 2.4
      vertex 37.2151 52.25 2.4
      vertex 96.7403 51.9567 2.4
    endloop
  endfacet
  facet normal -0 0 1
    outer loop
      vertex 21.6734 117.565 2.4
      vertex 102.8 91.2 2.4
      vertex 21.9641 118 2.4
    endloop
  endfacet
  facet normal 0 0 1
    outer loop
      vertex 102.8 91.2 2.4
      vertex 36.3 53.1651 2.4
      vertex 36.5719 52.9834 2.4
    endloop
  endfacet
  facet normal 0 0 1
    outer loop
      vertex 102.8 91.2 2.4
      vertex 21.6734 117.565 2.4
      vertex 36.3 53.1651 2.4
    endloop
  endfacet
  facet normal 0 0 1
    outer loop
      vertex 36.3 53.1651 2.4
      vertex 21.6734 117.565 2.4
      vertex 36.0067 53.3097 2.4
    endloop
  endfacet
  facet normal -0 0 1
    outer loop
      vertex 11.3 91.2 2.4
      vertex 36.0067 53.3097 2.4
      vertex 21.6734 117.565 2.4
    endloop
  endfacet
  facet normal -0 0 1
    outer loop
      vertex 11.2658 90.6779 2.4
      vertex 36.0067 53.3097 2.4
      vertex 11.3 91.2 2.4
    endloop
  endfacet
  facet normal 0 0 1
    outer loop
      vertex 36.0067 53.3097 2.4
      vertex 11.2658 90.6779 2.4
      vertex 35.697 53.4148 2.4
    endloop
  endfacet
  facet normal -0 0 1
    outer loop
      vertex 11.1637 90.1647 2.4
      vertex 35.697 53.4148 2.4
      vertex 11.2658 90.6779 2.4
    endloop
  endfacet
  facet normal 0 0 1
    outer loop
      vertex 35.697 53.4148 2.4
      vertex 11.1637 90.1647 2.4
      vertex 35.3763 53.4786 2.4
    endloop
  endfacet
  facet normal 0 0 1
    outer loop
      vertex 35.3763 53.4786 2.4
      vertex 11.1637 90.1647 2.4
      vertex 35.05 53.5 2.4
    endloop
  endfacet
  facet normal -0 0 1
    outer loop
      vertex 10.9955 89.6693 2.4
      vertex 35.05 53.5 2.4
      vertex 11.1637 90.1647 2.4
    endloop
  endfacet
  facet normal 0 0 1
    outer loop
      vertex 32.8849 8.25 2.4
      vertex 26 11 2.4
      vertex 32.7403 7.95671 2.4
    endloop
  endfacet
  facet normal 0 0 1
    outer loop
      vertex 6.26472 87.3363 2.4
      vertex 32.55 51 2.4
      vertex 32.5714 51.3263 2.4
    endloop
  endfacet
  facet normal 0 0 1
    outer loop
      vertex 34.7237 53.4786 2.4
      vertex 10.7641 89.2 2.4
      vertex 34.403 53.4148 2.4
    endloop
  endfacet
  facet normal -0 0 1
    outer loop
      vertex 10.7641 89.2 2.4
      vertex 34.7237 53.4786 2.4
      vertex 10.9955 89.6693 2.4
    endloop
  endfacet
  facet normal 0 0 1
    outer loop
      vertex 35.05 53.5 2.4
      vertex 10.9955 89.6693 2.4
      vertex 34.7237 53.4786 2.4
    endloop
  endfacet
  facet normal -0 0 1
    outer loop
      vertex 21.9641 118 2.4
      vertex 102.834 91.7221 2.4
      vertex 22.1955 118.469 2.4
    endloop
  endfacet
  facet normal 0 0 1
    outer loop
      vertex 103.104 127.169 2.4
      vertex 22.4658 119.478 2.4
      vertex 22.3637 118.965 2.4
    endloop
  endfacet
  facet normal 0 0 1
    outer loop
      vertex 102.936 127.665 2.4
      vertex 22.5 120 2.4
      vertex 22.4658 119.478 2.4
    endloop
  endfacet
  facet normal 0 0 1
    outer loop
      vertex 102.834 128.178 2.4
      vertex 22.4658 120.522 2.4
      vertex 22.5 120 2.4
    endloop
  endfacet
  facet normal 0 0 1
    outer loop
      vertex 102.8 128.7 2.4
      vertex 22.3637 121.035 2.4
      vertex 22.4658 120.522 2.4
    endloop
  endfacet
  facet normal 0 0 1
    outer loop
      vertex 102.834 129.222 2.4
      vertex 22.1955 121.531 2.4
      vertex 22.3637 121.035 2.4
    endloop
  endfacet
  facet normal 0 0 1
    outer loop
      vertex 102.936 129.735 2.4
      vertex 21.9641 122 2.4
      vertex 22.1955 121.531 2.4
    endloop
  endfacet
  facet normal 0 0 1
    outer loop
      vertex 103.104 130.231 2.4
      vertex 21.6734 122.435 2.4
      vertex 21.9641 122 2.4
    endloop
  endfacet
  facet normal 0 0 1
    outer loop
      vertex 103.336 130.7 2.4
      vertex 21.3284 122.828 2.4
      vertex 21.6734 122.435 2.4
    endloop
  endfacet
  facet normal 0 0 1
    outer loop
      vertex 103.627 131.135 2.4
      vertex 21.3284 122.828 2.4
      vertex 103.336 130.7 2.4
    endloop
  endfacet
  facet normal -0 0 1
    outer loop
      vertex 2 145.57 2.4
      vertex 20.935 123.173 2.4
      vertex 112.05 145.57 2.4
    endloop
  endfacet
  facet normal 0 0 1
    outer loop
      vertex 20.935 123.173 2.4
      vertex 2 145.57 2.4
      vertex 20.5 123.464 2.4
    endloop
  endfacet
  facet normal 0 0 1
    outer loop
      vertex 20.5 123.464 2.4
      vertex 2 145.57 2.4
      vertex 20.0307 123.696 2.4
    endloop
  endfacet
  facet normal 0 0 1
    outer loop
      vertex 20.0307 123.696 2.4
      vertex 2 145.57 2.4
      vertex 19.5353 123.864 2.4
    endloop
  endfacet
  facet normal 0 0 1
    outer loop
      vertex 19.5353 123.864 2.4
      vertex 2 145.57 2.4
      vertex 19.0221 123.966 2.4
    endloop
  endfacet
  facet normal 0 0 1
    outer loop
      vertex 19.0221 123.966 2.4
      vertex 2 145.57 2.4
      vertex 18.5 124 2.4
    endloop
  endfacet
  facet normal 0 0 1
    outer loop
      vertex 18.5 124 2.4
      vertex 2 145.57 2.4
      vertex 17.9779 123.966 2.4
    endloop
  endfacet
  facet normal 0 0 1
    outer loop
      vertex 7.08737 10.9615 2.4
      vertex 14 16.3 2.4
      vertex 14 18 2.4
    endloop
  endfacet
  facet normal 0 0 1
    outer loop
      vertex 14 16.3 2.4
      vertex 8.22207 10.6575 2.4
      vertex 14 12.7 2.4
    endloop
  endfacet
  facet normal 0 0 1
    outer loop
      vertex 33.5281 52.9834 2.4
      vertex 9.3 87.7359 2.4
      vertex 33.2822 52.7678 2.4
    endloop
  endfacet
  facet normal -0 0 1
    outer loop
      vertex 9.3 87.7359 2.4
      vertex 33.5281 52.9834 2.4
      vertex 9.73505 88.0266 2.4
    endloop
  endfacet
  facet normal 0 0 1
    outer loop
      vertex 2 145.57 2.4
      vertex 14.5 120 2.4
      vertex 14.5342 120.522 2.4
    endloop
  endfacet
  facet normal 0 0 1
    outer loop
      vertex 14.5342 119.478 2.4
      vertex 11.2658 91.7221 2.4
      vertex 11.3 91.2 2.4
    endloop
  endfacet
  facet normal 0 0 1
    outer loop
      vertex 14.5342 119.478 2.4
      vertex 11.1637 92.2353 2.4
      vertex 11.2658 91.7221 2.4
    endloop
  endfacet
  facet normal 0 0 1
    outer loop
      vertex 14.5342 119.478 2.4
      vertex 10.9955 92.7307 2.4
      vertex 11.1637 92.2353 2.4
    endloop
  endfacet
  facet normal 0 0 1
    outer loop
      vertex 14.5342 119.478 2.4
      vertex 10.7641 93.2 2.4
      vertex 10.9955 92.7307 2.4
    endloop
  endfacet
  facet normal 0 0 1
    outer loop
      vertex 14.5342 119.478 2.4
      vertex 10.4734 93.635 2.4
      vertex 10.7641 93.2 2.4
    endloop
  endfacet
  facet normal 0 0 1
    outer loop
      vertex 14.5342 119.478 2.4
      vertex 10.1284 94.0284 2.4
      vertex 10.4734 93.635 2.4
    endloop
  endfacet
  facet normal 0 0 1
    outer loop
      vertex 14.5342 119.478 2.4
      vertex 9.73505 94.3734 2.4
      vertex 10.1284 94.0284 2.4
    endloop
  endfacet
  facet normal 0 0 1
    outer loop
      vertex 14.5342 119.478 2.4
      vertex 9.3 94.6641 2.4
      vertex 9.73505 94.3734 2.4
    endloop
  endfacet
  facet normal 0 0 1
    outer loop
      vertex 2 145.57 2.4
      vertex 14.5342 120.522 2.4
      vertex 14.6363 121.035 2.4
    endloop
  endfacet
  facet normal 0 0 1
    outer loop
      vertex 14.5342 119.478 2.4
      vertex 8.83073 94.8955 2.4
      vertex 9.3 94.6641 2.4
    endloop
  endfacet
  facet normal 0 0 1
    outer loop
      vertex 14.5342 119.478 2.4
      vertex 8.33528 95.0637 2.4
      vertex 8.83073 94.8955 2.4
    endloop
  endfacet
  facet normal 0 0 1
    outer loop
      vertex 14.5342 119.478 2.4
      vertex 7.8221 95.1658 2.4
      vertex 8.33528 95.0637 2.4
    endloop
  endfacet
  facet normal 0 0 1
    outer loop
      vertex 14.5342 119.478 2.4
      vertex 7.3 95.2 2.4
      vertex 7.8221 95.1658 2.4
    endloop
  endfacet
  facet normal 0 0 1
    outer loop
      vertex 14.5342 119.478 2.4
      vertex 6.77789 95.1658 2.4
      vertex 7.3 95.2 2.4
    endloop
  endfacet
  facet normal 0 0 1
    outer loop
      vertex 14.5342 119.478 2.4
      vertex 6.26472 95.0637 2.4
      vertex 6.77789 95.1658 2.4
    endloop
  endfacet
  facet normal 0 0 1
    outer loop
      vertex 14.5342 119.478 2.4
      vertex 5.76927 94.8955 2.4
      vertex 6.26472 95.0637 2.4
    endloop
  endfacet
  facet normal 0 0 1
    outer loop
      vertex 14.5342 119.478 2.4
      vertex 5.3 94.6641 2.4
      vertex 5.76927 94.8955 2.4
    endloop
  endfacet
  facet normal 0 0 1
    outer loop
      vertex 2 145.57 2.4
      vertex 14.6363 121.035 2.4
      vertex 14.8045 121.531 2.4
    endloop
  endfacet
  facet normal 0 0 1
    outer loop
      vertex 14.5342 119.478 2.4
      vertex 4.86495 94.3734 2.4
      vertex 5.3 94.6641 2.4
    endloop
  endfacet
  facet normal 0 0 1
    outer loop
      vertex 14.5342 119.478 2.4
      vertex 4.47157 94.0284 2.4
      vertex 4.86495 94.3734 2.4
    endloop
  endfacet
  facet normal 0 0 1
    outer loop
      vertex 14.5 120 2.4
      vertex 2 145.57 2.4
      vertex 4.47157 94.0284 2.4
    endloop
  endfacet
  facet normal 0 0 1
    outer loop
      vertex 4.47157 94.0284 2.4
      vertex 2 145.57 2.4
      vertex 4.12659 93.635 2.4
    endloop
  endfacet
  facet normal 0 0 1
    outer loop
      vertex 4.12659 93.635 2.4
      vertex 2 145.57 2.4
      vertex 3.8359 93.2 2.4
    endloop
  endfacet
  facet normal 0 0 1
    outer loop
      vertex 17.9779 123.966 2.4
      vertex 2 145.57 2.4
      vertex 17.4647 123.864 2.4
    endloop
  endfacet
  facet normal 0 0 1
    outer loop
      vertex 2 145.57 2.4
      vertex 16.9693 123.696 2.4
      vertex 17.4647 123.864 2.4
    endloop
  endfacet
  facet normal 0 0 1
    outer loop
      vertex 2 145.57 2.4
      vertex 16.5 123.464 2.4
      vertex 16.9693 123.696 2.4
    endloop
  endfacet
  facet normal 0 0 1
    outer loop
      vertex 2 145.57 2.4
      vertex 16.065 123.173 2.4
      vertex 16.5 123.464 2.4
    endloop
  endfacet
  facet normal 0 0 1
    outer loop
      vertex 2 145.57 2.4
      vertex 15.6716 122.828 2.4
      vertex 16.065 123.173 2.4
    endloop
  endfacet
  facet normal 0 0 1
    outer loop
      vertex 2 145.57 2.4
      vertex 15.3266 122.435 2.4
      vertex 15.6716 122.828 2.4
    endloop
  endfacet
  facet normal 0 0 1
    outer loop
      vertex 2 145.57 2.4
      vertex 15.0359 122 2.4
      vertex 15.3266 122.435 2.4
    endloop
  endfacet
  facet normal 0 0 1
    outer loop
      vertex 2 145.57 2.4
      vertex 14.8045 121.531 2.4
      vertex 15.0359 122 2.4
    endloop
  endfacet
  facet normal 0 0 1
    outer loop
      vertex 3.8359 93.2 2.4
      vertex 2 145.57 2.4
      vertex 3.60448 92.7307 2.4
    endloop
  endfacet
  facet normal 0 0 1
    outer loop
      vertex 2 145.57 2.4
      vertex 3.4363 92.2353 2.4
      vertex 3.60448 92.7307 2.4
    endloop
  endfacet
  facet normal 0 0 1
    outer loop
      vertex 2 145.57 2.4
      vertex 3.33422 91.7221 2.4
      vertex 3.4363 92.2353 2.4
    endloop
  endfacet
  facet normal 0 0 1
    outer loop
      vertex 2 145.57 2.4
      vertex 3.3 91.2 2.4
      vertex 3.33422 91.7221 2.4
    endloop
  endfacet
  facet normal 0 0 1
    outer loop
      vertex 2 7.91946 2.4
      vertex 3.3 91.2 2.4
      vertex 2 145.57 2.4
    endloop
  endfacet
  facet normal 0 0 1
    outer loop
      vertex 3.3 91.2 2.4
      vertex 2 7.91946 2.4
      vertex 2.92991 9.23943 2.4
    endloop
  endfacet
  facet normal -0 0 1
    outer loop
      vertex 110.766 90.6779 2.4
      vertex 112.05 7.91946 2.4
      vertex 110.8 91.2 2.4
    endloop
  endfacet
  facet normal -0 0 1
    outer loop
      vertex 110.664 90.1647 2.4
      vertex 112.05 7.91946 2.4
      vertex 110.766 90.6779 2.4
    endloop
  endfacet
  facet normal -0 0 1
    outer loop
      vertex 110.496 89.6693 2.4
      vertex 112.05 7.91946 2.4
      vertex 110.664 90.1647 2.4
    endloop
  endfacet
  facet normal -0 0 1
    outer loop
      vertex 101.55 51 2.4
      vertex 112.05 7.91946 2.4
      vertex 110.496 89.6693 2.4
    endloop
  endfacet
  facet normal -0 0 1
    outer loop
      vertex 101.529 50.6737 2.4
      vertex 112.05 7.91946 2.4
      vertex 101.55 51 2.4
    endloop
  endfacet
  facet normal 0 0 1
    outer loop
      vertex 112.05 7.91946 2.4
      vertex 101.529 50.6737 2.4
      vertex 111.12 9.23943 2.4
    endloop
  endfacet
  facet normal 0 0 1
    outer loop
      vertex 101.55 51 2.4
      vertex 110.496 89.6693 2.4
      vertex 110.264 89.2 2.4
    endloop
  endfacet
  facet normal 0 0 1
    outer loop
      vertex 101.55 51 2.4
      vertex 110.264 89.2 2.4
      vertex 109.973 88.765 2.4
    endloop
  endfacet
  facet normal -0 0 1
    outer loop
      vertex 101.465 50.353 2.4
      vertex 111.12 9.23943 2.4
      vertex 101.529 50.6737 2.4
    endloop
  endfacet
  facet normal 0 0 1
    outer loop
      vertex 101.55 51 2.4
      vertex 109.973 88.765 2.4
      vertex 109.628 88.3716 2.4
    endloop
  endfacet
  facet normal 0 0 1
    outer loop
      vertex 111.12 9.23943 2.4
      vertex 101.465 50.353 2.4
      vertex 110.732 9.68198 2.4
    endloop
  endfacet
  facet normal 0 0 1
    outer loop
      vertex 101.55 51 2.4
      vertex 109.628 88.3716 2.4
      vertex 109.235 88.0266 2.4
    endloop
  endfacet
  facet normal 0 0 1
    outer loop
      vertex 101.55 51 2.4
      vertex 109.235 88.0266 2.4
      vertex 108.8 87.7359 2.4
    endloop
  endfacet
  facet normal -0 0 1
    outer loop
      vertex 101.36 50.0433 2.4
      vertex 110.732 9.68198 2.4
      vertex 101.465 50.353 2.4
    endloop
  endfacet
  facet normal 0 0 1
    outer loop
      vertex 101.55 51 2.4
      vertex 108.8 87.7359 2.4
      vertex 108.331 87.5045 2.4
    endloop
  endfacet
  facet normal 0 0 1
    outer loop
      vertex 110.732 9.68198 2.4
      vertex 101.36 50.0433 2.4
      vertex 110.289 10.0701 2.4
    endloop
  endfacet
  facet normal 0 0 1
    outer loop
      vertex 101.55 51 2.4
      vertex 108.331 87.5045 2.4
      vertex 107.835 87.3363 2.4
    endloop
  endfacet
  facet normal -0 0 1
    outer loop
      vertex 101.215 49.75 2.4
      vertex 110.289 10.0701 2.4
      vertex 101.36 50.0433 2.4
    endloop
  endfacet
  facet normal 0 0 1
    outer loop
      vertex 101.55 51 2.4
      vertex 107.835 87.3363 2.4
      vertex 107.322 87.2342 2.4
    endloop
  endfacet
  facet normal 0 0 1
    outer loop
      vertex 110.289 10.0701 2.4
      vertex 101.215 49.75 2.4
      vertex 109.8 10.3971 2.4
    endloop
  endfacet
  facet normal 0 0 1
    outer loop
      vertex 101.55 51 2.4
      vertex 107.322 87.2342 2.4
      vertex 106.8 87.2 2.4
    endloop
  endfacet
  facet normal -0 0 1
    outer loop
      vertex 101.033 49.4781 2.4
      vertex 109.8 10.3971 2.4
      vertex 101.215 49.75 2.4
    endloop
  endfacet
  facet normal 0 0 1
    outer loop
      vertex 101.55 51 2.4
      vertex 106.8 87.2 2.4
      vertex 106.278 87.2342 2.4
    endloop
  endfacet
  facet normal 0 0 1
    outer loop
      vertex 109.8 10.3971 2.4
      vertex 101.033 49.4781 2.4
      vertex 109.272 10.6575 2.4
    endloop
  endfacet
  facet normal 0 0 1
    outer loop
      vertex 101.55 51 2.4
      vertex 106.278 87.2342 2.4
      vertex 105.765 87.3363 2.4
    endloop
  endfacet
  facet normal -0 0 1
    outer loop
      vertex 100.818 49.2322 2.4
      vertex 109.272 10.6575 2.4
      vertex 101.033 49.4781 2.4
    endloop
  endfacet
  facet normal 0 0 1
    outer loop
      vertex 101.55 51 2.4
      vertex 105.765 87.3363 2.4
      vertex 105.269 87.5045 2.4
    endloop
  endfacet
  facet normal 0 0 1
    outer loop
      vertex 109.272 10.6575 2.4
      vertex 100.818 49.2322 2.4
      vertex 108.715 10.8467 2.4
    endloop
  endfacet
  facet normal 0 0 1
    outer loop
      vertex 101.55 51 2.4
      vertex 105.269 87.5045 2.4
      vertex 104.8 87.7359 2.4
    endloop
  endfacet
  facet normal -0 0 1
    outer loop
      vertex 100.572 49.0166 2.4
      vertex 108.715 10.8467 2.4
      vertex 100.818 49.2322 2.4
    endloop
  endfacet
  facet normal 0 0 1
    outer loop
      vertex 101.55 51 2.4
      vertex 104.8 87.7359 2.4
      vertex 104.365 88.0266 2.4
    endloop
  endfacet
  facet normal 0 0 1
    outer loop
      vertex 108.715 10.8467 2.4
      vertex 100.572 49.0166 2.4
      vertex 108.137 10.9615 2.4
    endloop
  endfacet
  facet normal 0 0 1
    outer loop
      vertex 101.55 51 2.4
      vertex 104.365 88.0266 2.4
      vertex 103.972 88.3716 2.4
    endloop
  endfacet
  facet normal -0 0 1
    outer loop
      vertex 100.3 48.8349 2.4
      vertex 108.137 10.9615 2.4
      vertex 100.572 49.0166 2.4
    endloop
  endfacet
  facet normal 0 0 1
    outer loop
      vertex 101.55 51 2.4
      vertex 103.972 88.3716 2.4
      vertex 103.627 88.765 2.4
    endloop
  endfacet
  facet normal 0 0 1
    outer loop
      vertex 108.137 10.9615 2.4
      vertex 100.3 48.8349 2.4
      vertex 107.55 11 2.4
    endloop
  endfacet
  facet normal 0 0 1
    outer loop
      vertex 101.55 51 2.4
      vertex 103.627 88.765 2.4
      vertex 103.336 89.2 2.4
    endloop
  endfacet
  facet normal -0 0 1
    outer loop
      vertex 100.007 48.6903 2.4
      vertex 107.55 11 2.4
      vertex 100.3 48.8349 2.4
    endloop
  endfacet
  facet normal 0 0 1
    outer loop
      vertex 101.55 51 2.4
      vertex 103.336 89.2 2.4
      vertex 103.104 89.6693 2.4
    endloop
  endfacet
  facet normal 0 0 1
    outer loop
      vertex 107.55 11 2.4
      vertex 100.007 48.6903 2.4
      vertex 106.963 10.9615 2.4
    endloop
  endfacet
  facet normal -0 0 1
    outer loop
      vertex 99.697 48.5852 2.4
      vertex 106.963 10.9615 2.4
      vertex 100.007 48.6903 2.4
    endloop
  endfacet
  facet normal 0 0 1
    outer loop
      vertex 101.55 51 2.4
      vertex 103.104 89.6693 2.4
      vertex 102.936 90.1647 2.4
    endloop
  endfacet
  facet normal 0 0 1
    outer loop
      vertex 101.55 51 2.4
      vertex 102.936 90.1647 2.4
      vertex 102.834 90.6779 2.4
    endloop
  endfacet
  facet normal 0 0 1
    outer loop
      vertex 101.55 51 2.4
      vertex 102.834 90.6779 2.4
      vertex 102.8 91.2 2.4
    endloop
  endfacet
  facet normal -0 0 1
    outer loop
      vertex 99.3763 48.5214 2.4
      vertex 106.963 10.9615 2.4
      vertex 99.697 48.5852 2.4
    endloop
  endfacet
  facet normal 0 0 1
    outer loop
      vertex 106.963 10.9615 2.4
      vertex 99.3763 48.5214 2.4
      vertex 106.385 10.8467 2.4
    endloop
  endfacet
  facet normal -0 0 1
    outer loop
      vertex 101.529 6.67368 2.4
      vertex 103.05 6.5 2.4
      vertex 101.55 7 2.4
    endloop
  endfacet
  facet normal 0 0 1
    outer loop
      vertex 101.465 6.35295 2.4
      vertex 103.05 6.5 2.4
      vertex 101.529 6.67368 2.4
    endloop
  endfacet
  facet normal 0 0 1
    outer loop
      vertex 103.05 6.5 2.4
      vertex 101.465 6.35295 2.4
      vertex 103.089 5.91263 2.4
    endloop
  endfacet
  facet normal -0 0 1
    outer loop
      vertex 101.36 6.04329 2.4
      vertex 103.089 5.91263 2.4
      vertex 101.465 6.35295 2.4
    endloop
  endfacet
  facet normal 0 0 1
    outer loop
      vertex 101.215 5.75 2.4
      vertex 103.089 5.91263 2.4
      vertex 101.36 6.04329 2.4
    endloop
  endfacet
  facet normal 0 0 1
    outer loop
      vertex 103.089 5.91263 2.4
      vertex 101.215 5.75 2.4
      vertex 103.203 5.33531 2.4
    endloop
  endfacet
  facet normal -0 0 1
    outer loop
      vertex 101.033 5.4781 2.4
      vertex 103.203 5.33531 2.4
      vertex 101.215 5.75 2.4
    endloop
  endfacet
  facet normal 0 0 1
    outer loop
      vertex 103.203 5.33531 2.4
      vertex 101.033 5.4781 2.4
      vertex 103.393 4.77792 2.4
    endloop
  endfacet
  facet normal -0 0 1
    outer loop
      vertex 100.818 5.23223 2.4
      vertex 103.393 4.77792 2.4
      vertex 101.033 5.4781 2.4
    endloop
  endfacet
  facet normal -0 0 1
    outer loop
      vertex 100.572 5.01662 2.4
      vertex 103.393 4.77792 2.4
      vertex 100.818 5.23223 2.4
    endloop
  endfacet
  facet normal 0 0 1
    outer loop
      vertex 103.393 4.77792 2.4
      vertex 100.572 5.01662 2.4
      vertex 103.653 4.25 2.4
    endloop
  endfacet
  facet normal -0 0 1
    outer loop
      vertex 100.3 4.83494 2.4
      vertex 103.653 4.25 2.4
      vertex 100.572 5.01662 2.4
    endloop
  endfacet
  facet normal 0 0 1
    outer loop
      vertex 103.653 4.25 2.4
      vertex 100.3 4.83494 2.4
      vertex 103.98 3.76057 2.4
    endloop
  endfacet
  facet normal -0 0 1
    outer loop
      vertex 100.007 4.6903 2.4
      vertex 103.98 3.76057 2.4
      vertex 100.3 4.83494 2.4
    endloop
  endfacet
  facet normal 0 0 1
    outer loop
      vertex 103.98 3.76057 2.4
      vertex 100.007 4.6903 2.4
      vertex 104.368 3.31802 2.4
    endloop
  endfacet
  facet normal -0 0 1
    outer loop
      vertex 99.697 4.58519 2.4
      vertex 104.368 3.31802 2.4
      vertex 100.007 4.6903 2.4
    endloop
  endfacet
  facet normal -0 0 1
    outer loop
      vertex 99.3763 4.52139 2.4
      vertex 104.368 3.31802 2.4
      vertex 99.697 4.58519 2.4
    endloop
  endfacet
  facet normal 0 0 1
    outer loop
      vertex 104.368 3.31802 2.4
      vertex 99.3763 4.52139 2.4
      vertex 104.811 2.92991 2.4
    endloop
  endfacet
  facet normal -0 0 1
    outer loop
      vertex 99.05 4.5 2.4
      vertex 104.811 2.92991 2.4
      vertex 99.3763 4.52139 2.4
    endloop
  endfacet
  facet normal 0 0 1
    outer loop
      vertex 104.811 2.92991 2.4
      vertex 99.05 4.5 2.4
      vertex 106.131 2 2.4
    endloop
  endfacet
  facet normal 0 0 1
    outer loop
      vertex 98.7237 4.52139 2.4
      vertex 106.131 2 2.4
      vertex 99.05 4.5 2.4
    endloop
  endfacet
  facet normal 0 0 1
    outer loop
      vertex 98.403 4.58519 2.4
      vertex 106.131 2 2.4
      vertex 98.7237 4.52139 2.4
    endloop
  endfacet
  facet normal 0 0 1
    outer loop
      vertex 37.0334 8.5219 2.4
      vertex 97.0666 8.5219 2.4
      vertex 37.0334 49.4781 2.4
    endloop
  endfacet
  facet normal 0 0 1
    outer loop
      vertex 97.0666 8.5219 2.4
      vertex 37.0334 8.5219 2.4
      vertex 96.8849 8.25 2.4
    endloop
  endfacet
  facet normal 0 -0 1
    outer loop
      vertex 37.2151 8.25 2.4
      vertex 96.8849 8.25 2.4
      vertex 37.0334 8.5219 2.4
    endloop
  endfacet
  facet normal 0 0 1
    outer loop
      vertex 96.8849 8.25 2.4
      vertex 37.2151 8.25 2.4
      vertex 96.7403 7.95671 2.4
    endloop
  endfacet
  facet normal 0 -0 1
    outer loop
      vertex 37.4648 7.64705 2.4
      vertex 96.6352 7.64705 2.4
      vertex 37.3597 7.95671 2.4
    endloop
  endfacet
  facet normal 0 0 1
    outer loop
      vertex 96.6352 7.64705 2.4
      vertex 37.4648 7.64705 2.4
      vertex 96.5714 7.32631 2.4
    endloop
  endfacet
  facet normal 0 -0 1
    outer loop
      vertex 37.5286 7.32631 2.4
      vertex 96.5714 7.32631 2.4
      vertex 37.4648 7.64705 2.4
    endloop
  endfacet
  facet normal 0 0 1
    outer loop
      vertex 96.5714 7.32631 2.4
      vertex 37.5286 7.32631 2.4
      vertex 96.55 7 2.4
    endloop
  endfacet
  facet normal 0 0 1
    outer loop
      vertex 37.2151 5.75 2.4
      vertex 96.8849 5.75 2.4
      vertex 37.3597 6.04329 2.4
    endloop
  endfacet
  facet normal 0 0 1
    outer loop
      vertex 96.8849 5.75 2.4
      vertex 37.2151 5.75 2.4
      vertex 97.0666 5.4781 2.4
    endloop
  endfacet
  facet normal 0 0 1
    outer loop
      vertex 37.0334 5.4781 2.4
      vertex 97.0666 5.4781 2.4
      vertex 37.2151 5.75 2.4
    endloop
  endfacet
  facet normal 0 0 1
    outer loop
      vertex 97.0666 5.4781 2.4
      vertex 37.0334 5.4781 2.4
      vertex 97.2822 5.23223 2.4
    endloop
  endfacet
  facet normal 0 0 1
    outer loop
      vertex 36.8178 5.23223 2.4
      vertex 97.2822 5.23223 2.4
      vertex 37.0334 5.4781 2.4
    endloop
  endfacet
  facet normal 0 0 1
    outer loop
      vertex 97.2822 5.23223 2.4
      vertex 36.8178 5.23223 2.4
      vertex 97.5281 5.01662 2.4
    endloop
  endfacet
  facet normal 0 0 1
    outer loop
      vertex 36.5719 5.01662 2.4
      vertex 97.5281 5.01662 2.4
      vertex 36.8178 5.23223 2.4
    endloop
  endfacet
  facet normal 0 0 1
    outer loop
      vertex 97.5281 5.01662 2.4
      vertex 36.5719 5.01662 2.4
      vertex 97.8 4.83494 2.4
    endloop
  endfacet
  facet normal 0 0 1
    outer loop
      vertex 36.3 4.83494 2.4
      vertex 97.8 4.83494 2.4
      vertex 36.5719 5.01662 2.4
    endloop
  endfacet
  facet normal 0 0 1
    outer loop
      vertex 97.8 4.83494 2.4
      vertex 36.3 4.83494 2.4
      vertex 98.0933 4.6903 2.4
    endloop
  endfacet
  facet normal 0 0 1
    outer loop
      vertex 36.0067 4.6903 2.4
      vertex 98.0933 4.6903 2.4
      vertex 36.3 4.83494 2.4
    endloop
  endfacet
  facet normal 0 0 1
    outer loop
      vertex 98.0933 4.6903 2.4
      vertex 36.0067 4.6903 2.4
      vertex 98.403 4.58519 2.4
    endloop
  endfacet
  facet normal 0 0 1
    outer loop
      vertex 35.697 4.58519 2.4
      vertex 98.403 4.58519 2.4
      vertex 36.0067 4.6903 2.4
    endloop
  endfacet
  facet normal 0 0 1
    outer loop
      vertex 98.403 4.58519 2.4
      vertex 35.697 4.58519 2.4
      vertex 106.131 2 2.4
    endloop
  endfacet
  facet normal -0 0 1
    outer loop
      vertex 35.3763 4.52139 2.4
      vertex 106.131 2 2.4
      vertex 35.697 4.58519 2.4
    endloop
  endfacet
  facet normal -0 0 1
    outer loop
      vertex 35.05 4.5 2.4
      vertex 106.131 2 2.4
      vertex 35.3763 4.52139 2.4
    endloop
  endfacet
  facet normal 0 0 1
    outer loop
      vertex 32.7403 7.95671 2.4
      vertex 26 11 2.4
      vertex 32.6352 7.64705 2.4
    endloop
  endfacet
  facet normal 0 0 1
    outer loop
      vertex 32.6352 7.64705 2.4
      vertex 26 11 2.4
      vertex 32.5714 7.32631 2.4
    endloop
  endfacet
  facet normal 0 0 1
    outer loop
      vertex 32.5714 7.32631 2.4
      vertex 26 11 2.4
      vertex 32.55 7 2.4
    endloop
  endfacet
  facet normal 0 0 1
    outer loop
      vertex 32.55 7 2.4
      vertex 26 11 2.4
      vertex 32.5714 6.67368 2.4
    endloop
  endfacet
  facet normal 0 0 1
    outer loop
      vertex 32.5714 6.67368 2.4
      vertex 26 11 2.4
      vertex 32.6352 6.35295 2.4
    endloop
  endfacet
  facet normal 0 0 1
    outer loop
      vertex 32.6352 6.35295 2.4
      vertex 26 11 2.4
      vertex 32.7403 6.04329 2.4
    endloop
  endfacet
  facet normal 0 0 1
    outer loop
      vertex 32.7403 6.04329 2.4
      vertex 26 11 2.4
      vertex 32.8849 5.75 2.4
    endloop
  endfacet
  facet normal 0 0 1
    outer loop
      vertex 10.3971 4.25 2.4
      vertex 32.8849 5.75 2.4
      vertex 26 11 2.4
    endloop
  endfacet
  facet normal 0 0 1
    outer loop
      vertex 32.8849 5.75 2.4
      vertex 10.3971 4.25 2.4
      vertex 33.0666 5.4781 2.4
    endloop
  endfacet
  facet normal 0 0 1
    outer loop
      vertex 10.0701 3.76057 2.4
      vertex 33.0666 5.4781 2.4
      vertex 10.3971 4.25 2.4
    endloop
  endfacet
  facet normal 0 0 1
    outer loop
      vertex 10.9615 5.91263 2.4
      vertex 26 11 2.4
      vertex 14 11 2.4
    endloop
  endfacet
  facet normal 0 0 1
    outer loop
      vertex 10.6575 4.77792 2.4
      vertex 26 11 2.4
      vertex 10.8467 5.33531 2.4
    endloop
  endfacet
  facet normal 0 0 1
    outer loop
      vertex 10.3971 4.25 2.4
      vertex 26 11 2.4
      vertex 10.6575 4.77792 2.4
    endloop
  endfacet
  facet normal 0 0 1
    outer loop
      vertex 33.0666 5.4781 2.4
      vertex 10.0701 3.76057 2.4
      vertex 33.2822 5.23223 2.4
    endloop
  endfacet
  facet normal -0 0 1
    outer loop
      vertex 8.83073 87.5045 2.4
      vertex 33.2822 52.7678 2.4
      vertex 9.3 87.7359 2.4
    endloop
  endfacet
  facet normal 0 0 1
    outer loop
      vertex 33.2822 52.7678 2.4
      vertex 8.83073 87.5045 2.4
      vertex 33.0666 52.5219 2.4
    endloop
  endfacet
  facet normal -0 0 1
    outer loop
      vertex 8.33528 87.3363 2.4
      vertex 33.0666 52.5219 2.4
      vertex 8.83073 87.5045 2.4
    endloop
  endfacet
  facet normal 0 0 1
    outer loop
      vertex 10.9615 5.91263 2.4
      vertex 14 11 2.4
      vertex 11 6.5 2.4
    endloop
  endfacet
  facet normal 0 0 1
    outer loop
      vertex 26 11 2.4
      vertex 10.9615 5.91263 2.4
      vertex 10.8467 5.33531 2.4
    endloop
  endfacet
  facet normal 0 0 1
    outer loop
      vertex 33.2822 5.23223 2.4
      vertex 10.0701 3.76057 2.4
      vertex 33.5281 5.01662 2.4
    endloop
  endfacet
  facet normal 0 0 1
    outer loop
      vertex 9.68198 3.31802 2.4
      vertex 33.5281 5.01662 2.4
      vertex 10.0701 3.76057 2.4
    endloop
  endfacet
  facet normal 0 0 1
    outer loop
      vertex 33.5281 5.01662 2.4
      vertex 9.68198 3.31802 2.4
      vertex 33.8 4.83494 2.4
    endloop
  endfacet
  facet normal 0 0 1
    outer loop
      vertex 9.23943 2.92991 2.4
      vertex 33.8 4.83494 2.4
      vertex 9.68198 3.31802 2.4
    endloop
  endfacet
  facet normal 0 0 1
    outer loop
      vertex 33.8 4.83494 2.4
      vertex 9.23943 2.92991 2.4
      vertex 34.0933 4.6903 2.4
    endloop
  endfacet
  facet normal 0 0 1
    outer loop
      vertex 7.91946 2 2.4
      vertex 34.0933 4.6903 2.4
      vertex 9.23943 2.92991 2.4
    endloop
  endfacet
  facet normal 0 0 1
    outer loop
      vertex 34.0933 4.6903 2.4
      vertex 7.91946 2 2.4
      vertex 34.403 4.58519 2.4
    endloop
  endfacet
  facet normal 0 0 1
    outer loop
      vertex 34.403 4.58519 2.4
      vertex 7.91946 2 2.4
      vertex 34.7237 4.52139 2.4
    endloop
  endfacet
  facet normal 0 0 1
    outer loop
      vertex 34.7237 4.52139 2.4
      vertex 7.91946 2 2.4
      vertex 35.05 4.5 2.4
    endloop
  endfacet
  facet normal 0 0 1
    outer loop
      vertex 35.05 4.5 2.4
      vertex 7.91946 2 2.4
      vertex 106.131 2 2.4
    endloop
  endfacet
  facet normal 0 0 1
    outer loop
      vertex 33.0666 52.5219 2.4
      vertex 8.33528 87.3363 2.4
      vertex 32.8849 52.25 2.4
    endloop
  endfacet
  facet normal 0 0 1
    outer loop
      vertex 14 11 2.4
      vertex 10.9615 7.08737 2.4
      vertex 11 6.5 2.4
    endloop
  endfacet
  facet normal 0 0 1
    outer loop
      vertex 14 11 2.4
      vertex 10.8467 7.66469 2.4
      vertex 10.9615 7.08737 2.4
    endloop
  endfacet
  facet normal -0 0 1
    outer loop
      vertex 7.8221 87.2342 2.4
      vertex 32.8849 52.25 2.4
      vertex 8.33528 87.3363 2.4
    endloop
  endfacet
  facet normal 0 0 1
    outer loop
      vertex 14 11 2.4
      vertex 10.6575 8.22207 2.4
      vertex 10.8467 7.66469 2.4
    endloop
  endfacet
  facet normal 0 0 1
    outer loop
      vertex 32.8849 52.25 2.4
      vertex 7.8221 87.2342 2.4
      vertex 32.7403 51.9567 2.4
    endloop
  endfacet
  facet normal 0 0 1
    outer loop
      vertex 14 11 2.4
      vertex 10.3971 8.75 2.4
      vertex 10.6575 8.22207 2.4
    endloop
  endfacet
  facet normal -0 0 1
    outer loop
      vertex 7.3 87.2 2.4
      vertex 32.7403 51.9567 2.4
      vertex 7.8221 87.2342 2.4
    endloop
  endfacet
  facet normal 0 0 1
    outer loop
      vertex 14 11 2.4
      vertex 10.0701 9.23943 2.4
      vertex 10.3971 8.75 2.4
    endloop
  endfacet
  facet normal 0 0 1
    outer loop
      vertex 32.5714 50.6737 2.4
      vertex 14 18 2.4
      vertex 26 18 2.4
    endloop
  endfacet
  facet normal 0 0 1
    outer loop
      vertex 14 11 2.4
      vertex 9.68198 9.68198 2.4
      vertex 10.0701 9.23943 2.4
    endloop
  endfacet
  facet normal 0 0 1
    outer loop
      vertex 32.7403 51.9567 2.4
      vertex 7.3 87.2 2.4
      vertex 32.6352 51.647 2.4
    endloop
  endfacet
  facet normal 0 0 1
    outer loop
      vertex 14 12.7 2.4
      vertex 9.68198 9.68198 2.4
      vertex 14 11 2.4
    endloop
  endfacet
  facet normal 0 0 1
    outer loop
      vertex 6.77789 87.2342 2.4
      vertex 32.6352 51.647 2.4
      vertex 7.3 87.2 2.4
    endloop
  endfacet
  facet normal 0 -0 1
    outer loop
      vertex 9.68198 9.68198 2.4
      vertex 14 12.7 2.4
      vertex 9.23943 10.0701 2.4
    endloop
  endfacet
  facet normal 0 0 1
    outer loop
      vertex 32.6352 51.647 2.4
      vertex 6.77789 87.2342 2.4
      vertex 32.5714 51.3263 2.4
    endloop
  endfacet
  facet normal 0 -0 1
    outer loop
      vertex 9.23943 10.0701 2.4
      vertex 14 12.7 2.4
      vertex 8.75 10.3971 2.4
    endloop
  endfacet
  facet normal 0 0 1
    outer loop
      vertex 14 16.3 2.4
      vertex 7.08737 10.9615 2.4
      vertex 7.66469 10.8467 2.4
    endloop
  endfacet
  facet normal 0 0 1
    outer loop
      vertex 14 12.7 2.4
      vertex 8.22207 10.6575 2.4
      vertex 8.75 10.3971 2.4
    endloop
  endfacet
  facet normal 0 0 1
    outer loop
      vertex 6.26472 87.3363 2.4
      vertex 32.5714 51.3263 2.4
      vertex 6.77789 87.2342 2.4
    endloop
  endfacet
  facet normal 0 0 1
    outer loop
      vertex 14 16.3 2.4
      vertex 7.66469 10.8467 2.4
      vertex 8.22207 10.6575 2.4
    endloop
  endfacet
  facet normal 0 0 1
    outer loop
      vertex 32.55 51 2.4
      vertex 6.26472 87.3363 2.4
      vertex 14 18 2.4
    endloop
  endfacet
  facet normal 0 0 1
    outer loop
      vertex 14 18 2.4
      vertex 6.5 11 2.4
      vertex 7.08737 10.9615 2.4
    endloop
  endfacet
  facet normal 0 0 1
    outer loop
      vertex 5.76927 87.5045 2.4
      vertex 14 18 2.4
      vertex 6.26472 87.3363 2.4
    endloop
  endfacet
  facet normal 0 0 1
    outer loop
      vertex 14 18 2.4
      vertex 5.91263 10.9615 2.4
      vertex 6.5 11 2.4
    endloop
  endfacet
  facet normal 0 0 1
    outer loop
      vertex 5.3 87.7359 2.4
      vertex 14 18 2.4
      vertex 5.76927 87.5045 2.4
    endloop
  endfacet
  facet normal 0 0 1
    outer loop
      vertex 14 18 2.4
      vertex 5.33531 10.8467 2.4
      vertex 5.91263 10.9615 2.4
    endloop
  endfacet
  facet normal 0 0 1
    outer loop
      vertex 4.25 10.3971 2.4
      vertex 14 18 2.4
      vertex 5.3 87.7359 2.4
    endloop
  endfacet
  facet normal 0 0 1
    outer loop
      vertex 4.25 10.3971 2.4
      vertex 5.3 87.7359 2.4
      vertex 4.86495 88.0266 2.4
    endloop
  endfacet
  facet normal 0 0 1
    outer loop
      vertex 14 18 2.4
      vertex 4.77792 10.6575 2.4
      vertex 5.33531 10.8467 2.4
    endloop
  endfacet
  facet normal 0 0 1
    outer loop
      vertex 3.76057 10.0701 2.4
      vertex 4.86495 88.0266 2.4
      vertex 4.47157 88.3716 2.4
    endloop
  endfacet
  facet normal 0 0 1
    outer loop
      vertex 14 18 2.4
      vertex 4.25 10.3971 2.4
      vertex 4.77792 10.6575 2.4
    endloop
  endfacet
  facet normal 0 0 1
    outer loop
      vertex 3.31802 9.68198 2.4
      vertex 4.47157 88.3716 2.4
      vertex 4.12659 88.765 2.4
    endloop
  endfacet
  facet normal 0 0 1
    outer loop
      vertex 2.92991 9.23943 2.4
      vertex 4.12659 88.765 2.4
      vertex 3.8359 89.2 2.4
    endloop
  endfacet
  facet normal 0 0 1
    outer loop
      vertex 4.86495 88.0266 2.4
      vertex 3.76057 10.0701 2.4
      vertex 4.25 10.3971 2.4
    endloop
  endfacet
  facet normal 0 0 1
    outer loop
      vertex 2.92991 9.23943 2.4
      vertex 3.8359 89.2 2.4
      vertex 3.60448 89.6693 2.4
    endloop
  endfacet
  facet normal 0 0 1
    outer loop
      vertex 2.92991 9.23943 2.4
      vertex 3.60448 89.6693 2.4
      vertex 3.4363 90.1647 2.4
    endloop
  endfacet
  facet normal 0 0 1
    outer loop
      vertex 2.92991 9.23943 2.4
      vertex 3.4363 90.1647 2.4
      vertex 3.33422 90.6779 2.4
    endloop
  endfacet
  facet normal 0 0 1
    outer loop
      vertex 4.47157 88.3716 2.4
      vertex 3.31802 9.68198 2.4
      vertex 3.76057 10.0701 2.4
    endloop
  endfacet
  facet normal 0 0 1
    outer loop
      vertex 2.92991 9.23943 2.4
      vertex 3.33422 90.6779 2.4
      vertex 3.3 91.2 2.4
    endloop
  endfacet
  facet normal 0 0 1
    outer loop
      vertex 4.12659 88.765 2.4
      vertex 2.92991 9.23943 2.4
      vertex 3.31802 9.68198 2.4
    endloop
  endfacet
  facet normal -0 0 1
    outer loop
      vertex 14 16.3 2.4
      vertex 26 12.7 2.4
      vertex 26 16.3 2.4
    endloop
  endfacet
  facet normal 0 0 1
    outer loop
      vertex 26 12.7 2.4
      vertex 14 16.3 2.4
      vertex 14 12.7 2.4
    endloop
  endfacet
  facet normal 0 -0 1
    outer loop
      vertex 37.55 7 2.4
      vertex 96.55 7 2.4
      vertex 37.5286 7.32631 2.4
    endloop
  endfacet
  facet normal 0 0 1
    outer loop
      vertex 96.7403 6.04329 2.4
      vertex 37.3597 6.04329 2.4
      vertex 96.8849 5.75 2.4
    endloop
  endfacet
  facet normal 0 0 1
    outer loop
      vertex 96.55 7 2.4
      vertex 37.55 7 2.4
      vertex 96.5714 6.67368 2.4
    endloop
  endfacet
  facet normal 0 0 1
    outer loop
      vertex 37.3597 6.04329 2.4
      vertex 96.7403 6.04329 2.4
      vertex 37.4648 6.35295 2.4
    endloop
  endfacet
  facet normal 0 0 1
    outer loop
      vertex 37.5286 6.67368 2.4
      vertex 96.5714 6.67368 2.4
      vertex 37.55 7 2.4
    endloop
  endfacet
  facet normal 0 0 1
    outer loop
      vertex 96.6352 6.35295 2.4
      vertex 37.4648 6.35295 2.4
      vertex 96.7403 6.04329 2.4
    endloop
  endfacet
  facet normal 0 0 1
    outer loop
      vertex 96.5714 6.67368 2.4
      vertex 37.5286 6.67368 2.4
      vertex 96.6352 6.35295 2.4
    endloop
  endfacet
  facet normal 0 0 1
    outer loop
      vertex 37.4648 6.35295 2.4
      vertex 96.6352 6.35295 2.4
      vertex 37.5286 6.67368 2.4
    endloop
  endfacet
  facet normal 0 -0 1
    outer loop
      vertex 37.3597 7.95671 2.4
      vertex 96.7403 7.95671 2.4
      vertex 37.2151 8.25 2.4
    endloop
  endfacet
  facet normal 0 0 1
    outer loop
      vertex 96.7403 7.95671 2.4
      vertex 37.3597 7.95671 2.4
      vertex 96.6352 7.64705 2.4
    endloop
  endfacet
  facet normal -0 0 1
    outer loop
      vertex 36.8178 49.2322 2.4
      vertex 37.0334 8.5219 2.4
      vertex 37.0334 49.4781 2.4
    endloop
  endfacet
  facet normal 0 0 1
    outer loop
      vertex 36.8178 49.2322 2.4
      vertex 36.8178 8.76777 2.4
      vertex 37.0334 8.5219 2.4
    endloop
  endfacet
  facet normal -0 0 1
    outer loop
      vertex 36.5719 49.0166 2.4
      vertex 36.8178 8.76777 2.4
      vertex 36.8178 49.2322 2.4
    endloop
  endfacet
  facet normal 0 0 1
    outer loop
      vertex 36.5719 49.0166 2.4
      vertex 36.5719 8.98338 2.4
      vertex 36.8178 8.76777 2.4
    endloop
  endfacet
  facet normal -0 0 1
    outer loop
      vertex 36.3 48.8349 2.4
      vertex 36.5719 8.98338 2.4
      vertex 36.5719 49.0166 2.4
    endloop
  endfacet
  facet normal 0 0 1
    outer loop
      vertex 36.3 48.8349 2.4
      vertex 36.3 9.16506 2.4
      vertex 36.5719 8.98338 2.4
    endloop
  endfacet
  facet normal -0 0 1
    outer loop
      vertex 36.0067 48.6903 2.4
      vertex 36.3 9.16506 2.4
      vertex 36.3 48.8349 2.4
    endloop
  endfacet
  facet normal 0 0 1
    outer loop
      vertex 36.0067 48.6903 2.4
      vertex 36.0067 9.3097 2.4
      vertex 36.3 9.16506 2.4
    endloop
  endfacet
  facet normal 0 0 1
    outer loop
      vertex 26 18 2.4
      vertex 36.0067 48.6903 2.4
      vertex 35.697 48.5852 2.4
    endloop
  endfacet
  facet normal 0 0 1
    outer loop
      vertex 36.0067 48.6903 2.4
      vertex 26 18 2.4
      vertex 36.0067 9.3097 2.4
    endloop
  endfacet
  facet normal 0 0 1
    outer loop
      vertex 26 18 2.4
      vertex 35.697 48.5852 2.4
      vertex 35.3763 48.5214 2.4
    endloop
  endfacet
  facet normal 0 0 1
    outer loop
      vertex 36.0067 9.3097 2.4
      vertex 26 18 2.4
      vertex 35.697 9.41481 2.4
    endloop
  endfacet
  facet normal 0 0 1
    outer loop
      vertex 26 18 2.4
      vertex 35.3763 48.5214 2.4
      vertex 35.05 48.5 2.4
    endloop
  endfacet
  facet normal 0 0 1
    outer loop
      vertex 35.697 9.41481 2.4
      vertex 26 18 2.4
      vertex 35.3763 9.47861 2.4
    endloop
  endfacet
  facet normal 0 0 1
    outer loop
      vertex 26 18 2.4
      vertex 35.05 48.5 2.4
      vertex 34.7237 48.5214 2.4
    endloop
  endfacet
  facet normal 0 0 1
    outer loop
      vertex 35.3763 9.47861 2.4
      vertex 26 18 2.4
      vertex 35.05 9.5 2.4
    endloop
  endfacet
  facet normal 0 0 1
    outer loop
      vertex 26 18 2.4
      vertex 34.7237 48.5214 2.4
      vertex 34.403 48.5852 2.4
    endloop
  endfacet
  facet normal 0 0 1
    outer loop
      vertex 35.05 9.5 2.4
      vertex 26 18 2.4
      vertex 34.7237 9.47861 2.4
    endloop
  endfacet
  facet normal 0 0 1
    outer loop
      vertex 26 18 2.4
      vertex 34.403 48.5852 2.4
      vertex 34.0933 48.6903 2.4
    endloop
  endfacet
  facet normal -0 0 1
    outer loop
      vertex 26 16.3 2.4
      vertex 34.7237 9.47861 2.4
      vertex 26 18 2.4
    endloop
  endfacet
  facet normal 0 0 1
    outer loop
      vertex 26 18 2.4
      vertex 34.0933 48.6903 2.4
      vertex 33.8 48.8349 2.4
    endloop
  endfacet
  facet normal 0 0 1
    outer loop
      vertex 34.7237 9.47861 2.4
      vertex 26 16.3 2.4
      vertex 34.403 9.41481 2.4
    endloop
  endfacet
  facet normal 0 0 1
    outer loop
      vertex 26 18 2.4
      vertex 33.8 48.8349 2.4
      vertex 33.5281 49.0166 2.4
    endloop
  endfacet
  facet normal 0 0 1
    outer loop
      vertex 34.403 9.41481 2.4
      vertex 26 16.3 2.4
      vertex 34.0933 9.3097 2.4
    endloop
  endfacet
  facet normal 0 0 1
    outer loop
      vertex 26 18 2.4
      vertex 33.5281 49.0166 2.4
      vertex 33.2822 49.2322 2.4
    endloop
  endfacet
  facet normal -0 0 1
    outer loop
      vertex 26 12.7 2.4
      vertex 34.0933 9.3097 2.4
      vertex 26 16.3 2.4
    endloop
  endfacet
  facet normal 0 0 1
    outer loop
      vertex 26 18 2.4
      vertex 33.2822 49.2322 2.4
      vertex 33.0666 49.4781 2.4
    endloop
  endfacet
  facet normal 0 0 1
    outer loop
      vertex 34.0933 9.3097 2.4
      vertex 26 12.7 2.4
      vertex 33.8 9.16506 2.4
    endloop
  endfacet
  facet normal 0 0 1
    outer loop
      vertex 26 18 2.4
      vertex 33.0666 49.4781 2.4
      vertex 32.8849 49.75 2.4
    endloop
  endfacet
  facet normal 0 0 1
    outer loop
      vertex 33.8 9.16506 2.4
      vertex 26 12.7 2.4
      vertex 33.5281 8.98338 2.4
    endloop
  endfacet
  facet normal 0 0 1
    outer loop
      vertex 26 18 2.4
      vertex 32.8849 49.75 2.4
      vertex 32.7403 50.0433 2.4
    endloop
  endfacet
  facet normal 0 0 1
    outer loop
      vertex 33.5281 8.98338 2.4
      vertex 26 12.7 2.4
      vertex 33.2822 8.76777 2.4
    endloop
  endfacet
  facet normal 0 0 1
    outer loop
      vertex 26 18 2.4
      vertex 32.7403 50.0433 2.4
      vertex 32.6352 50.353 2.4
    endloop
  endfacet
  facet normal -0 0 1
    outer loop
      vertex 26 11 2.4
      vertex 33.2822 8.76777 2.4
      vertex 26 12.7 2.4
    endloop
  endfacet
  facet normal 0 0 1
    outer loop
      vertex 26 18 2.4
      vertex 32.6352 50.353 2.4
      vertex 32.5714 50.6737 2.4
    endloop
  endfacet
  facet normal 0 0 1
    outer loop
      vertex 33.2822 8.76777 2.4
      vertex 26 11 2.4
      vertex 33.0666 8.5219 2.4
    endloop
  endfacet
  facet normal 0 0 1
    outer loop
      vertex 14 18 2.4
      vertex 32.5714 50.6737 2.4
      vertex 32.55 51 2.4
    endloop
  endfacet
  facet normal 0 0 1
    outer loop
      vertex 33.0666 8.5219 2.4
      vertex 26 11 2.4
      vertex 32.8849 8.25 2.4
    endloop
  endfacet
  facet normal -0 0 1
    outer loop
      vertex 99.05 48.5 2.4
      vertex 106.385 10.8467 2.4
      vertex 99.3763 48.5214 2.4
    endloop
  endfacet
  facet normal 0 0 1
    outer loop
      vertex 103.089 7.08737 2.4
      vertex 101.55 7 2.4
      vertex 103.05 6.5 2.4
    endloop
  endfacet
  facet normal 0 0 1
    outer loop
      vertex 106.385 10.8467 2.4
      vertex 99.05 48.5 2.4
      vertex 105.828 10.6575 2.4
    endloop
  endfacet
  facet normal 0 -0 1
    outer loop
      vertex 101.55 7 2.4
      vertex 103.089 7.08737 2.4
      vertex 101.529 7.32631 2.4
    endloop
  endfacet
  facet normal 0 0 1
    outer loop
      vertex 99.05 9.5 2.4
      vertex 105.828 10.6575 2.4
      vertex 99.05 48.5 2.4
    endloop
  endfacet
  facet normal 0 0 1
    outer loop
      vertex 103.203 7.66469 2.4
      vertex 101.529 7.32631 2.4
      vertex 103.089 7.08737 2.4
    endloop
  endfacet
  facet normal 0 -0 1
    outer loop
      vertex 99.3763 9.47861 2.4
      vertex 105.828 10.6575 2.4
      vertex 99.05 9.5 2.4
    endloop
  endfacet
  facet normal 0 -0 1
    outer loop
      vertex 101.529 7.32631 2.4
      vertex 103.203 7.66469 2.4
      vertex 101.465 7.64705 2.4
    endloop
  endfacet
  facet normal 0 0 1
    outer loop
      vertex 105.3 10.3971 2.4
      vertex 99.697 9.41481 2.4
      vertex 104.811 10.0701 2.4
    endloop
  endfacet
  facet normal 0 -0 1
    outer loop
      vertex 101.465 7.64705 2.4
      vertex 103.203 7.66469 2.4
      vertex 101.36 7.95671 2.4
    endloop
  endfacet
  facet normal 0 -0 1
    outer loop
      vertex 101.36 7.95671 2.4
      vertex 103.393 8.22207 2.4
      vertex 101.215 8.25 2.4
    endloop
  endfacet
  facet normal 0 0 1
    outer loop
      vertex 103.393 8.22207 2.4
      vertex 101.36 7.95671 2.4
      vertex 103.203 7.66469 2.4
    endloop
  endfacet
  facet normal 0 -0 1
    outer loop
      vertex 101.215 8.25 2.4
      vertex 103.653 8.75 2.4
      vertex 101.033 8.5219 2.4
    endloop
  endfacet
  facet normal 0 0 1
    outer loop
      vertex 103.653 8.75 2.4
      vertex 101.215 8.25 2.4
      vertex 103.393 8.22207 2.4
    endloop
  endfacet
  facet normal 0 0 1
    outer loop
      vertex 103.98 9.23943 2.4
      vertex 100.818 8.76777 2.4
      vertex 103.653 8.75 2.4
    endloop
  endfacet
  facet normal 0 -0 1
    outer loop
      vertex 101.033 8.5219 2.4
      vertex 103.653 8.75 2.4
      vertex 100.818 8.76777 2.4
    endloop
  endfacet
  facet normal 0 0 1
    outer loop
      vertex 104.368 9.68198 2.4
      vertex 100.572 8.98338 2.4
      vertex 103.98 9.23943 2.4
    endloop
  endfacet
  facet normal 0 -0 1
    outer loop
      vertex 100.818 8.76777 2.4
      vertex 103.98 9.23943 2.4
      vertex 100.572 8.98338 2.4
    endloop
  endfacet
  facet normal 0 -0 1
    outer loop
      vertex 100.3 9.16506 2.4
      vertex 104.368 9.68198 2.4
      vertex 100.007 9.3097 2.4
    endloop
  endfacet
  facet normal 0 -0 1
    outer loop
      vertex 100.572 8.98338 2.4
      vertex 104.368 9.68198 2.4
      vertex 100.3 9.16506 2.4
    endloop
  endfacet
  facet normal 0 -0 1
    outer loop
      vertex 100.007 9.3097 2.4
      vertex 104.811 10.0701 2.4
      vertex 99.697 9.41481 2.4
    endloop
  endfacet
  facet normal 0 0 1
    outer loop
      vertex 104.811 10.0701 2.4
      vertex 100.007 9.3097 2.4
      vertex 104.368 9.68198 2.4
    endloop
  endfacet
  facet normal 0 0 1
    outer loop
      vertex 105.828 10.6575 2.4
      vertex 99.3763 9.47861 2.4
      vertex 105.3 10.3971 2.4
    endloop
  endfacet
  facet normal 0 -0 1
    outer loop
      vertex 99.697 9.41481 2.4
      vertex 105.3 10.3971 2.4
      vertex 99.3763 9.47861 2.4
    endloop
  endfacet
  facet normal 0 0 1
    outer loop
      vertex 98.7237 48.5214 2.4
      vertex 99.05 9.5 2.4
      vertex 99.05 48.5 2.4
    endloop
  endfacet
  facet normal 0 0 1
    outer loop
      vertex 98.7237 48.5214 2.4
      vertex 98.7237 9.47861 2.4
      vertex 99.05 9.5 2.4
    endloop
  endfacet
  facet normal 0 0 1
    outer loop
      vertex 98.403 48.5852 2.4
      vertex 98.7237 9.47861 2.4
      vertex 98.7237 48.5214 2.4
    endloop
  endfacet
  facet normal 0 0 1
    outer loop
      vertex 98.403 48.5852 2.4
      vertex 98.403 9.41481 2.4
      vertex 98.7237 9.47861 2.4
    endloop
  endfacet
  facet normal 0 0 1
    outer loop
      vertex 98.0933 48.6903 2.4
      vertex 98.403 9.41481 2.4
      vertex 98.403 48.5852 2.4
    endloop
  endfacet
  facet normal 0 0 1
    outer loop
      vertex 98.0933 48.6903 2.4
      vertex 98.0933 9.3097 2.4
      vertex 98.403 9.41481 2.4
    endloop
  endfacet
  facet normal 0 0 1
    outer loop
      vertex 97.8 48.8349 2.4
      vertex 98.0933 9.3097 2.4
      vertex 98.0933 48.6903 2.4
    endloop
  endfacet
  facet normal 0 0 1
    outer loop
      vertex 97.8 48.8349 2.4
      vertex 97.8 9.16506 2.4
      vertex 98.0933 9.3097 2.4
    endloop
  endfacet
  facet normal 0 0 1
    outer loop
      vertex 97.5281 49.0166 2.4
      vertex 97.8 9.16506 2.4
      vertex 97.8 48.8349 2.4
    endloop
  endfacet
  facet normal 0 0 1
    outer loop
      vertex 97.5281 49.0166 2.4
      vertex 97.5281 8.98338 2.4
      vertex 97.8 9.16506 2.4
    endloop
  endfacet
  facet normal 0 0 1
    outer loop
      vertex 97.2822 49.2322 2.4
      vertex 97.5281 8.98338 2.4
      vertex 97.5281 49.0166 2.4
    endloop
  endfacet
  facet normal 0 0 1
    outer loop
      vertex 97.2822 49.2322 2.4
      vertex 97.2822 8.76777 2.4
      vertex 97.5281 8.98338 2.4
    endloop
  endfacet
  facet normal 0 0 1
    outer loop
      vertex 97.0666 49.4781 2.4
      vertex 97.2822 8.76777 2.4
      vertex 97.2822 49.2322 2.4
    endloop
  endfacet
  facet normal 0 0 1
    outer loop
      vertex 97.0666 49.4781 2.4
      vertex 97.0666 8.5219 2.4
      vertex 97.2822 8.76777 2.4
    endloop
  endfacet
  facet normal 0 0 1
    outer loop
      vertex 37.3597 50.0433 2.4
      vertex 96.7403 50.0433 2.4
      vertex 37.4648 50.353 2.4
    endloop
  endfacet
  facet normal 0 0 1
    outer loop
      vertex 96.7403 50.0433 2.4
      vertex 37.3597 50.0433 2.4
      vertex 96.8849 49.75 2.4
    endloop
  endfacet
  facet normal 0 0 1
    outer loop
      vertex 37.4648 50.353 2.4
      vertex 96.6352 50.353 2.4
      vertex 37.5286 50.6737 2.4
    endloop
  endfacet
  facet normal 0 0 1
    outer loop
      vertex 96.6352 50.353 2.4
      vertex 37.4648 50.353 2.4
      vertex 96.7403 50.0433 2.4
    endloop
  endfacet
  facet normal 0 0 1
    outer loop
      vertex 96.5714 50.6737 2.4
      vertex 37.5286 50.6737 2.4
      vertex 96.6352 50.353 2.4
    endloop
  endfacet
  facet normal 0 0 1
    outer loop
      vertex 37.2151 49.75 2.4
      vertex 96.8849 49.75 2.4
      vertex 37.3597 50.0433 2.4
    endloop
  endfacet
  facet normal 0 0 1
    outer loop
      vertex 37.5286 50.6737 2.4
      vertex 96.5714 50.6737 2.4
      vertex 37.55 51 2.4
    endloop
  endfacet
  facet normal 0 0 1
    outer loop
      vertex 96.8849 49.75 2.4
      vertex 37.2151 49.75 2.4
      vertex 97.0666 49.4781 2.4
    endloop
  endfacet
  facet normal -0 0 1
    outer loop
      vertex 37.55 51 2.4
      vertex 96.5714 50.6737 2.4
      vertex 96.55 51 2.4
    endloop
  endfacet
  facet normal 0 0 1
    outer loop
      vertex 37.0334 49.4781 2.4
      vertex 97.0666 49.4781 2.4
      vertex 37.2151 49.75 2.4
    endloop
  endfacet
  facet normal -0 0 1
    outer loop
      vertex 10.4734 88.765 2.4
      vertex 34.403 53.4148 2.4
      vertex 10.7641 89.2 2.4
    endloop
  endfacet
  facet normal 0 0 1
    outer loop
      vertex 34.403 53.4148 2.4
      vertex 10.4734 88.765 2.4
      vertex 34.0933 53.3097 2.4
    endloop
  endfacet
  facet normal -0 0 1
    outer loop
      vertex 10.1284 88.3716 2.4
      vertex 34.0933 53.3097 2.4
      vertex 10.4734 88.765 2.4
    endloop
  endfacet
  facet normal 0 0 1
    outer loop
      vertex 34.0933 53.3097 2.4
      vertex 10.1284 88.3716 2.4
      vertex 33.8 53.1651 2.4
    endloop
  endfacet
  facet normal 0 0 1
    outer loop
      vertex 33.8 53.1651 2.4
      vertex 9.73505 88.0266 2.4
      vertex 33.5281 52.9834 2.4
    endloop
  endfacet
  facet normal 0 0 1
    outer loop
      vertex 11.3 91.2 2.4
      vertex 21.6734 117.565 2.4
      vertex 21.3284 117.172 2.4
    endloop
  endfacet
  facet normal 0 0 1
    outer loop
      vertex 11.3 91.2 2.4
      vertex 21.3284 117.172 2.4
      vertex 20.935 116.827 2.4
    endloop
  endfacet
  facet normal 0 0 1
    outer loop
      vertex 11.3 91.2 2.4
      vertex 20.935 116.827 2.4
      vertex 20.5 116.536 2.4
    endloop
  endfacet
  facet normal 0 0 1
    outer loop
      vertex 11.3 91.2 2.4
      vertex 20.5 116.536 2.4
      vertex 20.0307 116.304 2.4
    endloop
  endfacet
  facet normal 0 0 1
    outer loop
      vertex 11.3 91.2 2.4
      vertex 20.0307 116.304 2.4
      vertex 19.5353 116.136 2.4
    endloop
  endfacet
  facet normal 0 0 1
    outer loop
      vertex 11.3 91.2 2.4
      vertex 19.5353 116.136 2.4
      vertex 19.0221 116.034 2.4
    endloop
  endfacet
  facet normal 0 0 1
    outer loop
      vertex 11.3 91.2 2.4
      vertex 19.0221 116.034 2.4
      vertex 18.5 116 2.4
    endloop
  endfacet
  facet normal 0 0 1
    outer loop
      vertex 11.3 91.2 2.4
      vertex 18.5 116 2.4
      vertex 17.9779 116.034 2.4
    endloop
  endfacet
  facet normal 0 0 1
    outer loop
      vertex 11.3 91.2 2.4
      vertex 17.9779 116.034 2.4
      vertex 17.4647 116.136 2.4
    endloop
  endfacet
  facet normal 0 0 1
    outer loop
      vertex 11.3 91.2 2.4
      vertex 17.4647 116.136 2.4
      vertex 16.9693 116.304 2.4
    endloop
  endfacet
  facet normal 0 0 1
    outer loop
      vertex 11.3 91.2 2.4
      vertex 16.9693 116.304 2.4
      vertex 16.5 116.536 2.4
    endloop
  endfacet
  facet normal 0 0 1
    outer loop
      vertex 11.3 91.2 2.4
      vertex 16.5 116.536 2.4
      vertex 16.065 116.827 2.4
    endloop
  endfacet
  facet normal 0 0 1
    outer loop
      vertex 11.3 91.2 2.4
      vertex 16.065 116.827 2.4
      vertex 15.6716 117.172 2.4
    endloop
  endfacet
  facet normal 0 0 1
    outer loop
      vertex 11.3 91.2 2.4
      vertex 15.6716 117.172 2.4
      vertex 15.3266 117.565 2.4
    endloop
  endfacet
  facet normal 0 0 1
    outer loop
      vertex 11.3 91.2 2.4
      vertex 15.3266 117.565 2.4
      vertex 15.0359 118 2.4
    endloop
  endfacet
  facet normal 0 0 1
    outer loop
      vertex 11.3 91.2 2.4
      vertex 15.0359 118 2.4
      vertex 14.8045 118.469 2.4
    endloop
  endfacet
  facet normal 0 0 1
    outer loop
      vertex 11.3 91.2 2.4
      vertex 14.8045 118.469 2.4
      vertex 14.6363 118.965 2.4
    endloop
  endfacet
  facet normal 0 0 1
    outer loop
      vertex 11.3 91.2 2.4
      vertex 14.6363 118.965 2.4
      vertex 14.5342 119.478 2.4
    endloop
  endfacet
  facet normal -0 0 1
    outer loop
      vertex 9.73505 88.0266 2.4
      vertex 33.8 53.1651 2.4
      vertex 10.1284 88.3716 2.4
    endloop
  endfacet
  facet normal 0 0 1
    outer loop
      vertex 4.47157 94.0284 2.4
      vertex 14.5342 119.478 2.4
      vertex 14.5 120 2.4
    endloop
  endfacet
  facet normal 0 1 0
    outer loop
      vertex 106.131 2 9
      vertex 23.9658 2 8.47789
      vertex 24 2 9
    endloop
  endfacet
  facet normal 0 1 -0
    outer loop
      vertex 106.131 2 2.4
      vertex 23.9658 2 8.47789
      vertex 106.131 2 9
    endloop
  endfacet
  facet normal 0 1 0
    outer loop
      vertex 23.9658 2 8.47789
      vertex 106.131 2 2.4
      vertex 23.8637 2 7.96472
    endloop
  endfacet
  facet normal 0 1 0
    outer loop
      vertex 23.8637 2 7.96472
      vertex 106.131 2 2.4
      vertex 23.6955 2 7.46927
    endloop
  endfacet
  facet normal 0 1 0
    outer loop
      vertex 23.6955 2 7.46927
      vertex 106.131 2 2.4
      vertex 23.4641 2 7
    endloop
  endfacet
  facet normal 0 1 0
    outer loop
      vertex 23.4641 2 7
      vertex 106.131 2 2.4
      vertex 23.1734 2 6.56495
    endloop
  endfacet
  facet normal 0 1 0
    outer loop
      vertex 23.1734 2 6.56495
      vertex 106.131 2 2.4
      vertex 22.8284 2 6.17157
    endloop
  endfacet
  facet normal 0 1 0
    outer loop
      vertex 22.8284 2 6.17157
      vertex 106.131 2 2.4
      vertex 22.435 2 5.82659
    endloop
  endfacet
  facet normal 0 1 0
    outer loop
      vertex 22.435 2 5.82659
      vertex 106.131 2 2.4
      vertex 22 2 5.5359
    endloop
  endfacet
  facet normal 0 1 0
    outer loop
      vertex 22 2 5.5359
      vertex 106.131 2 2.4
      vertex 21.5307 2 5.30448
    endloop
  endfacet
  facet normal 0 1 0
    outer loop
      vertex 21.5307 2 5.30448
      vertex 106.131 2 2.4
      vertex 21.0353 2 5.1363
    endloop
  endfacet
  facet normal 0 1 0
    outer loop
      vertex 21.0353 2 5.1363
      vertex 106.131 2 2.4
      vertex 20.5221 2 5.03422
    endloop
  endfacet
  facet normal 0 1 0
    outer loop
      vertex 7.91946 2 2.4
      vertex 20.5221 2 5.03422
      vertex 106.131 2 2.4
    endloop
  endfacet
  facet normal 0 1 0
    outer loop
      vertex 16.0342 2 8.47789
      vertex 7.91946 2 9
      vertex 16 2 9
    endloop
  endfacet
  facet normal 0 1 0
    outer loop
      vertex 16.1363 2 7.96472
      vertex 7.91946 2 9
      vertex 16.0342 2 8.47789
    endloop
  endfacet
  facet normal 0 1 0
    outer loop
      vertex 16.3045 2 7.46927
      vertex 7.91946 2 9
      vertex 16.1363 2 7.96472
    endloop
  endfacet
  facet normal 0 1 0
    outer loop
      vertex 7.91946 2 2.4
      vertex 16.3045 2 7.46927
      vertex 16.5359 2 7
    endloop
  endfacet
  facet normal 0 1 0
    outer loop
      vertex 7.91946 2 2.4
      vertex 16.5359 2 7
      vertex 16.8266 2 6.56495
    endloop
  endfacet
  facet normal 0 1 0
    outer loop
      vertex 7.91946 2 2.4
      vertex 16.8266 2 6.56495
      vertex 17.1716 2 6.17157
    endloop
  endfacet
  facet normal 0 1 0
    outer loop
      vertex 7.91946 2 2.4
      vertex 17.1716 2 6.17157
      vertex 17.565 2 5.82659
    endloop
  endfacet
  facet normal 0 1 0
    outer loop
      vertex 7.91946 2 2.4
      vertex 17.565 2 5.82659
      vertex 18 2 5.5359
    endloop
  endfacet
  facet normal 0 1 0
    outer loop
      vertex 7.91946 2 2.4
      vertex 18 2 5.5359
      vertex 18.4693 2 5.30448
    endloop
  endfacet
  facet normal 0 1 0
    outer loop
      vertex 16.3045 2 7.46927
      vertex 7.91946 2 2.4
      vertex 7.91946 2 9
    endloop
  endfacet
  facet normal 0 1 0
    outer loop
      vertex 18.9647 2 5.1363
      vertex 7.91946 2 2.4
      vertex 18.4693 2 5.30448
    endloop
  endfacet
  facet normal 0 1 0
    outer loop
      vertex 19.4779 2 5.03422
      vertex 7.91946 2 2.4
      vertex 18.9647 2 5.1363
    endloop
  endfacet
  facet normal 0 1 0
    outer loop
      vertex 20 2 5
      vertex 7.91946 2 2.4
      vertex 19.4779 2 5.03422
    endloop
  endfacet
  facet normal 0 1 0
    outer loop
      vertex 20.5221 2 5.03422
      vertex 7.91946 2 2.4
      vertex 20 2 5
    endloop
  endfacet
  facet normal 0.997861 0.0653646 0
    outer loop
      vertex 11.3 91.2 7.4
      vertex 11.2658 91.7221 2.4
      vertex 11.2658 91.7221 7.4
    endloop
  endfacet
  facet normal 0.997861 0.0653646 0
    outer loop
      vertex 11.2658 91.7221 2.4
      vertex 11.3 91.2 7.4
      vertex 11.3 91.2 2.4
    endloop
  endfacet
  facet normal -0.0653634 0.997862 0
    outer loop
      vertex 7.3 95.2 2.4
      vertex 6.77789 95.1658 7.4
      vertex 7.3 95.2 7.4
    endloop
  endfacet
  facet normal -0.0653634 0.997862 0
    outer loop
      vertex 6.77789 95.1658 7.4
      vertex 7.3 95.2 2.4
      vertex 6.77789 95.1658 2.4
    endloop
  endfacet
  facet normal 0.0653646 -0.997861 0
    outer loop
      vertex 7.3 87.2 2.4
      vertex 7.8221 87.2342 7.4
      vertex 7.3 87.2 7.4
    endloop
  endfacet
  facet normal 0.0653646 -0.997861 0
    outer loop
      vertex 7.8221 87.2342 7.4
      vertex 7.3 87.2 2.4
      vertex 7.8221 87.2342 2.4
    endloop
  endfacet
  facet normal 0.65939 0.751801 -0
    outer loop
      vertex 10.1284 94.0284 2.4
      vertex 9.73505 94.3734 7.4
      vertex 10.1284 94.0284 7.4
    endloop
  endfacet
  facet normal 0.65939 0.751801 0
    outer loop
      vertex 9.73505 94.3734 7.4
      vertex 10.1284 94.0284 2.4
      vertex 9.73505 94.3734 2.4
    endloop
  endfacet
  facet normal -0.751861 0.659321 0
    outer loop
      vertex 4.12659 93.635 2.4
      vertex 4.47157 94.0284 7.4
      vertex 4.47157 94.0284 2.4
    endloop
  endfacet
  facet normal -0.751861 0.659321 0
    outer loop
      vertex 4.47157 94.0284 7.4
      vertex 4.12659 93.635 2.4
      vertex 4.12659 93.635 7.4
    endloop
  endfacet
  facet normal -0.44226 0.896887 0
    outer loop
      vertex 5.76927 94.8955 2.4
      vertex 5.3 94.6641 7.4
      vertex 5.76927 94.8955 7.4
    endloop
  endfacet
  facet normal -0.44226 0.896887 0
    outer loop
      vertex 5.3 94.6641 7.4
      vertex 5.76927 94.8955 2.4
      vertex 5.3 94.6641 2.4
    endloop
  endfacet
  facet normal 0.896898 0.442238 0
    outer loop
      vertex 10.9955 92.7307 7.4
      vertex 10.7641 93.2 2.4
      vertex 10.7641 93.2 7.4
    endloop
  endfacet
  facet normal 0.896898 0.442238 0
    outer loop
      vertex 10.7641 93.2 2.4
      vertex 10.9955 92.7307 7.4
      vertex 10.9955 92.7307 2.4
    endloop
  endfacet
  facet normal 0.980779 0.195124 0
    outer loop
      vertex 11.2658 91.7221 7.4
      vertex 11.1637 92.2353 2.4
      vertex 11.1637 92.2353 7.4
    endloop
  endfacet
  facet normal 0.980779 0.195124 0
    outer loop
      vertex 11.1637 92.2353 2.4
      vertex 11.2658 91.7221 7.4
      vertex 11.2658 91.7221 2.4
    endloop
  endfacet
  facet normal 0.321469 0.94692 -0
    outer loop
      vertex 8.83073 94.8955 2.4
      vertex 8.33528 95.0637 7.4
      vertex 8.83073 94.8955 7.4
    endloop
  endfacet
  facet normal 0.321469 0.94692 0
    outer loop
      vertex 8.33528 95.0637 7.4
      vertex 8.83073 94.8955 2.4
      vertex 8.33528 95.0637 2.4
    endloop
  endfacet
  facet normal 0.195131 0.980777 -0
    outer loop
      vertex 8.33528 95.0637 2.4
      vertex 7.8221 95.1658 7.4
      vertex 8.33528 95.0637 7.4
    endloop
  endfacet
  facet normal 0.195131 0.980777 0
    outer loop
      vertex 7.8221 95.1658 7.4
      vertex 8.33528 95.0637 2.4
      vertex 7.8221 95.1658 2.4
    endloop
  endfacet
  facet normal 0.555582 0.831462 -0
    outer loop
      vertex 9.73505 94.3734 2.4
      vertex 9.3 94.6641 7.4
      vertex 9.73505 94.3734 7.4
    endloop
  endfacet
  facet normal 0.555582 0.831462 0
    outer loop
      vertex 9.3 94.6641 7.4
      vertex 9.73505 94.3734 2.4
      vertex 9.3 94.6641 2.4
    endloop
  endfacet
  facet normal -0.896883 0.442268 0
    outer loop
      vertex 3.60448 92.7307 2.4
      vertex 3.8359 93.2 7.4
      vertex 3.8359 93.2 2.4
    endloop
  endfacet
  facet normal -0.896883 0.442268 0
    outer loop
      vertex 3.8359 93.2 7.4
      vertex 3.60448 92.7307 2.4
      vertex 3.60448 92.7307 7.4
    endloop
  endfacet
  facet normal -0.831441 0.555613 0
    outer loop
      vertex 3.8359 93.2 2.4
      vertex 4.12659 93.635 7.4
      vertex 4.12659 93.635 2.4
    endloop
  endfacet
  facet normal -0.831441 0.555613 0
    outer loop
      vertex 4.12659 93.635 7.4
      vertex 3.8359 93.2 2.4
      vertex 3.8359 93.2 7.4
    endloop
  endfacet
  facet normal -0.659362 0.751826 0
    outer loop
      vertex 4.86495 94.3734 2.4
      vertex 4.47157 94.0284 7.4
      vertex 4.86495 94.3734 7.4
    endloop
  endfacet
  facet normal -0.659362 0.751826 0
    outer loop
      vertex 4.47157 94.0284 7.4
      vertex 4.86495 94.3734 2.4
      vertex 4.47157 94.0284 2.4
    endloop
  endfacet
  facet normal -0.195135 0.980776 0
    outer loop
      vertex 6.77789 95.1658 2.4
      vertex 6.26472 95.0637 7.4
      vertex 6.77789 95.1658 7.4
    endloop
  endfacet
  facet normal -0.195135 0.980776 0
    outer loop
      vertex 6.26472 95.0637 7.4
      vertex 6.77789 95.1658 2.4
      vertex 6.26472 95.0637 2.4
    endloop
  endfacet
  facet normal 0.94691 0.321498 0
    outer loop
      vertex 11.1637 92.2353 7.4
      vertex 10.9955 92.7307 2.4
      vertex 10.9955 92.7307 7.4
    endloop
  endfacet
  facet normal 0.94691 0.321498 0
    outer loop
      vertex 10.9955 92.7307 2.4
      vertex 11.1637 92.2353 7.4
      vertex 11.1637 92.2353 2.4
    endloop
  endfacet
  facet normal 0.751842 0.659343 0
    outer loop
      vertex 10.4734 93.635 7.4
      vertex 10.1284 94.0284 2.4
      vertex 10.1284 94.0284 7.4
    endloop
  endfacet
  facet normal 0.751842 0.659343 0
    outer loop
      vertex 10.1284 94.0284 2.4
      vertex 10.4734 93.635 7.4
      vertex 10.4734 93.635 2.4
    endloop
  endfacet
  facet normal 0.831432 0.555626 0
    outer loop
      vertex 10.7641 93.2 7.4
      vertex 10.4734 93.635 2.4
      vertex 10.4734 93.635 7.4
    endloop
  endfacet
  facet normal 0.831432 0.555626 0
    outer loop
      vertex 10.4734 93.635 2.4
      vertex 10.7641 93.2 7.4
      vertex 10.7641 93.2 2.4
    endloop
  endfacet
  facet normal 0.0653646 0.997861 -0
    outer loop
      vertex 7.8221 95.1658 2.4
      vertex 7.3 95.2 7.4
      vertex 7.8221 95.1658 7.4
    endloop
  endfacet
  facet normal 0.0653646 0.997861 0
    outer loop
      vertex 7.3 95.2 7.4
      vertex 7.8221 95.1658 2.4
      vertex 7.3 95.2 2.4
    endloop
  endfacet
  facet normal 0.44226 0.896887 -0
    outer loop
      vertex 9.3 94.6641 2.4
      vertex 8.83073 94.8955 7.4
      vertex 9.3 94.6641 7.4
    endloop
  endfacet
  facet normal 0.44226 0.896887 0
    outer loop
      vertex 8.83073 94.8955 7.4
      vertex 9.3 94.6641 2.4
      vertex 8.83073 94.8955 2.4
    endloop
  endfacet
  facet normal -0.946922 0.321464 0
    outer loop
      vertex 3.4363 92.2353 2.4
      vertex 3.60448 92.7307 7.4
      vertex 3.60448 92.7307 2.4
    endloop
  endfacet
  facet normal -0.946922 0.321464 0
    outer loop
      vertex 3.60448 92.7307 7.4
      vertex 3.4363 92.2353 2.4
      vertex 3.4363 92.2353 7.4
    endloop
  endfacet
  facet normal -0.997859 0.0654027 0
    outer loop
      vertex 3.3 91.2 2.4
      vertex 3.33422 91.7221 7.4
      vertex 3.33422 91.7221 2.4
    endloop
  endfacet
  facet normal -0.997859 0.0654027 0
    outer loop
      vertex 3.33422 91.7221 7.4
      vertex 3.3 91.2 2.4
      vertex 3.3 91.2 7.4
    endloop
  endfacet
  facet normal -0.997859 -0.0654027 0
    outer loop
      vertex 3.33422 90.6779 2.4
      vertex 3.3 91.2 7.4
      vertex 3.3 91.2 2.4
    endloop
  endfacet
  facet normal -0.997859 -0.0654027 0
    outer loop
      vertex 3.3 91.2 7.4
      vertex 3.33422 90.6779 2.4
      vertex 3.33422 90.6779 7.4
    endloop
  endfacet
  facet normal -0.555582 0.831462 0
    outer loop
      vertex 5.3 94.6641 2.4
      vertex 4.86495 94.3734 7.4
      vertex 5.3 94.6641 7.4
    endloop
  endfacet
  facet normal -0.555582 0.831462 0
    outer loop
      vertex 4.86495 94.3734 7.4
      vertex 5.3 94.6641 2.4
      vertex 4.86495 94.3734 2.4
    endloop
  endfacet
  facet normal 0.751842 -0.659343 0
    outer loop
      vertex 10.1284 88.3716 7.4
      vertex 10.4734 88.765 2.4
      vertex 10.4734 88.765 7.4
    endloop
  endfacet
  facet normal 0.751842 -0.659343 0
    outer loop
      vertex 10.4734 88.765 2.4
      vertex 10.1284 88.3716 7.4
      vertex 10.1284 88.3716 2.4
    endloop
  endfacet
  facet normal 0.94691 -0.321498 0
    outer loop
      vertex 10.9955 89.6693 7.4
      vertex 11.1637 90.1647 2.4
      vertex 11.1637 90.1647 7.4
    endloop
  endfacet
  facet normal 0.94691 -0.321498 0
    outer loop
      vertex 11.1637 90.1647 2.4
      vertex 10.9955 89.6693 7.4
      vertex 10.9955 89.6693 2.4
    endloop
  endfacet
  facet normal 0.980779 -0.195124 0
    outer loop
      vertex 11.1637 90.1647 7.4
      vertex 11.2658 90.6779 2.4
      vertex 11.2658 90.6779 7.4
    endloop
  endfacet
  facet normal 0.980779 -0.195124 0
    outer loop
      vertex 11.2658 90.6779 2.4
      vertex 11.1637 90.1647 7.4
      vertex 11.1637 90.1647 2.4
    endloop
  endfacet
  facet normal -0.321469 -0.94692 0
    outer loop
      vertex 5.76927 87.5045 2.4
      vertex 6.26472 87.3363 7.4
      vertex 5.76927 87.5045 7.4
    endloop
  endfacet
  facet normal -0.321469 -0.94692 -0
    outer loop
      vertex 6.26472 87.3363 7.4
      vertex 5.76927 87.5045 2.4
      vertex 6.26472 87.3363 2.4
    endloop
  endfacet
  facet normal -0.980786 -0.195087 0
    outer loop
      vertex 3.4363 90.1647 2.4
      vertex 3.33422 90.6779 7.4
      vertex 3.33422 90.6779 2.4
    endloop
  endfacet
  facet normal -0.980786 -0.195087 0
    outer loop
      vertex 3.33422 90.6779 7.4
      vertex 3.4363 90.1647 2.4
      vertex 3.4363 90.1647 7.4
    endloop
  endfacet
  facet normal 0.44226 -0.896887 0
    outer loop
      vertex 8.83073 87.5045 2.4
      vertex 9.3 87.7359 7.4
      vertex 8.83073 87.5045 7.4
    endloop
  endfacet
  facet normal 0.44226 -0.896887 0
    outer loop
      vertex 9.3 87.7359 7.4
      vertex 8.83073 87.5045 2.4
      vertex 9.3 87.7359 2.4
    endloop
  endfacet
  facet normal 0 0 1
    outer loop
      vertex 9 91.2 7.4
      vertex 11.3 91.2 7.4
      vertex 11.2658 91.7221 7.4
    endloop
  endfacet
  facet normal 0 0 1
    outer loop
      vertex 8.94207 91.64 7.4
      vertex 11.2658 91.7221 7.4
      vertex 11.1637 92.2353 7.4
    endloop
  endfacet
  facet normal 0 0 1
    outer loop
      vertex 11.3 91.2 7.4
      vertex 9 91.2 7.4
      vertex 11.2658 90.6779 7.4
    endloop
  endfacet
  facet normal 0 0 1
    outer loop
      vertex 8.94207 91.64 7.4
      vertex 11.1637 92.2353 7.4
      vertex 10.9955 92.7307 7.4
    endloop
  endfacet
  facet normal -0 0 1
    outer loop
      vertex 8.94207 90.76 7.4
      vertex 11.2658 90.6779 7.4
      vertex 9 91.2 7.4
    endloop
  endfacet
  facet normal 0 0 1
    outer loop
      vertex 8.77224 92.05 7.4
      vertex 10.9955 92.7307 7.4
      vertex 10.7641 93.2 7.4
    endloop
  endfacet
  facet normal 0 0 1
    outer loop
      vertex 11.2658 90.6779 7.4
      vertex 8.94207 90.76 7.4
      vertex 11.1637 90.1647 7.4
    endloop
  endfacet
  facet normal 0 0 1
    outer loop
      vertex 8.77224 92.05 7.4
      vertex 10.7641 93.2 7.4
      vertex 10.4734 93.635 7.4
    endloop
  endfacet
  facet normal 0 0 1
    outer loop
      vertex 11.1637 90.1647 7.4
      vertex 8.94207 90.76 7.4
      vertex 10.9955 89.6693 7.4
    endloop
  endfacet
  facet normal 0 0 1
    outer loop
      vertex 8.50208 92.4021 7.4
      vertex 10.4734 93.635 7.4
      vertex 10.1284 94.0284 7.4
    endloop
  endfacet
  facet normal -0 0 1
    outer loop
      vertex 8.77224 90.35 7.4
      vertex 10.9955 89.6693 7.4
      vertex 8.94207 90.76 7.4
    endloop
  endfacet
  facet normal 0 0 1
    outer loop
      vertex 8.50208 92.4021 7.4
      vertex 10.1284 94.0284 7.4
      vertex 9.73505 94.3734 7.4
    endloop
  endfacet
  facet normal 0 0 1
    outer loop
      vertex 10.9955 89.6693 7.4
      vertex 8.77224 90.35 7.4
      vertex 10.7641 89.2 7.4
    endloop
  endfacet
  facet normal 0 0 1
    outer loop
      vertex 8.15 92.6722 7.4
      vertex 9.73505 94.3734 7.4
      vertex 9.3 94.6641 7.4
    endloop
  endfacet
  facet normal 0 0 1
    outer loop
      vertex 10.7641 89.2 7.4
      vertex 8.77224 90.35 7.4
      vertex 10.4734 88.765 7.4
    endloop
  endfacet
  facet normal -0 0 1
    outer loop
      vertex 8.50208 89.9979 7.4
      vertex 10.4734 88.765 7.4
      vertex 8.77224 90.35 7.4
    endloop
  endfacet
  facet normal 0 0 1
    outer loop
      vertex 11.2658 91.7221 7.4
      vertex 8.94207 91.64 7.4
      vertex 9 91.2 7.4
    endloop
  endfacet
  facet normal 0 0 1
    outer loop
      vertex 8.15 92.6722 7.4
      vertex 9.3 94.6641 7.4
      vertex 8.83073 94.8955 7.4
    endloop
  endfacet
  facet normal 0 0 1
    outer loop
      vertex 10.9955 92.7307 7.4
      vertex 8.77224 92.05 7.4
      vertex 8.94207 91.64 7.4
    endloop
  endfacet
  facet normal 0 0 1
    outer loop
      vertex 10.4734 93.635 7.4
      vertex 8.50208 92.4021 7.4
      vertex 8.77224 92.05 7.4
    endloop
  endfacet
  facet normal 0 0 1
    outer loop
      vertex 7.73999 92.8421 7.4
      vertex 8.83073 94.8955 7.4
      vertex 8.33528 95.0637 7.4
    endloop
  endfacet
  facet normal 0 0 1
    outer loop
      vertex 9.73505 94.3734 7.4
      vertex 8.15 92.6722 7.4
      vertex 8.50208 92.4021 7.4
    endloop
  endfacet
  facet normal 0 0 1
    outer loop
      vertex 7.73999 92.8421 7.4
      vertex 8.33528 95.0637 7.4
      vertex 7.8221 95.1658 7.4
    endloop
  endfacet
  facet normal 0 0 1
    outer loop
      vertex 8.83073 94.8955 7.4
      vertex 7.73999 92.8421 7.4
      vertex 8.15 92.6722 7.4
    endloop
  endfacet
  facet normal 0 0 1
    outer loop
      vertex 7.8221 95.1658 7.4
      vertex 7.3 92.9 7.4
      vertex 7.73999 92.8421 7.4
    endloop
  endfacet
  facet normal 0 0 1
    outer loop
      vertex 7.3 95.2 7.4
      vertex 7.3 92.9 7.4
      vertex 7.8221 95.1658 7.4
    endloop
  endfacet
  facet normal -0 0 1
    outer loop
      vertex 6.77789 95.1658 7.4
      vertex 7.3 92.9 7.4
      vertex 7.3 95.2 7.4
    endloop
  endfacet
  facet normal 0 0 1
    outer loop
      vertex 7.3 92.9 7.4
      vertex 6.77789 95.1658 7.4
      vertex 6.86001 92.8421 7.4
    endloop
  endfacet
  facet normal -0 0 1
    outer loop
      vertex 6.26472 95.0637 7.4
      vertex 6.86001 92.8421 7.4
      vertex 6.77789 95.1658 7.4
    endloop
  endfacet
  facet normal -0 0 1
    outer loop
      vertex 5.76927 94.8955 7.4
      vertex 6.86001 92.8421 7.4
      vertex 6.26472 95.0637 7.4
    endloop
  endfacet
  facet normal 0 0 1
    outer loop
      vertex 6.86001 92.8421 7.4
      vertex 5.76927 94.8955 7.4
      vertex 6.45 92.6722 7.4
    endloop
  endfacet
  facet normal -0 0 1
    outer loop
      vertex 5.3 94.6641 7.4
      vertex 6.45 92.6722 7.4
      vertex 5.76927 94.8955 7.4
    endloop
  endfacet
  facet normal -0 0 1
    outer loop
      vertex 4.86495 94.3734 7.4
      vertex 6.45 92.6722 7.4
      vertex 5.3 94.6641 7.4
    endloop
  endfacet
  facet normal 0 0 1
    outer loop
      vertex 6.45 92.6722 7.4
      vertex 4.86495 94.3734 7.4
      vertex 6.09792 92.4021 7.4
    endloop
  endfacet
  facet normal -0 0 1
    outer loop
      vertex 4.47157 94.0284 7.4
      vertex 6.09792 92.4021 7.4
      vertex 4.86495 94.3734 7.4
    endloop
  endfacet
  facet normal -0 0 1
    outer loop
      vertex 4.12659 93.635 7.4
      vertex 6.09792 92.4021 7.4
      vertex 4.47157 94.0284 7.4
    endloop
  endfacet
  facet normal 0 0 1
    outer loop
      vertex 10.4734 88.765 7.4
      vertex 8.50208 89.9979 7.4
      vertex 10.1284 88.3716 7.4
    endloop
  endfacet
  facet normal 0 0 1
    outer loop
      vertex 10.1284 88.3716 7.4
      vertex 8.50208 89.9979 7.4
      vertex 9.73505 88.0266 7.4
    endloop
  endfacet
  facet normal -0 0 1
    outer loop
      vertex 8.15 89.7278 7.4
      vertex 9.73505 88.0266 7.4
      vertex 8.50208 89.9979 7.4
    endloop
  endfacet
  facet normal 0 0 1
    outer loop
      vertex 9.73505 88.0266 7.4
      vertex 8.15 89.7278 7.4
      vertex 9.3 87.7359 7.4
    endloop
  endfacet
  facet normal 0 0 1
    outer loop
      vertex 9.3 87.7359 7.4
      vertex 8.15 89.7278 7.4
      vertex 8.83073 87.5045 7.4
    endloop
  endfacet
  facet normal -0 0 1
    outer loop
      vertex 7.73999 89.5579 7.4
      vertex 8.83073 87.5045 7.4
      vertex 8.15 89.7278 7.4
    endloop
  endfacet
  facet normal 0 0 1
    outer loop
      vertex 8.83073 87.5045 7.4
      vertex 7.73999 89.5579 7.4
      vertex 8.33528 87.3363 7.4
    endloop
  endfacet
  facet normal 0 0 1
    outer loop
      vertex 8.33528 87.3363 7.4
      vertex 7.73999 89.5579 7.4
      vertex 7.8221 87.2342 7.4
    endloop
  endfacet
  facet normal -0 0 1
    outer loop
      vertex 7.3 89.5 7.4
      vertex 7.8221 87.2342 7.4
      vertex 7.73999 89.5579 7.4
    endloop
  endfacet
  facet normal 0 0 1
    outer loop
      vertex 7.3 89.5 7.4
      vertex 7.3 87.2 7.4
      vertex 7.8221 87.2342 7.4
    endloop
  endfacet
  facet normal 0 0 1
    outer loop
      vertex 6.77789 87.2342 7.4
      vertex 7.3 89.5 7.4
      vertex 6.86001 89.5579 7.4
    endloop
  endfacet
  facet normal 0 0 1
    outer loop
      vertex 7.3 89.5 7.4
      vertex 6.77789 87.2342 7.4
      vertex 7.3 87.2 7.4
    endloop
  endfacet
  facet normal 0 0 1
    outer loop
      vertex 5.76927 87.5045 7.4
      vertex 6.86001 89.5579 7.4
      vertex 6.45 89.7278 7.4
    endloop
  endfacet
  facet normal 0 0 1
    outer loop
      vertex 6.86001 89.5579 7.4
      vertex 6.26472 87.3363 7.4
      vertex 6.77789 87.2342 7.4
    endloop
  endfacet
  facet normal 0 0 1
    outer loop
      vertex 4.86495 88.0266 7.4
      vertex 6.45 89.7278 7.4
      vertex 6.09792 89.9979 7.4
    endloop
  endfacet
  facet normal 0 0 1
    outer loop
      vertex 4.12659 88.765 7.4
      vertex 6.09792 89.9979 7.4
      vertex 5.82776 90.35 7.4
    endloop
  endfacet
  facet normal 0 0 1
    outer loop
      vertex 6.86001 89.5579 7.4
      vertex 5.76927 87.5045 7.4
      vertex 6.26472 87.3363 7.4
    endloop
  endfacet
  facet normal 0 0 1
    outer loop
      vertex 3.60448 89.6693 7.4
      vertex 5.82776 90.35 7.4
      vertex 5.65793 90.76 7.4
    endloop
  endfacet
  facet normal 0 0 1
    outer loop
      vertex 3.33422 90.6779 7.4
      vertex 5.65793 90.76 7.4
      vertex 5.6 91.2 7.4
    endloop
  endfacet
  facet normal 0 0 1
    outer loop
      vertex 6.09792 92.4021 7.4
      vertex 4.12659 93.635 7.4
      vertex 5.82776 92.05 7.4
    endloop
  endfacet
  facet normal 0 0 1
    outer loop
      vertex 6.45 89.7278 7.4
      vertex 5.3 87.7359 7.4
      vertex 5.76927 87.5045 7.4
    endloop
  endfacet
  facet normal -0 0 1
    outer loop
      vertex 3.8359 93.2 7.4
      vertex 5.82776 92.05 7.4
      vertex 4.12659 93.635 7.4
    endloop
  endfacet
  facet normal 0 0 1
    outer loop
      vertex 6.45 89.7278 7.4
      vertex 4.86495 88.0266 7.4
      vertex 5.3 87.7359 7.4
    endloop
  endfacet
  facet normal -0 0 1
    outer loop
      vertex 3.60448 92.7307 7.4
      vertex 5.82776 92.05 7.4
      vertex 3.8359 93.2 7.4
    endloop
  endfacet
  facet normal 0 0 1
    outer loop
      vertex 6.09792 89.9979 7.4
      vertex 4.47157 88.3716 7.4
      vertex 4.86495 88.0266 7.4
    endloop
  endfacet
  facet normal 0 0 1
    outer loop
      vertex 5.82776 92.05 7.4
      vertex 3.60448 92.7307 7.4
      vertex 5.65793 91.64 7.4
    endloop
  endfacet
  facet normal 0 0 1
    outer loop
      vertex 6.09792 89.9979 7.4
      vertex 4.12659 88.765 7.4
      vertex 4.47157 88.3716 7.4
    endloop
  endfacet
  facet normal -0 0 1
    outer loop
      vertex 3.4363 92.2353 7.4
      vertex 5.65793 91.64 7.4
      vertex 3.60448 92.7307 7.4
    endloop
  endfacet
  facet normal 0 0 1
    outer loop
      vertex 5.82776 90.35 7.4
      vertex 3.8359 89.2 7.4
      vertex 4.12659 88.765 7.4
    endloop
  endfacet
  facet normal -0 0 1
    outer loop
      vertex 3.33422 91.7221 7.4
      vertex 5.65793 91.64 7.4
      vertex 3.4363 92.2353 7.4
    endloop
  endfacet
  facet normal 0 0 1
    outer loop
      vertex 5.82776 90.35 7.4
      vertex 3.60448 89.6693 7.4
      vertex 3.8359 89.2 7.4
    endloop
  endfacet
  facet normal 0 0 1
    outer loop
      vertex 5.65793 91.64 7.4
      vertex 3.33422 91.7221 7.4
      vertex 5.6 91.2 7.4
    endloop
  endfacet
  facet normal 0 0 1
    outer loop
      vertex 5.65793 90.76 7.4
      vertex 3.4363 90.1647 7.4
      vertex 3.60448 89.6693 7.4
    endloop
  endfacet
  facet normal 0 0 1
    outer loop
      vertex 3.3 91.2 7.4
      vertex 5.6 91.2 7.4
      vertex 3.33422 91.7221 7.4
    endloop
  endfacet
  facet normal 0 0 1
    outer loop
      vertex 5.65793 90.76 7.4
      vertex 3.33422 90.6779 7.4
      vertex 3.4363 90.1647 7.4
    endloop
  endfacet
  facet normal 0 0 1
    outer loop
      vertex 5.6 91.2 7.4
      vertex 3.3 91.2 7.4
      vertex 3.33422 90.6779 7.4
    endloop
  endfacet
  facet normal -0.980786 0.195087 0
    outer loop
      vertex 3.33422 91.7221 2.4
      vertex 3.4363 92.2353 7.4
      vertex 3.4363 92.2353 2.4
    endloop
  endfacet
  facet normal -0.980786 0.195087 0
    outer loop
      vertex 3.4363 92.2353 7.4
      vertex 3.33422 91.7221 2.4
      vertex 3.33422 91.7221 7.4
    endloop
  endfacet
  facet normal -0.321469 0.94692 0
    outer loop
      vertex 6.26472 95.0637 2.4
      vertex 5.76927 94.8955 7.4
      vertex 6.26472 95.0637 7.4
    endloop
  endfacet
  facet normal -0.321469 0.94692 0
    outer loop
      vertex 5.76927 94.8955 7.4
      vertex 6.26472 95.0637 2.4
      vertex 5.76927 94.8955 2.4
    endloop
  endfacet
  facet normal 0.555582 -0.831462 0
    outer loop
      vertex 9.3 87.7359 2.4
      vertex 9.73505 88.0266 7.4
      vertex 9.3 87.7359 7.4
    endloop
  endfacet
  facet normal 0.555582 -0.831462 0
    outer loop
      vertex 9.73505 88.0266 7.4
      vertex 9.3 87.7359 2.4
      vertex 9.73505 88.0266 2.4
    endloop
  endfacet
  facet normal 0.65939 -0.751801 0
    outer loop
      vertex 9.73505 88.0266 2.4
      vertex 10.1284 88.3716 7.4
      vertex 9.73505 88.0266 7.4
    endloop
  endfacet
  facet normal 0.65939 -0.751801 0
    outer loop
      vertex 10.1284 88.3716 7.4
      vertex 9.73505 88.0266 2.4
      vertex 10.1284 88.3716 2.4
    endloop
  endfacet
  facet normal 0.831432 -0.555626 0
    outer loop
      vertex 10.4734 88.765 7.4
      vertex 10.7641 89.2 2.4
      vertex 10.7641 89.2 7.4
    endloop
  endfacet
  facet normal 0.831432 -0.555626 0
    outer loop
      vertex 10.7641 89.2 2.4
      vertex 10.4734 88.765 7.4
      vertex 10.4734 88.765 2.4
    endloop
  endfacet
  facet normal 0.997861 -0.0653646 0
    outer loop
      vertex 11.2658 90.6779 7.4
      vertex 11.3 91.2 2.4
      vertex 11.3 91.2 7.4
    endloop
  endfacet
  facet normal 0.997861 -0.0653646 0
    outer loop
      vertex 11.3 91.2 2.4
      vertex 11.2658 90.6779 7.4
      vertex 11.2658 90.6779 2.4
    endloop
  endfacet
  facet normal -0.659362 -0.751826 0
    outer loop
      vertex 4.47157 88.3716 2.4
      vertex 4.86495 88.0266 7.4
      vertex 4.47157 88.3716 7.4
    endloop
  endfacet
  facet normal -0.659362 -0.751826 -0
    outer loop
      vertex 4.86495 88.0266 7.4
      vertex 4.47157 88.3716 2.4
      vertex 4.86495 88.0266 2.4
    endloop
  endfacet
  facet normal -0.831441 -0.555613 0
    outer loop
      vertex 4.12659 88.765 2.4
      vertex 3.8359 89.2 7.4
      vertex 3.8359 89.2 2.4
    endloop
  endfacet
  facet normal -0.831441 -0.555613 0
    outer loop
      vertex 3.8359 89.2 7.4
      vertex 4.12659 88.765 2.4
      vertex 4.12659 88.765 7.4
    endloop
  endfacet
  facet normal -0.946922 -0.321464 0
    outer loop
      vertex 3.60448 89.6693 2.4
      vertex 3.4363 90.1647 7.4
      vertex 3.4363 90.1647 2.4
    endloop
  endfacet
  facet normal -0.946922 -0.321464 0
    outer loop
      vertex 3.4363 90.1647 7.4
      vertex 3.60448 89.6693 2.4
      vertex 3.60448 89.6693 7.4
    endloop
  endfacet
  facet normal -0.896883 -0.442268 0
    outer loop
      vertex 3.8359 89.2 2.4
      vertex 3.60448 89.6693 7.4
      vertex 3.60448 89.6693 2.4
    endloop
  endfacet
  facet normal -0.896883 -0.442268 0
    outer loop
      vertex 3.60448 89.6693 7.4
      vertex 3.8359 89.2 2.4
      vertex 3.8359 89.2 7.4
    endloop
  endfacet
  facet normal 0.321469 -0.94692 0
    outer loop
      vertex 8.33528 87.3363 2.4
      vertex 8.83073 87.5045 7.4
      vertex 8.33528 87.3363 7.4
    endloop
  endfacet
  facet normal 0.321469 -0.94692 0
    outer loop
      vertex 8.83073 87.5045 7.4
      vertex 8.33528 87.3363 2.4
      vertex 8.83073 87.5045 2.4
    endloop
  endfacet
  facet normal 0.195131 -0.980777 0
    outer loop
      vertex 7.8221 87.2342 2.4
      vertex 8.33528 87.3363 7.4
      vertex 7.8221 87.2342 7.4
    endloop
  endfacet
  facet normal 0.195131 -0.980777 0
    outer loop
      vertex 8.33528 87.3363 7.4
      vertex 7.8221 87.2342 2.4
      vertex 8.33528 87.3363 2.4
    endloop
  endfacet
  facet normal 0.896898 -0.442238 0
    outer loop
      vertex 10.7641 89.2 7.4
      vertex 10.9955 89.6693 2.4
      vertex 10.9955 89.6693 7.4
    endloop
  endfacet
  facet normal 0.896898 -0.442238 0
    outer loop
      vertex 10.9955 89.6693 2.4
      vertex 10.7641 89.2 7.4
      vertex 10.7641 89.2 2.4
    endloop
  endfacet
  facet normal -0.44226 -0.896887 0
    outer loop
      vertex 5.3 87.7359 2.4
      vertex 5.76927 87.5045 7.4
      vertex 5.3 87.7359 7.4
    endloop
  endfacet
  facet normal -0.44226 -0.896887 -0
    outer loop
      vertex 5.76927 87.5045 7.4
      vertex 5.3 87.7359 2.4
      vertex 5.76927 87.5045 2.4
    endloop
  endfacet
  facet normal -0.195135 -0.980776 0
    outer loop
      vertex 6.26472 87.3363 2.4
      vertex 6.77789 87.2342 7.4
      vertex 6.26472 87.3363 7.4
    endloop
  endfacet
  facet normal -0.195135 -0.980776 -0
    outer loop
      vertex 6.77789 87.2342 7.4
      vertex 6.26472 87.3363 2.4
      vertex 6.77789 87.2342 2.4
    endloop
  endfacet
  facet normal -0.751861 -0.659321 0
    outer loop
      vertex 4.47157 88.3716 2.4
      vertex 4.12659 88.765 7.4
      vertex 4.12659 88.765 2.4
    endloop
  endfacet
  facet normal -0.751861 -0.659321 0
    outer loop
      vertex 4.12659 88.765 7.4
      vertex 4.47157 88.3716 2.4
      vertex 4.47157 88.3716 7.4
    endloop
  endfacet
  facet normal -0.555582 -0.831462 0
    outer loop
      vertex 4.86495 88.0266 2.4
      vertex 5.3 87.7359 7.4
      vertex 4.86495 88.0266 7.4
    endloop
  endfacet
  facet normal -0.555582 -0.831462 -0
    outer loop
      vertex 5.3 87.7359 7.4
      vertex 4.86495 88.0266 2.4
      vertex 5.3 87.7359 2.4
    endloop
  endfacet
  facet normal -0.0653634 -0.997862 0
    outer loop
      vertex 6.77789 87.2342 2.4
      vertex 7.3 87.2 7.4
      vertex 6.77789 87.2342 7.4
    endloop
  endfacet
  facet normal -0.0653634 -0.997862 -0
    outer loop
      vertex 7.3 87.2 7.4
      vertex 6.77789 87.2342 2.4
      vertex 7.3 87.2 2.4
    endloop
  endfacet
  facet normal 0.997886 0.064984 0
    outer loop
      vertex 110.8 91.2 7.4
      vertex 110.766 91.7221 2.4
      vertex 110.766 91.7221 7.4
    endloop
  endfacet
  facet normal 0.997886 0.064984 0
    outer loop
      vertex 110.766 91.7221 2.4
      vertex 110.8 91.2 7.4
      vertex 110.8 91.2 2.4
    endloop
  endfacet
  facet normal -0.0653771 0.997861 0
    outer loop
      vertex 106.8 95.2 2.4
      vertex 106.278 95.1658 7.4
      vertex 106.8 95.2 7.4
    endloop
  endfacet
  facet normal -0.0653771 0.997861 0
    outer loop
      vertex 106.278 95.1658 7.4
      vertex 106.8 95.2 2.4
      vertex 106.278 95.1658 2.4
    endloop
  endfacet
  facet normal 0.0653771 -0.997861 0
    outer loop
      vertex 106.8 87.2 2.4
      vertex 107.322 87.2342 7.4
      vertex 106.8 87.2 7.4
    endloop
  endfacet
  facet normal 0.0653771 -0.997861 0
    outer loop
      vertex 107.322 87.2342 7.4
      vertex 106.8 87.2 2.4
      vertex 107.322 87.2342 2.4
    endloop
  endfacet
  facet normal 0.659722 0.75151 -0
    outer loop
      vertex 109.628 94.0284 2.4
      vertex 109.235 94.3734 7.4
      vertex 109.628 94.0284 7.4
    endloop
  endfacet
  facet normal 0.659722 0.75151 0
    outer loop
      vertex 109.235 94.3734 7.4
      vertex 109.628 94.0284 2.4
      vertex 109.235 94.3734 2.4
    endloop
  endfacet
  facet normal -0.751842 0.659343 0
    outer loop
      vertex 103.627 93.635 2.4
      vertex 103.972 94.0284 7.4
      vertex 103.972 94.0284 2.4
    endloop
  endfacet
  facet normal -0.751842 0.659343 0
    outer loop
      vertex 103.972 94.0284 7.4
      vertex 103.627 93.635 2.4
      vertex 103.627 93.635 7.4
    endloop
  endfacet
  facet normal -0.442465 0.896786 0
    outer loop
      vertex 105.269 94.8955 2.4
      vertex 104.8 94.6641 7.4
      vertex 105.269 94.8955 7.4
    endloop
  endfacet
  facet normal -0.442465 0.896786 0
    outer loop
      vertex 104.8 94.6641 7.4
      vertex 105.269 94.8955 2.4
      vertex 104.8 94.6641 2.4
    endloop
  endfacet
  facet normal 0.896443 0.443159 0
    outer loop
      vertex 110.496 92.7307 7.4
      vertex 110.264 93.2 2.4
      vertex 110.264 93.2 7.4
    endloop
  endfacet
  facet normal 0.896443 0.443159 0
    outer loop
      vertex 110.264 93.2 2.4
      vertex 110.496 92.7307 7.4
      vertex 110.496 92.7307 2.4
    endloop
  endfacet
  facet normal 0.980815 0.19494 0
    outer loop
      vertex 110.766 91.7221 7.4
      vertex 110.664 92.2353 2.4
      vertex 110.664 92.2353 7.4
    endloop
  endfacet
  facet normal 0.980815 0.19494 0
    outer loop
      vertex 110.664 92.2353 2.4
      vertex 110.766 91.7221 7.4
      vertex 110.766 91.7221 2.4
    endloop
  endfacet
  facet normal 0.32115 0.947028 -0
    outer loop
      vertex 108.331 94.8955 2.4
      vertex 107.835 95.0637 7.4
      vertex 108.331 94.8955 7.4
    endloop
  endfacet
  facet normal 0.32115 0.947028 0
    outer loop
      vertex 107.835 95.0637 7.4
      vertex 108.331 94.8955 2.4
      vertex 107.835 95.0637 2.4
    endloop
  endfacet
  facet normal 0.195197 0.980764 -0
    outer loop
      vertex 107.835 95.0637 2.4
      vertex 107.322 95.1658 7.4
      vertex 107.835 95.0637 7.4
    endloop
  endfacet
  facet normal 0.195197 0.980764 0
    outer loop
      vertex 107.322 95.1658 7.4
      vertex 107.835 95.0637 2.4
      vertex 107.322 95.1658 2.4
    endloop
  endfacet
  facet normal 0.555626 0.831432 -0
    outer loop
      vertex 109.235 94.3734 2.4
      vertex 108.8 94.6641 7.4
      vertex 109.235 94.3734 7.4
    endloop
  endfacet
  facet normal 0.555626 0.831432 0
    outer loop
      vertex 108.8 94.6641 7.4
      vertex 109.235 94.3734 2.4
      vertex 108.8 94.6641 2.4
    endloop
  endfacet
  facet normal -0.947026 0.321156 0
    outer loop
      vertex 102.936 92.2353 2.4
      vertex 103.104 92.7307 7.4
      vertex 103.104 92.7307 2.4
    endloop
  endfacet
  facet normal -0.947026 0.321156 0
    outer loop
      vertex 103.104 92.7307 7.4
      vertex 102.936 92.2353 2.4
      vertex 102.936 92.2353 7.4
    endloop
  endfacet
  facet normal -0.831167 0.556022 0
    outer loop
      vertex 103.336 93.2 2.4
      vertex 103.627 93.635 7.4
      vertex 103.627 93.635 2.4
    endloop
  endfacet
  facet normal -0.831167 0.556022 0
    outer loop
      vertex 103.627 93.635 7.4
      vertex 103.336 93.2 2.4
      vertex 103.336 93.2 7.4
    endloop
  endfacet
  facet normal 0 0 1
    outer loop
      vertex 108.5 91.2 7.4
      vertex 110.8 91.2 7.4
      vertex 110.766 91.7221 7.4
    endloop
  endfacet
  facet normal 0 0 1
    outer loop
      vertex 108.442 91.64 7.4
      vertex 110.766 91.7221 7.4
      vertex 110.664 92.2353 7.4
    endloop
  endfacet
  facet normal 0 0 1
    outer loop
      vertex 110.8 91.2 7.4
      vertex 108.5 91.2 7.4
      vertex 110.766 90.6779 7.4
    endloop
  endfacet
  facet normal 0 0 1
    outer loop
      vertex 108.442 91.64 7.4
      vertex 110.664 92.2353 7.4
      vertex 110.496 92.7307 7.4
    endloop
  endfacet
  facet normal -0 0 1
    outer loop
      vertex 108.442 90.76 7.4
      vertex 110.766 90.6779 7.4
      vertex 108.5 91.2 7.4
    endloop
  endfacet
  facet normal 0 0 1
    outer loop
      vertex 108.272 92.05 7.4
      vertex 110.496 92.7307 7.4
      vertex 110.264 93.2 7.4
    endloop
  endfacet
  facet normal 0 0 1
    outer loop
      vertex 110.766 90.6779 7.4
      vertex 108.442 90.76 7.4
      vertex 110.664 90.1647 7.4
    endloop
  endfacet
  facet normal 0 0 1
    outer loop
      vertex 108.272 92.05 7.4
      vertex 110.264 93.2 7.4
      vertex 109.973 93.635 7.4
    endloop
  endfacet
  facet normal 0 0 1
    outer loop
      vertex 110.664 90.1647 7.4
      vertex 108.442 90.76 7.4
      vertex 110.496 89.6693 7.4
    endloop
  endfacet
  facet normal 0 0 1
    outer loop
      vertex 108.002 92.4021 7.4
      vertex 109.973 93.635 7.4
      vertex 109.628 94.0284 7.4
    endloop
  endfacet
  facet normal -0 0 1
    outer loop
      vertex 108.272 90.35 7.4
      vertex 110.496 89.6693 7.4
      vertex 108.442 90.76 7.4
    endloop
  endfacet
  facet normal 0 0 1
    outer loop
      vertex 108.002 92.4021 7.4
      vertex 109.628 94.0284 7.4
      vertex 109.235 94.3734 7.4
    endloop
  endfacet
  facet normal 0 0 1
    outer loop
      vertex 110.496 89.6693 7.4
      vertex 108.272 90.35 7.4
      vertex 110.264 89.2 7.4
    endloop
  endfacet
  facet normal 0 0 1
    outer loop
      vertex 107.65 92.6722 7.4
      vertex 109.235 94.3734 7.4
      vertex 108.8 94.6641 7.4
    endloop
  endfacet
  facet normal 0 0 1
    outer loop
      vertex 110.264 89.2 7.4
      vertex 108.272 90.35 7.4
      vertex 109.973 88.765 7.4
    endloop
  endfacet
  facet normal -0 0 1
    outer loop
      vertex 108.002 89.9979 7.4
      vertex 109.973 88.765 7.4
      vertex 108.272 90.35 7.4
    endloop
  endfacet
  facet normal 0 0 1
    outer loop
      vertex 110.766 91.7221 7.4
      vertex 108.442 91.64 7.4
      vertex 108.5 91.2 7.4
    endloop
  endfacet
  facet normal 0 0 1
    outer loop
      vertex 107.65 92.6722 7.4
      vertex 108.8 94.6641 7.4
      vertex 108.331 94.8955 7.4
    endloop
  endfacet
  facet normal 0 0 1
    outer loop
      vertex 110.496 92.7307 7.4
      vertex 108.272 92.05 7.4
      vertex 108.442 91.64 7.4
    endloop
  endfacet
  facet normal 0 0 1
    outer loop
      vertex 109.973 93.635 7.4
      vertex 108.002 92.4021 7.4
      vertex 108.272 92.05 7.4
    endloop
  endfacet
  facet normal 0 0 1
    outer loop
      vertex 107.24 92.8421 7.4
      vertex 108.331 94.8955 7.4
      vertex 107.835 95.0637 7.4
    endloop
  endfacet
  facet normal 0 0 1
    outer loop
      vertex 109.235 94.3734 7.4
      vertex 107.65 92.6722 7.4
      vertex 108.002 92.4021 7.4
    endloop
  endfacet
  facet normal 0 0 1
    outer loop
      vertex 107.24 92.8421 7.4
      vertex 107.835 95.0637 7.4
      vertex 107.322 95.1658 7.4
    endloop
  endfacet
  facet normal 0 0 1
    outer loop
      vertex 108.331 94.8955 7.4
      vertex 107.24 92.8421 7.4
      vertex 107.65 92.6722 7.4
    endloop
  endfacet
  facet normal 0 0 1
    outer loop
      vertex 106.8 92.9 7.4
      vertex 107.322 95.1658 7.4
      vertex 106.8 95.2 7.4
    endloop
  endfacet
  facet normal 0 0 1
    outer loop
      vertex 107.322 95.1658 7.4
      vertex 106.8 92.9 7.4
      vertex 107.24 92.8421 7.4
    endloop
  endfacet
  facet normal -0 0 1
    outer loop
      vertex 106.278 95.1658 7.4
      vertex 106.8 92.9 7.4
      vertex 106.8 95.2 7.4
    endloop
  endfacet
  facet normal 0 0 1
    outer loop
      vertex 106.8 92.9 7.4
      vertex 106.278 95.1658 7.4
      vertex 106.36 92.8421 7.4
    endloop
  endfacet
  facet normal -0 0 1
    outer loop
      vertex 105.765 95.0637 7.4
      vertex 106.36 92.8421 7.4
      vertex 106.278 95.1658 7.4
    endloop
  endfacet
  facet normal -0 0 1
    outer loop
      vertex 105.269 94.8955 7.4
      vertex 106.36 92.8421 7.4
      vertex 105.765 95.0637 7.4
    endloop
  endfacet
  facet normal 0 0 1
    outer loop
      vertex 106.36 92.8421 7.4
      vertex 105.269 94.8955 7.4
      vertex 105.95 92.6722 7.4
    endloop
  endfacet
  facet normal -0 0 1
    outer loop
      vertex 104.8 94.6641 7.4
      vertex 105.95 92.6722 7.4
      vertex 105.269 94.8955 7.4
    endloop
  endfacet
  facet normal -0 0 1
    outer loop
      vertex 104.365 94.3734 7.4
      vertex 105.95 92.6722 7.4
      vertex 104.8 94.6641 7.4
    endloop
  endfacet
  facet normal 0 0 1
    outer loop
      vertex 105.95 92.6722 7.4
      vertex 104.365 94.3734 7.4
      vertex 105.598 92.4021 7.4
    endloop
  endfacet
  facet normal -0 0 1
    outer loop
      vertex 103.972 94.0284 7.4
      vertex 105.598 92.4021 7.4
      vertex 104.365 94.3734 7.4
    endloop
  endfacet
  facet normal -0 0 1
    outer loop
      vertex 103.627 93.635 7.4
      vertex 105.598 92.4021 7.4
      vertex 103.972 94.0284 7.4
    endloop
  endfacet
  facet normal 0 0 1
    outer loop
      vertex 109.973 88.765 7.4
      vertex 108.002 89.9979 7.4
      vertex 109.628 88.3716 7.4
    endloop
  endfacet
  facet normal 0 0 1
    outer loop
      vertex 109.628 88.3716 7.4
      vertex 108.002 89.9979 7.4
      vertex 109.235 88.0266 7.4
    endloop
  endfacet
  facet normal -0 0 1
    outer loop
      vertex 107.65 89.7278 7.4
      vertex 109.235 88.0266 7.4
      vertex 108.002 89.9979 7.4
    endloop
  endfacet
  facet normal 0 0 1
    outer loop
      vertex 109.235 88.0266 7.4
      vertex 107.65 89.7278 7.4
      vertex 108.8 87.7359 7.4
    endloop
  endfacet
  facet normal 0 0 1
    outer loop
      vertex 108.8 87.7359 7.4
      vertex 107.65 89.7278 7.4
      vertex 108.331 87.5045 7.4
    endloop
  endfacet
  facet normal -0 0 1
    outer loop
      vertex 107.24 89.5579 7.4
      vertex 108.331 87.5045 7.4
      vertex 107.65 89.7278 7.4
    endloop
  endfacet
  facet normal 0 0 1
    outer loop
      vertex 108.331 87.5045 7.4
      vertex 107.24 89.5579 7.4
      vertex 107.835 87.3363 7.4
    endloop
  endfacet
  facet normal 0 0 1
    outer loop
      vertex 107.835 87.3363 7.4
      vertex 107.24 89.5579 7.4
      vertex 107.322 87.2342 7.4
    endloop
  endfacet
  facet normal -0 0 1
    outer loop
      vertex 106.8 89.5 7.4
      vertex 107.322 87.2342 7.4
      vertex 107.24 89.5579 7.4
    endloop
  endfacet
  facet normal 0 0 1
    outer loop
      vertex 106.8 89.5 7.4
      vertex 106.8 87.2 7.4
      vertex 107.322 87.2342 7.4
    endloop
  endfacet
  facet normal 0 0 1
    outer loop
      vertex 106.278 87.2342 7.4
      vertex 106.8 89.5 7.4
      vertex 106.36 89.5579 7.4
    endloop
  endfacet
  facet normal 0 0 1
    outer loop
      vertex 106.8 89.5 7.4
      vertex 106.278 87.2342 7.4
      vertex 106.8 87.2 7.4
    endloop
  endfacet
  facet normal 0 0 1
    outer loop
      vertex 105.269 87.5045 7.4
      vertex 106.36 89.5579 7.4
      vertex 105.95 89.7278 7.4
    endloop
  endfacet
  facet normal 0 0 1
    outer loop
      vertex 106.36 89.5579 7.4
      vertex 105.765 87.3363 7.4
      vertex 106.278 87.2342 7.4
    endloop
  endfacet
  facet normal 0 0 1
    outer loop
      vertex 104.365 88.0266 7.4
      vertex 105.95 89.7278 7.4
      vertex 105.598 89.9979 7.4
    endloop
  endfacet
  facet normal 0 0 1
    outer loop
      vertex 103.627 88.765 7.4
      vertex 105.598 89.9979 7.4
      vertex 105.328 90.35 7.4
    endloop
  endfacet
  facet normal 0 0 1
    outer loop
      vertex 106.36 89.5579 7.4
      vertex 105.269 87.5045 7.4
      vertex 105.765 87.3363 7.4
    endloop
  endfacet
  facet normal 0 0 1
    outer loop
      vertex 103.104 89.6693 7.4
      vertex 105.328 90.35 7.4
      vertex 105.158 90.76 7.4
    endloop
  endfacet
  facet normal 0 0 1
    outer loop
      vertex 102.834 90.6779 7.4
      vertex 105.158 90.76 7.4
      vertex 105.1 91.2 7.4
    endloop
  endfacet
  facet normal 0 0 1
    outer loop
      vertex 105.598 92.4021 7.4
      vertex 103.627 93.635 7.4
      vertex 105.328 92.05 7.4
    endloop
  endfacet
  facet normal 0 0 1
    outer loop
      vertex 105.95 89.7278 7.4
      vertex 104.8 87.7359 7.4
      vertex 105.269 87.5045 7.4
    endloop
  endfacet
  facet normal -0 0 1
    outer loop
      vertex 103.336 93.2 7.4
      vertex 105.328 92.05 7.4
      vertex 103.627 93.635 7.4
    endloop
  endfacet
  facet normal 0 0 1
    outer loop
      vertex 105.95 89.7278 7.4
      vertex 104.365 88.0266 7.4
      vertex 104.8 87.7359 7.4
    endloop
  endfacet
  facet normal -0 0 1
    outer loop
      vertex 103.104 92.7307 7.4
      vertex 105.328 92.05 7.4
      vertex 103.336 93.2 7.4
    endloop
  endfacet
  facet normal 0 0 1
    outer loop
      vertex 105.598 89.9979 7.4
      vertex 103.972 88.3716 7.4
      vertex 104.365 88.0266 7.4
    endloop
  endfacet
  facet normal 0 0 1
    outer loop
      vertex 105.328 92.05 7.4
      vertex 103.104 92.7307 7.4
      vertex 105.158 91.64 7.4
    endloop
  endfacet
  facet normal 0 0 1
    outer loop
      vertex 105.598 89.9979 7.4
      vertex 103.627 88.765 7.4
      vertex 103.972 88.3716 7.4
    endloop
  endfacet
  facet normal -0 0 1
    outer loop
      vertex 102.936 92.2353 7.4
      vertex 105.158 91.64 7.4
      vertex 103.104 92.7307 7.4
    endloop
  endfacet
  facet normal 0 0 1
    outer loop
      vertex 105.328 90.35 7.4
      vertex 103.336 89.2 7.4
      vertex 103.627 88.765 7.4
    endloop
  endfacet
  facet normal -0 0 1
    outer loop
      vertex 102.834 91.7221 7.4
      vertex 105.158 91.64 7.4
      vertex 102.936 92.2353 7.4
    endloop
  endfacet
  facet normal 0 0 1
    outer loop
      vertex 105.328 90.35 7.4
      vertex 103.104 89.6693 7.4
      vertex 103.336 89.2 7.4
    endloop
  endfacet
  facet normal 0 0 1
    outer loop
      vertex 105.158 91.64 7.4
      vertex 102.834 91.7221 7.4
      vertex 105.1 91.2 7.4
    endloop
  endfacet
  facet normal 0 0 1
    outer loop
      vertex 105.158 90.76 7.4
      vertex 102.936 90.1647 7.4
      vertex 103.104 89.6693 7.4
    endloop
  endfacet
  facet normal 0 0 1
    outer loop
      vertex 102.8 91.2 7.4
      vertex 105.1 91.2 7.4
      vertex 102.834 91.7221 7.4
    endloop
  endfacet
  facet normal 0 0 1
    outer loop
      vertex 105.158 90.76 7.4
      vertex 102.834 90.6779 7.4
      vertex 102.936 90.1647 7.4
    endloop
  endfacet
  facet normal 0 0 1
    outer loop
      vertex 105.1 91.2 7.4
      vertex 102.8 91.2 7.4
      vertex 102.834 90.6779 7.4
    endloop
  endfacet
  facet normal -0.195197 0.980764 0
    outer loop
      vertex 106.278 95.1658 2.4
      vertex 105.765 95.0637 7.4
      vertex 106.278 95.1658 7.4
    endloop
  endfacet
  facet normal -0.195197 0.980764 0
    outer loop
      vertex 105.765 95.0637 7.4
      vertex 106.278 95.1658 2.4
      vertex 105.765 95.0637 2.4
    endloop
  endfacet
  facet normal -0.831167 -0.556022 0
    outer loop
      vertex 103.627 88.765 2.4
      vertex 103.336 89.2 7.4
      vertex 103.336 89.2 2.4
    endloop
  endfacet
  facet normal -0.831167 -0.556022 0
    outer loop
      vertex 103.336 89.2 7.4
      vertex 103.627 88.765 2.4
      vertex 103.627 88.765 7.4
    endloop
  endfacet
  facet normal 0.947026 0.321156 0
    outer loop
      vertex 110.664 92.2353 7.4
      vertex 110.496 92.7307 2.4
      vertex 110.496 92.7307 7.4
    endloop
  endfacet
  facet normal 0.947026 0.321156 0
    outer loop
      vertex 110.496 92.7307 2.4
      vertex 110.664 92.2353 7.4
      vertex 110.664 92.2353 2.4
    endloop
  endfacet
  facet normal 0.751842 0.659343 0
    outer loop
      vertex 109.973 93.635 7.4
      vertex 109.628 94.0284 2.4
      vertex 109.628 94.0284 7.4
    endloop
  endfacet
  facet normal 0.751842 0.659343 0
    outer loop
      vertex 109.628 94.0284 2.4
      vertex 109.973 93.635 7.4
      vertex 109.973 93.635 2.4
    endloop
  endfacet
  facet normal 0.831167 0.556022 0
    outer loop
      vertex 110.264 93.2 7.4
      vertex 109.973 93.635 2.4
      vertex 109.973 93.635 7.4
    endloop
  endfacet
  facet normal 0.831167 0.556022 0
    outer loop
      vertex 109.973 93.635 2.4
      vertex 110.264 93.2 7.4
      vertex 110.264 93.2 2.4
    endloop
  endfacet
  facet normal 0.0653771 0.997861 -0
    outer loop
      vertex 107.322 95.1658 2.4
      vertex 106.8 95.2 7.4
      vertex 107.322 95.1658 7.4
    endloop
  endfacet
  facet normal 0.0653771 0.997861 0
    outer loop
      vertex 106.8 95.2 7.4
      vertex 107.322 95.1658 2.4
      vertex 106.8 95.2 2.4
    endloop
  endfacet
  facet normal 0.442465 0.896786 -0
    outer loop
      vertex 108.8 94.6641 2.4
      vertex 108.331 94.8955 7.4
      vertex 108.8 94.6641 7.4
    endloop
  endfacet
  facet normal 0.442465 0.896786 0
    outer loop
      vertex 108.331 94.8955 7.4
      vertex 108.8 94.6641 2.4
      vertex 108.331 94.8955 2.4
    endloop
  endfacet
  facet normal -0.896443 0.443159 0
    outer loop
      vertex 103.104 92.7307 2.4
      vertex 103.336 93.2 7.4
      vertex 103.336 93.2 2.4
    endloop
  endfacet
  facet normal -0.896443 0.443159 0
    outer loop
      vertex 103.336 93.2 7.4
      vertex 103.104 92.7307 2.4
      vertex 103.104 92.7307 7.4
    endloop
  endfacet
  facet normal -0.980815 0.19494 0
    outer loop
      vertex 102.834 91.7221 2.4
      vertex 102.936 92.2353 7.4
      vertex 102.936 92.2353 2.4
    endloop
  endfacet
  facet normal -0.980815 0.19494 0
    outer loop
      vertex 102.936 92.2353 7.4
      vertex 102.834 91.7221 2.4
      vertex 102.834 91.7221 7.4
    endloop
  endfacet
  facet normal -0.997886 0.064984 0
    outer loop
      vertex 102.8 91.2 2.4
      vertex 102.834 91.7221 7.4
      vertex 102.834 91.7221 2.4
    endloop
  endfacet
  facet normal -0.997886 0.064984 0
    outer loop
      vertex 102.834 91.7221 7.4
      vertex 102.8 91.2 2.4
      vertex 102.8 91.2 7.4
    endloop
  endfacet
  facet normal -0.997886 -0.064984 0
    outer loop
      vertex 102.834 90.6779 2.4
      vertex 102.8 91.2 7.4
      vertex 102.8 91.2 2.4
    endloop
  endfacet
  facet normal -0.997886 -0.064984 0
    outer loop
      vertex 102.8 91.2 7.4
      vertex 102.834 90.6779 2.4
      vertex 102.834 90.6779 7.4
    endloop
  endfacet
  facet normal -0.555626 0.831432 0
    outer loop
      vertex 104.8 94.6641 2.4
      vertex 104.365 94.3734 7.4
      vertex 104.8 94.6641 7.4
    endloop
  endfacet
  facet normal -0.555626 0.831432 0
    outer loop
      vertex 104.365 94.3734 7.4
      vertex 104.8 94.6641 2.4
      vertex 104.365 94.3734 2.4
    endloop
  endfacet
  facet normal -0.659722 0.75151 0
    outer loop
      vertex 104.365 94.3734 2.4
      vertex 103.972 94.0284 7.4
      vertex 104.365 94.3734 7.4
    endloop
  endfacet
  facet normal -0.659722 0.75151 0
    outer loop
      vertex 103.972 94.0284 7.4
      vertex 104.365 94.3734 2.4
      vertex 103.972 94.0284 2.4
    endloop
  endfacet
  facet normal -0.32115 0.947028 0
    outer loop
      vertex 105.765 95.0637 2.4
      vertex 105.269 94.8955 7.4
      vertex 105.765 95.0637 7.4
    endloop
  endfacet
  facet normal -0.32115 0.947028 0
    outer loop
      vertex 105.269 94.8955 7.4
      vertex 105.765 95.0637 2.4
      vertex 105.269 94.8955 2.4
    endloop
  endfacet
  facet normal 0.751842 -0.659343 0
    outer loop
      vertex 109.628 88.3716 7.4
      vertex 109.973 88.765 2.4
      vertex 109.973 88.765 7.4
    endloop
  endfacet
  facet normal 0.751842 -0.659343 0
    outer loop
      vertex 109.973 88.765 2.4
      vertex 109.628 88.3716 7.4
      vertex 109.628 88.3716 2.4
    endloop
  endfacet
  facet normal 0.947026 -0.321156 0
    outer loop
      vertex 110.496 89.6693 7.4
      vertex 110.664 90.1647 2.4
      vertex 110.664 90.1647 7.4
    endloop
  endfacet
  facet normal 0.947026 -0.321156 0
    outer loop
      vertex 110.664 90.1647 2.4
      vertex 110.496 89.6693 7.4
      vertex 110.496 89.6693 2.4
    endloop
  endfacet
  facet normal 0.980815 -0.19494 0
    outer loop
      vertex 110.664 90.1647 7.4
      vertex 110.766 90.6779 2.4
      vertex 110.766 90.6779 7.4
    endloop
  endfacet
  facet normal 0.980815 -0.19494 0
    outer loop
      vertex 110.766 90.6779 2.4
      vertex 110.664 90.1647 7.4
      vertex 110.664 90.1647 2.4
    endloop
  endfacet
  facet normal -0.980815 -0.19494 0
    outer loop
      vertex 102.936 90.1647 2.4
      vertex 102.834 90.6779 7.4
      vertex 102.834 90.6779 2.4
    endloop
  endfacet
  facet normal -0.980815 -0.19494 0
    outer loop
      vertex 102.834 90.6779 7.4
      vertex 102.936 90.1647 2.4
      vertex 102.936 90.1647 7.4
    endloop
  endfacet
  facet normal 0.555626 -0.831432 0
    outer loop
      vertex 108.8 87.7359 2.4
      vertex 109.235 88.0266 7.4
      vertex 108.8 87.7359 7.4
    endloop
  endfacet
  facet normal 0.555626 -0.831432 0
    outer loop
      vertex 109.235 88.0266 7.4
      vertex 108.8 87.7359 2.4
      vertex 109.235 88.0266 2.4
    endloop
  endfacet
  facet normal 0.659722 -0.75151 0
    outer loop
      vertex 109.235 88.0266 2.4
      vertex 109.628 88.3716 7.4
      vertex 109.235 88.0266 7.4
    endloop
  endfacet
  facet normal 0.659722 -0.75151 0
    outer loop
      vertex 109.628 88.3716 7.4
      vertex 109.235 88.0266 2.4
      vertex 109.628 88.3716 2.4
    endloop
  endfacet
  facet normal 0.831167 -0.556022 0
    outer loop
      vertex 109.973 88.765 7.4
      vertex 110.264 89.2 2.4
      vertex 110.264 89.2 7.4
    endloop
  endfacet
  facet normal 0.831167 -0.556022 0
    outer loop
      vertex 110.264 89.2 2.4
      vertex 109.973 88.765 7.4
      vertex 109.973 88.765 2.4
    endloop
  endfacet
  facet normal 0.997886 -0.064984 0
    outer loop
      vertex 110.766 90.6779 7.4
      vertex 110.8 91.2 2.4
      vertex 110.8 91.2 7.4
    endloop
  endfacet
  facet normal 0.997886 -0.064984 0
    outer loop
      vertex 110.8 91.2 2.4
      vertex 110.766 90.6779 7.4
      vertex 110.766 90.6779 2.4
    endloop
  endfacet
  facet normal -0.659722 -0.75151 0
    outer loop
      vertex 103.972 88.3716 2.4
      vertex 104.365 88.0266 7.4
      vertex 103.972 88.3716 7.4
    endloop
  endfacet
  facet normal -0.659722 -0.75151 -0
    outer loop
      vertex 104.365 88.0266 7.4
      vertex 103.972 88.3716 2.4
      vertex 104.365 88.0266 2.4
    endloop
  endfacet
  facet normal -0.947026 -0.321156 0
    outer loop
      vertex 103.104 89.6693 2.4
      vertex 102.936 90.1647 7.4
      vertex 102.936 90.1647 2.4
    endloop
  endfacet
  facet normal -0.947026 -0.321156 0
    outer loop
      vertex 102.936 90.1647 7.4
      vertex 103.104 89.6693 2.4
      vertex 103.104 89.6693 7.4
    endloop
  endfacet
  facet normal -0.896443 -0.443159 0
    outer loop
      vertex 103.336 89.2 2.4
      vertex 103.104 89.6693 7.4
      vertex 103.104 89.6693 2.4
    endloop
  endfacet
  facet normal -0.896443 -0.443159 0
    outer loop
      vertex 103.104 89.6693 7.4
      vertex 103.336 89.2 2.4
      vertex 103.336 89.2 7.4
    endloop
  endfacet
  facet normal 0.442465 -0.896786 0
    outer loop
      vertex 108.331 87.5045 2.4
      vertex 108.8 87.7359 7.4
      vertex 108.331 87.5045 7.4
    endloop
  endfacet
  facet normal 0.442465 -0.896786 0
    outer loop
      vertex 108.8 87.7359 7.4
      vertex 108.331 87.5045 2.4
      vertex 108.8 87.7359 2.4
    endloop
  endfacet
  facet normal 0.32115 -0.947028 0
    outer loop
      vertex 107.835 87.3363 2.4
      vertex 108.331 87.5045 7.4
      vertex 107.835 87.3363 7.4
    endloop
  endfacet
  facet normal 0.32115 -0.947028 0
    outer loop
      vertex 108.331 87.5045 7.4
      vertex 107.835 87.3363 2.4
      vertex 108.331 87.5045 2.4
    endloop
  endfacet
  facet normal 0.195197 -0.980764 0
    outer loop
      vertex 107.322 87.2342 2.4
      vertex 107.835 87.3363 7.4
      vertex 107.322 87.2342 7.4
    endloop
  endfacet
  facet normal 0.195197 -0.980764 0
    outer loop
      vertex 107.835 87.3363 7.4
      vertex 107.322 87.2342 2.4
      vertex 107.835 87.3363 2.4
    endloop
  endfacet
  facet normal 0.896443 -0.443159 0
    outer loop
      vertex 110.264 89.2 7.4
      vertex 110.496 89.6693 2.4
      vertex 110.496 89.6693 7.4
    endloop
  endfacet
  facet normal 0.896443 -0.443159 0
    outer loop
      vertex 110.496 89.6693 2.4
      vertex 110.264 89.2 7.4
      vertex 110.264 89.2 2.4
    endloop
  endfacet
  facet normal -0.0653771 -0.997861 0
    outer loop
      vertex 106.278 87.2342 2.4
      vertex 106.8 87.2 7.4
      vertex 106.278 87.2342 7.4
    endloop
  endfacet
  facet normal -0.0653771 -0.997861 -0
    outer loop
      vertex 106.8 87.2 7.4
      vertex 106.278 87.2342 2.4
      vertex 106.8 87.2 2.4
    endloop
  endfacet
  facet normal -0.195197 -0.980764 0
    outer loop
      vertex 105.765 87.3363 2.4
      vertex 106.278 87.2342 7.4
      vertex 105.765 87.3363 7.4
    endloop
  endfacet
  facet normal -0.195197 -0.980764 -0
    outer loop
      vertex 106.278 87.2342 7.4
      vertex 105.765 87.3363 2.4
      vertex 106.278 87.2342 2.4
    endloop
  endfacet
  facet normal -0.751842 -0.659343 0
    outer loop
      vertex 103.972 88.3716 2.4
      vertex 103.627 88.765 7.4
      vertex 103.627 88.765 2.4
    endloop
  endfacet
  facet normal -0.751842 -0.659343 0
    outer loop
      vertex 103.627 88.765 7.4
      vertex 103.972 88.3716 2.4
      vertex 103.972 88.3716 7.4
    endloop
  endfacet
  facet normal -0.555626 -0.831432 0
    outer loop
      vertex 104.365 88.0266 2.4
      vertex 104.8 87.7359 7.4
      vertex 104.365 88.0266 7.4
    endloop
  endfacet
  facet normal -0.555626 -0.831432 -0
    outer loop
      vertex 104.8 87.7359 7.4
      vertex 104.365 88.0266 2.4
      vertex 104.8 87.7359 2.4
    endloop
  endfacet
  facet normal -0.32115 -0.947028 0
    outer loop
      vertex 105.269 87.5045 2.4
      vertex 105.765 87.3363 7.4
      vertex 105.269 87.5045 7.4
    endloop
  endfacet
  facet normal -0.32115 -0.947028 -0
    outer loop
      vertex 105.765 87.3363 7.4
      vertex 105.269 87.5045 2.4
      vertex 105.765 87.3363 2.4
    endloop
  endfacet
  facet normal -0.442465 -0.896786 0
    outer loop
      vertex 104.8 87.7359 2.4
      vertex 105.269 87.5045 7.4
      vertex 104.8 87.7359 7.4
    endloop
  endfacet
  facet normal -0.442465 -0.896786 -0
    outer loop
      vertex 105.269 87.5045 7.4
      vertex 104.8 87.7359 2.4
      vertex 105.269 87.5045 2.4
    endloop
  endfacet
  facet normal 0.947028 0.32115 0
    outer loop
      vertex 22.3637 121.035 7.4
      vertex 22.1955 121.531 2.4
      vertex 22.1955 121.531 7.4
    endloop
  endfacet
  facet normal 0.947028 0.32115 0
    outer loop
      vertex 22.1955 121.531 2.4
      vertex 22.3637 121.035 7.4
      vertex 22.3637 121.035 2.4
    endloop
  endfacet
  facet normal 0.997861 0.0653771 0
    outer loop
      vertex 22.5 120 7.4
      vertex 22.4658 120.522 2.4
      vertex 22.4658 120.522 7.4
    endloop
  endfacet
  facet normal 0.997861 0.0653771 0
    outer loop
      vertex 22.4658 120.522 2.4
      vertex 22.5 120 7.4
      vertex 22.5 120 2.4
    endloop
  endfacet
  facet normal -0.064984 0.997886 0
    outer loop
      vertex 18.5 124 2.4
      vertex 17.9779 123.966 7.4
      vertex 18.5 124 7.4
    endloop
  endfacet
  facet normal -0.064984 0.997886 0
    outer loop
      vertex 17.9779 123.966 7.4
      vertex 18.5 124 2.4
      vertex 17.9779 123.966 2.4
    endloop
  endfacet
  facet normal 0.659343 0.751842 -0
    outer loop
      vertex 21.3284 122.828 2.4
      vertex 20.935 123.173 7.4
      vertex 21.3284 122.828 7.4
    endloop
  endfacet
  facet normal 0.659343 0.751842 0
    outer loop
      vertex 20.935 123.173 7.4
      vertex 21.3284 122.828 2.4
      vertex 20.935 123.173 2.4
    endloop
  endfacet
  facet normal -0.75151 0.659722 0
    outer loop
      vertex 15.3266 122.435 2.4
      vertex 15.6716 122.828 7.4
      vertex 15.6716 122.828 2.4
    endloop
  endfacet
  facet normal -0.75151 0.659722 0
    outer loop
      vertex 15.6716 122.828 7.4
      vertex 15.3266 122.435 2.4
      vertex 15.3266 122.435 7.4
    endloop
  endfacet
  facet normal -0.443159 0.896443 0
    outer loop
      vertex 16.9693 123.696 2.4
      vertex 16.5 123.464 7.4
      vertex 16.9693 123.696 7.4
    endloop
  endfacet
  facet normal -0.443159 0.896443 0
    outer loop
      vertex 16.5 123.464 7.4
      vertex 16.9693 123.696 2.4
      vertex 16.5 123.464 2.4
    endloop
  endfacet
  facet normal -0.75151 -0.659722 0
    outer loop
      vertex 15.6716 117.172 2.4
      vertex 15.3266 117.565 7.4
      vertex 15.3266 117.565 2.4
    endloop
  endfacet
  facet normal -0.75151 -0.659722 0
    outer loop
      vertex 15.3266 117.565 7.4
      vertex 15.6716 117.172 2.4
      vertex 15.6716 117.172 7.4
    endloop
  endfacet
  facet normal 0.896786 0.442465 0
    outer loop
      vertex 22.1955 121.531 7.4
      vertex 21.9641 122 2.4
      vertex 21.9641 122 7.4
    endloop
  endfacet
  facet normal 0.896786 0.442465 0
    outer loop
      vertex 21.9641 122 2.4
      vertex 22.1955 121.531 7.4
      vertex 22.1955 121.531 2.4
    endloop
  endfacet
  facet normal 0.831432 0.555626 0
    outer loop
      vertex 21.9641 122 7.4
      vertex 21.6734 122.435 2.4
      vertex 21.6734 122.435 7.4
    endloop
  endfacet
  facet normal 0.831432 0.555626 0
    outer loop
      vertex 21.6734 122.435 2.4
      vertex 21.9641 122 7.4
      vertex 21.9641 122 2.4
    endloop
  endfacet
  facet normal 0.321156 0.947026 -0
    outer loop
      vertex 20.0307 123.696 2.4
      vertex 19.5353 123.864 7.4
      vertex 20.0307 123.696 7.4
    endloop
  endfacet
  facet normal 0.321156 0.947026 0
    outer loop
      vertex 19.5353 123.864 7.4
      vertex 20.0307 123.696 2.4
      vertex 19.5353 123.864 2.4
    endloop
  endfacet
  facet normal 0.064984 0.997886 -0
    outer loop
      vertex 19.0221 123.966 2.4
      vertex 18.5 124 7.4
      vertex 19.0221 123.966 7.4
    endloop
  endfacet
  facet normal 0.064984 0.997886 0
    outer loop
      vertex 18.5 124 7.4
      vertex 19.0221 123.966 2.4
      vertex 18.5 124 2.4
    endloop
  endfacet
  facet normal 0.556022 0.831167 -0
    outer loop
      vertex 20.935 123.173 2.4
      vertex 20.5 123.464 7.4
      vertex 20.935 123.173 7.4
    endloop
  endfacet
  facet normal 0.556022 0.831167 0
    outer loop
      vertex 20.5 123.464 7.4
      vertex 20.935 123.173 2.4
      vertex 20.5 123.464 2.4
    endloop
  endfacet
  facet normal -0.947028 0.32115 0
    outer loop
      vertex 14.6363 121.035 2.4
      vertex 14.8045 121.531 7.4
      vertex 14.8045 121.531 2.4
    endloop
  endfacet
  facet normal -0.947028 0.32115 0
    outer loop
      vertex 14.8045 121.531 7.4
      vertex 14.6363 121.035 2.4
      vertex 14.6363 121.035 7.4
    endloop
  endfacet
  facet normal -0.896786 0.442465 0
    outer loop
      vertex 14.8045 121.531 2.4
      vertex 15.0359 122 7.4
      vertex 15.0359 122 2.4
    endloop
  endfacet
  facet normal -0.896786 0.442465 0
    outer loop
      vertex 15.0359 122 7.4
      vertex 14.8045 121.531 2.4
      vertex 14.8045 121.531 7.4
    endloop
  endfacet
  facet normal -0.980764 0.195197 0
    outer loop
      vertex 14.5342 120.522 2.4
      vertex 14.6363 121.035 7.4
      vertex 14.6363 121.035 2.4
    endloop
  endfacet
  facet normal -0.980764 0.195197 0
    outer loop
      vertex 14.6363 121.035 7.4
      vertex 14.5342 120.522 2.4
      vertex 14.5342 120.522 7.4
    endloop
  endfacet
  facet normal -0.997861 -0.0653771 0
    outer loop
      vertex 14.5342 119.478 2.4
      vertex 14.5 120 7.4
      vertex 14.5 120 2.4
    endloop
  endfacet
  facet normal -0.997861 -0.0653771 0
    outer loop
      vertex 14.5 120 7.4
      vertex 14.5342 119.478 2.4
      vertex 14.5342 119.478 7.4
    endloop
  endfacet
  facet normal -0.556022 0.831167 0
    outer loop
      vertex 16.5 123.464 2.4
      vertex 16.065 123.173 7.4
      vertex 16.5 123.464 7.4
    endloop
  endfacet
  facet normal -0.556022 0.831167 0
    outer loop
      vertex 16.065 123.173 7.4
      vertex 16.5 123.464 2.4
      vertex 16.065 123.173 2.4
    endloop
  endfacet
  facet normal -0.19494 0.980815 0
    outer loop
      vertex 17.9779 123.966 2.4
      vertex 17.4647 123.864 7.4
      vertex 17.9779 123.966 7.4
    endloop
  endfacet
  facet normal -0.19494 0.980815 0
    outer loop
      vertex 17.4647 123.864 7.4
      vertex 17.9779 123.966 2.4
      vertex 17.4647 123.864 2.4
    endloop
  endfacet
  facet normal 0.75151 -0.659722 0
    outer loop
      vertex 21.3284 117.172 7.4
      vertex 21.6734 117.565 2.4
      vertex 21.6734 117.565 7.4
    endloop
  endfacet
  facet normal 0.75151 -0.659722 0
    outer loop
      vertex 21.6734 117.565 2.4
      vertex 21.3284 117.172 7.4
      vertex 21.3284 117.172 2.4
    endloop
  endfacet
  facet normal 0.556022 -0.831167 0
    outer loop
      vertex 20.5 116.536 2.4
      vertex 20.935 116.827 7.4
      vertex 20.5 116.536 7.4
    endloop
  endfacet
  facet normal 0.556022 -0.831167 0
    outer loop
      vertex 20.935 116.827 7.4
      vertex 20.5 116.536 2.4
      vertex 20.935 116.827 2.4
    endloop
  endfacet
  facet normal 0.980764 -0.195197 0
    outer loop
      vertex 22.3637 118.965 7.4
      vertex 22.4658 119.478 2.4
      vertex 22.4658 119.478 7.4
    endloop
  endfacet
  facet normal 0.980764 -0.195197 0
    outer loop
      vertex 22.4658 119.478 2.4
      vertex 22.3637 118.965 7.4
      vertex 22.3637 118.965 2.4
    endloop
  endfacet
  facet normal -0.19494 -0.980815 0
    outer loop
      vertex 17.4647 116.136 2.4
      vertex 17.9779 116.034 7.4
      vertex 17.4647 116.136 7.4
    endloop
  endfacet
  facet normal -0.19494 -0.980815 -0
    outer loop
      vertex 17.9779 116.034 7.4
      vertex 17.4647 116.136 2.4
      vertex 17.9779 116.034 2.4
    endloop
  endfacet
  facet normal -0.321156 -0.947026 0
    outer loop
      vertex 16.9693 116.304 2.4
      vertex 17.4647 116.136 7.4
      vertex 16.9693 116.304 7.4
    endloop
  endfacet
  facet normal -0.321156 -0.947026 -0
    outer loop
      vertex 17.4647 116.136 7.4
      vertex 16.9693 116.304 2.4
      vertex 17.4647 116.136 2.4
    endloop
  endfacet
  facet normal -0.947028 -0.32115 0
    outer loop
      vertex 14.8045 118.469 2.4
      vertex 14.6363 118.965 7.4
      vertex 14.6363 118.965 2.4
    endloop
  endfacet
  facet normal -0.947028 -0.32115 0
    outer loop
      vertex 14.6363 118.965 7.4
      vertex 14.8045 118.469 2.4
      vertex 14.8045 118.469 7.4
    endloop
  endfacet
  facet normal -0.831432 -0.555626 0
    outer loop
      vertex 15.3266 117.565 2.4
      vertex 15.0359 118 7.4
      vertex 15.0359 118 2.4
    endloop
  endfacet
  facet normal -0.831432 -0.555626 0
    outer loop
      vertex 15.0359 118 7.4
      vertex 15.3266 117.565 2.4
      vertex 15.3266 117.565 7.4
    endloop
  endfacet
  facet normal -0.896786 -0.442465 0
    outer loop
      vertex 15.0359 118 2.4
      vertex 14.8045 118.469 7.4
      vertex 14.8045 118.469 2.4
    endloop
  endfacet
  facet normal -0.896786 -0.442465 0
    outer loop
      vertex 14.8045 118.469 7.4
      vertex 15.0359 118 2.4
      vertex 15.0359 118 7.4
    endloop
  endfacet
  facet normal 0.443159 0.896443 -0
    outer loop
      vertex 20.5 123.464 2.4
      vertex 20.0307 123.696 7.4
      vertex 20.5 123.464 7.4
    endloop
  endfacet
  facet normal 0.443159 0.896443 0
    outer loop
      vertex 20.0307 123.696 7.4
      vertex 20.5 123.464 2.4
      vertex 20.0307 123.696 2.4
    endloop
  endfacet
  facet normal -0.321156 0.947026 0
    outer loop
      vertex 17.4647 123.864 2.4
      vertex 16.9693 123.696 7.4
      vertex 17.4647 123.864 7.4
    endloop
  endfacet
  facet normal -0.321156 0.947026 0
    outer loop
      vertex 16.9693 123.696 7.4
      vertex 17.4647 123.864 2.4
      vertex 16.9693 123.696 2.4
    endloop
  endfacet
  facet normal 0.443159 -0.896443 0
    outer loop
      vertex 20.0307 116.304 2.4
      vertex 20.5 116.536 7.4
      vertex 20.0307 116.304 7.4
    endloop
  endfacet
  facet normal 0.443159 -0.896443 0
    outer loop
      vertex 20.5 116.536 7.4
      vertex 20.0307 116.304 2.4
      vertex 20.5 116.536 2.4
    endloop
  endfacet
  facet normal 0.19494 -0.980815 0
    outer loop
      vertex 19.0221 116.034 2.4
      vertex 19.5353 116.136 7.4
      vertex 19.0221 116.034 7.4
    endloop
  endfacet
  facet normal 0.19494 -0.980815 0
    outer loop
      vertex 19.5353 116.136 7.4
      vertex 19.0221 116.034 2.4
      vertex 19.5353 116.136 2.4
    endloop
  endfacet
  facet normal 0.321156 -0.947026 0
    outer loop
      vertex 19.5353 116.136 2.4
      vertex 20.0307 116.304 7.4
      vertex 19.5353 116.136 7.4
    endloop
  endfacet
  facet normal 0.321156 -0.947026 0
    outer loop
      vertex 20.0307 116.304 7.4
      vertex 19.5353 116.136 2.4
      vertex 20.0307 116.304 2.4
    endloop
  endfacet
  facet normal 0.659343 -0.751842 0
    outer loop
      vertex 20.935 116.827 2.4
      vertex 21.3284 117.172 7.4
      vertex 20.935 116.827 7.4
    endloop
  endfacet
  facet normal 0.659343 -0.751842 0
    outer loop
      vertex 21.3284 117.172 7.4
      vertex 20.935 116.827 2.4
      vertex 21.3284 117.172 2.4
    endloop
  endfacet
  facet normal 0.947028 -0.32115 0
    outer loop
      vertex 22.1955 118.469 7.4
      vertex 22.3637 118.965 2.4
      vertex 22.3637 118.965 7.4
    endloop
  endfacet
  facet normal 0.947028 -0.32115 0
    outer loop
      vertex 22.3637 118.965 2.4
      vertex 22.1955 118.469 7.4
      vertex 22.1955 118.469 2.4
    endloop
  endfacet
  facet normal 0.831432 -0.555626 0
    outer loop
      vertex 21.6734 117.565 7.4
      vertex 21.9641 118 2.4
      vertex 21.9641 118 7.4
    endloop
  endfacet
  facet normal 0.831432 -0.555626 0
    outer loop
      vertex 21.9641 118 2.4
      vertex 21.6734 117.565 7.4
      vertex 21.6734 117.565 2.4
    endloop
  endfacet
  facet normal 0.896786 -0.442465 0
    outer loop
      vertex 21.9641 118 7.4
      vertex 22.1955 118.469 2.4
      vertex 22.1955 118.469 7.4
    endloop
  endfacet
  facet normal 0.896786 -0.442465 0
    outer loop
      vertex 22.1955 118.469 2.4
      vertex 21.9641 118 7.4
      vertex 21.9641 118 2.4
    endloop
  endfacet
  facet normal 0.997861 -0.0653771 0
    outer loop
      vertex 22.4658 119.478 7.4
      vertex 22.5 120 2.4
      vertex 22.5 120 7.4
    endloop
  endfacet
  facet normal 0.997861 -0.0653771 0
    outer loop
      vertex 22.5 120 2.4
      vertex 22.4658 119.478 7.4
      vertex 22.4658 119.478 2.4
    endloop
  endfacet
  facet normal -0.064984 -0.997886 0
    outer loop
      vertex 17.9779 116.034 2.4
      vertex 18.5 116 7.4
      vertex 17.9779 116.034 7.4
    endloop
  endfacet
  facet normal -0.064984 -0.997886 -0
    outer loop
      vertex 18.5 116 7.4
      vertex 17.9779 116.034 2.4
      vertex 18.5 116 2.4
    endloop
  endfacet
  facet normal -0.556022 -0.831167 0
    outer loop
      vertex 16.065 116.827 2.4
      vertex 16.5 116.536 7.4
      vertex 16.065 116.827 7.4
    endloop
  endfacet
  facet normal -0.556022 -0.831167 -0
    outer loop
      vertex 16.5 116.536 7.4
      vertex 16.065 116.827 2.4
      vertex 16.5 116.536 2.4
    endloop
  endfacet
  facet normal 0.064984 -0.997886 0
    outer loop
      vertex 18.5 116 2.4
      vertex 19.0221 116.034 7.4
      vertex 18.5 116 7.4
    endloop
  endfacet
  facet normal 0.064984 -0.997886 0
    outer loop
      vertex 19.0221 116.034 7.4
      vertex 18.5 116 2.4
      vertex 19.0221 116.034 2.4
    endloop
  endfacet
  facet normal -0.443159 -0.896443 0
    outer loop
      vertex 16.5 116.536 2.4
      vertex 16.9693 116.304 7.4
      vertex 16.5 116.536 7.4
    endloop
  endfacet
  facet normal -0.443159 -0.896443 -0
    outer loop
      vertex 16.9693 116.304 7.4
      vertex 16.5 116.536 2.4
      vertex 16.9693 116.304 2.4
    endloop
  endfacet
  facet normal -0.659343 -0.751842 0
    outer loop
      vertex 15.6716 117.172 2.4
      vertex 16.065 116.827 7.4
      vertex 15.6716 117.172 7.4
    endloop
  endfacet
  facet normal -0.659343 -0.751842 -0
    outer loop
      vertex 16.065 116.827 7.4
      vertex 15.6716 117.172 2.4
      vertex 16.065 116.827 2.4
    endloop
  endfacet
  facet normal -0.980764 -0.195197 0
    outer loop
      vertex 14.6363 118.965 2.4
      vertex 14.5342 119.478 7.4
      vertex 14.5342 119.478 2.4
    endloop
  endfacet
  facet normal -0.980764 -0.195197 0
    outer loop
      vertex 14.5342 119.478 7.4
      vertex 14.6363 118.965 2.4
      vertex 14.6363 118.965 7.4
    endloop
  endfacet
  facet normal 0.980764 0.195197 0
    outer loop
      vertex 22.4658 120.522 7.4
      vertex 22.3637 121.035 2.4
      vertex 22.3637 121.035 7.4
    endloop
  endfacet
  facet normal 0.980764 0.195197 0
    outer loop
      vertex 22.3637 121.035 2.4
      vertex 22.4658 120.522 7.4
      vertex 22.4658 120.522 2.4
    endloop
  endfacet
  facet normal 0.75151 0.659722 0
    outer loop
      vertex 21.6734 122.435 7.4
      vertex 21.3284 122.828 2.4
      vertex 21.3284 122.828 7.4
    endloop
  endfacet
  facet normal 0.75151 0.659722 0
    outer loop
      vertex 21.3284 122.828 2.4
      vertex 21.6734 122.435 7.4
      vertex 21.6734 122.435 2.4
    endloop
  endfacet
  facet normal 0.19494 0.980815 -0
    outer loop
      vertex 19.5353 123.864 2.4
      vertex 19.0221 123.966 7.4
      vertex 19.5353 123.864 7.4
    endloop
  endfacet
  facet normal 0.19494 0.980815 0
    outer loop
      vertex 19.0221 123.966 7.4
      vertex 19.5353 123.864 2.4
      vertex 19.0221 123.966 2.4
    endloop
  endfacet
  facet normal -0.831432 0.555626 0
    outer loop
      vertex 15.0359 122 2.4
      vertex 15.3266 122.435 7.4
      vertex 15.3266 122.435 2.4
    endloop
  endfacet
  facet normal -0.831432 0.555626 0
    outer loop
      vertex 15.3266 122.435 7.4
      vertex 15.0359 122 2.4
      vertex 15.0359 122 7.4
    endloop
  endfacet
  facet normal 0 0 1
    outer loop
      vertex 20.2 120 7.4
      vertex 22.5 120 7.4
      vertex 22.4658 120.522 7.4
    endloop
  endfacet
  facet normal 0 0 1
    outer loop
      vertex 20.1421 120.44 7.4
      vertex 22.4658 120.522 7.4
      vertex 22.3637 121.035 7.4
    endloop
  endfacet
  facet normal 0 0 1
    outer loop
      vertex 22.5 120 7.4
      vertex 20.2 120 7.4
      vertex 22.4658 119.478 7.4
    endloop
  endfacet
  facet normal 0 0 1
    outer loop
      vertex 20.1421 120.44 7.4
      vertex 22.3637 121.035 7.4
      vertex 22.1955 121.531 7.4
    endloop
  endfacet
  facet normal -0 0 1
    outer loop
      vertex 20.1421 119.56 7.4
      vertex 22.4658 119.478 7.4
      vertex 20.2 120 7.4
    endloop
  endfacet
  facet normal 0 0 1
    outer loop
      vertex 19.9722 120.85 7.4
      vertex 22.1955 121.531 7.4
      vertex 21.9641 122 7.4
    endloop
  endfacet
  facet normal 0 0 1
    outer loop
      vertex 22.4658 119.478 7.4
      vertex 20.1421 119.56 7.4
      vertex 22.3637 118.965 7.4
    endloop
  endfacet
  facet normal 0 0 1
    outer loop
      vertex 19.9722 120.85 7.4
      vertex 21.9641 122 7.4
      vertex 21.6734 122.435 7.4
    endloop
  endfacet
  facet normal 0 0 1
    outer loop
      vertex 22.3637 118.965 7.4
      vertex 20.1421 119.56 7.4
      vertex 22.1955 118.469 7.4
    endloop
  endfacet
  facet normal 0 0 1
    outer loop
      vertex 19.7021 121.202 7.4
      vertex 21.6734 122.435 7.4
      vertex 21.3284 122.828 7.4
    endloop
  endfacet
  facet normal -0 0 1
    outer loop
      vertex 19.9722 119.15 7.4
      vertex 22.1955 118.469 7.4
      vertex 20.1421 119.56 7.4
    endloop
  endfacet
  facet normal 0 0 1
    outer loop
      vertex 19.7021 121.202 7.4
      vertex 21.3284 122.828 7.4
      vertex 20.935 123.173 7.4
    endloop
  endfacet
  facet normal 0 0 1
    outer loop
      vertex 22.1955 118.469 7.4
      vertex 19.9722 119.15 7.4
      vertex 21.9641 118 7.4
    endloop
  endfacet
  facet normal 0 0 1
    outer loop
      vertex 19.35 121.472 7.4
      vertex 20.935 123.173 7.4
      vertex 20.5 123.464 7.4
    endloop
  endfacet
  facet normal 0 0 1
    outer loop
      vertex 21.9641 118 7.4
      vertex 19.9722 119.15 7.4
      vertex 21.6734 117.565 7.4
    endloop
  endfacet
  facet normal -0 0 1
    outer loop
      vertex 19.7021 118.798 7.4
      vertex 21.6734 117.565 7.4
      vertex 19.9722 119.15 7.4
    endloop
  endfacet
  facet normal 0 0 1
    outer loop
      vertex 22.4658 120.522 7.4
      vertex 20.1421 120.44 7.4
      vertex 20.2 120 7.4
    endloop
  endfacet
  facet normal 0 0 1
    outer loop
      vertex 19.35 121.472 7.4
      vertex 20.5 123.464 7.4
      vertex 20.0307 123.696 7.4
    endloop
  endfacet
  facet normal 0 0 1
    outer loop
      vertex 22.1955 121.531 7.4
      vertex 19.9722 120.85 7.4
      vertex 20.1421 120.44 7.4
    endloop
  endfacet
  facet normal 0 0 1
    outer loop
      vertex 21.6734 122.435 7.4
      vertex 19.7021 121.202 7.4
      vertex 19.9722 120.85 7.4
    endloop
  endfacet
  facet normal 0 0 1
    outer loop
      vertex 18.94 121.642 7.4
      vertex 20.0307 123.696 7.4
      vertex 19.5353 123.864 7.4
    endloop
  endfacet
  facet normal 0 0 1
    outer loop
      vertex 20.935 123.173 7.4
      vertex 19.35 121.472 7.4
      vertex 19.7021 121.202 7.4
    endloop
  endfacet
  facet normal 0 0 1
    outer loop
      vertex 18.94 121.642 7.4
      vertex 19.5353 123.864 7.4
      vertex 19.0221 123.966 7.4
    endloop
  endfacet
  facet normal 0 0 1
    outer loop
      vertex 20.0307 123.696 7.4
      vertex 18.94 121.642 7.4
      vertex 19.35 121.472 7.4
    endloop
  endfacet
  facet normal 0 0 1
    outer loop
      vertex 18.5 121.7 7.4
      vertex 19.0221 123.966 7.4
      vertex 18.5 124 7.4
    endloop
  endfacet
  facet normal 0 0 1
    outer loop
      vertex 19.0221 123.966 7.4
      vertex 18.5 121.7 7.4
      vertex 18.94 121.642 7.4
    endloop
  endfacet
  facet normal -0 0 1
    outer loop
      vertex 17.9779 123.966 7.4
      vertex 18.5 121.7 7.4
      vertex 18.5 124 7.4
    endloop
  endfacet
  facet normal 0 0 1
    outer loop
      vertex 18.5 121.7 7.4
      vertex 17.9779 123.966 7.4
      vertex 18.06 121.642 7.4
    endloop
  endfacet
  facet normal -0 0 1
    outer loop
      vertex 17.4647 123.864 7.4
      vertex 18.06 121.642 7.4
      vertex 17.9779 123.966 7.4
    endloop
  endfacet
  facet normal -0 0 1
    outer loop
      vertex 16.9693 123.696 7.4
      vertex 18.06 121.642 7.4
      vertex 17.4647 123.864 7.4
    endloop
  endfacet
  facet normal 0 0 1
    outer loop
      vertex 18.06 121.642 7.4
      vertex 16.9693 123.696 7.4
      vertex 17.65 121.472 7.4
    endloop
  endfacet
  facet normal -0 0 1
    outer loop
      vertex 16.5 123.464 7.4
      vertex 17.65 121.472 7.4
      vertex 16.9693 123.696 7.4
    endloop
  endfacet
  facet normal -0 0 1
    outer loop
      vertex 16.065 123.173 7.4
      vertex 17.65 121.472 7.4
      vertex 16.5 123.464 7.4
    endloop
  endfacet
  facet normal 0 0 1
    outer loop
      vertex 17.65 121.472 7.4
      vertex 16.065 123.173 7.4
      vertex 17.2979 121.202 7.4
    endloop
  endfacet
  facet normal -0 0 1
    outer loop
      vertex 15.6716 122.828 7.4
      vertex 17.2979 121.202 7.4
      vertex 16.065 123.173 7.4
    endloop
  endfacet
  facet normal -0 0 1
    outer loop
      vertex 15.3266 122.435 7.4
      vertex 17.2979 121.202 7.4
      vertex 15.6716 122.828 7.4
    endloop
  endfacet
  facet normal 0 0 1
    outer loop
      vertex 21.6734 117.565 7.4
      vertex 19.7021 118.798 7.4
      vertex 21.3284 117.172 7.4
    endloop
  endfacet
  facet normal 0 0 1
    outer loop
      vertex 21.3284 117.172 7.4
      vertex 19.7021 118.798 7.4
      vertex 20.935 116.827 7.4
    endloop
  endfacet
  facet normal -0 0 1
    outer loop
      vertex 19.35 118.528 7.4
      vertex 20.935 116.827 7.4
      vertex 19.7021 118.798 7.4
    endloop
  endfacet
  facet normal 0 0 1
    outer loop
      vertex 20.935 116.827 7.4
      vertex 19.35 118.528 7.4
      vertex 20.5 116.536 7.4
    endloop
  endfacet
  facet normal 0 0 1
    outer loop
      vertex 20.5 116.536 7.4
      vertex 19.35 118.528 7.4
      vertex 20.0307 116.304 7.4
    endloop
  endfacet
  facet normal -0 0 1
    outer loop
      vertex 18.94 118.358 7.4
      vertex 20.0307 116.304 7.4
      vertex 19.35 118.528 7.4
    endloop
  endfacet
  facet normal 0 0 1
    outer loop
      vertex 20.0307 116.304 7.4
      vertex 18.94 118.358 7.4
      vertex 19.5353 116.136 7.4
    endloop
  endfacet
  facet normal 0 0 1
    outer loop
      vertex 19.5353 116.136 7.4
      vertex 18.94 118.358 7.4
      vertex 19.0221 116.034 7.4
    endloop
  endfacet
  facet normal -0 0 1
    outer loop
      vertex 18.5 118.3 7.4
      vertex 19.0221 116.034 7.4
      vertex 18.94 118.358 7.4
    endloop
  endfacet
  facet normal 0 0 1
    outer loop
      vertex 18.5 118.3 7.4
      vertex 18.5 116 7.4
      vertex 19.0221 116.034 7.4
    endloop
  endfacet
  facet normal 0 0 1
    outer loop
      vertex 17.9779 116.034 7.4
      vertex 18.5 118.3 7.4
      vertex 18.06 118.358 7.4
    endloop
  endfacet
  facet normal 0 0 1
    outer loop
      vertex 18.5 118.3 7.4
      vertex 17.9779 116.034 7.4
      vertex 18.5 116 7.4
    endloop
  endfacet
  facet normal 0 0 1
    outer loop
      vertex 16.9693 116.304 7.4
      vertex 18.06 118.358 7.4
      vertex 17.65 118.528 7.4
    endloop
  endfacet
  facet normal 0 0 1
    outer loop
      vertex 18.06 118.358 7.4
      vertex 17.4647 116.136 7.4
      vertex 17.9779 116.034 7.4
    endloop
  endfacet
  facet normal 0 0 1
    outer loop
      vertex 16.065 116.827 7.4
      vertex 17.65 118.528 7.4
      vertex 17.2979 118.798 7.4
    endloop
  endfacet
  facet normal 0 0 1
    outer loop
      vertex 15.3266 117.565 7.4
      vertex 17.2979 118.798 7.4
      vertex 17.0278 119.15 7.4
    endloop
  endfacet
  facet normal 0 0 1
    outer loop
      vertex 18.06 118.358 7.4
      vertex 16.9693 116.304 7.4
      vertex 17.4647 116.136 7.4
    endloop
  endfacet
  facet normal 0 0 1
    outer loop
      vertex 14.8045 118.469 7.4
      vertex 17.0278 119.15 7.4
      vertex 16.8579 119.56 7.4
    endloop
  endfacet
  facet normal 0 0 1
    outer loop
      vertex 14.5342 119.478 7.4
      vertex 16.8579 119.56 7.4
      vertex 16.8 120 7.4
    endloop
  endfacet
  facet normal 0 0 1
    outer loop
      vertex 17.2979 121.202 7.4
      vertex 15.3266 122.435 7.4
      vertex 17.0278 120.85 7.4
    endloop
  endfacet
  facet normal 0 0 1
    outer loop
      vertex 17.65 118.528 7.4
      vertex 16.5 116.536 7.4
      vertex 16.9693 116.304 7.4
    endloop
  endfacet
  facet normal -0 0 1
    outer loop
      vertex 15.0359 122 7.4
      vertex 17.0278 120.85 7.4
      vertex 15.3266 122.435 7.4
    endloop
  endfacet
  facet normal 0 0 1
    outer loop
      vertex 17.65 118.528 7.4
      vertex 16.065 116.827 7.4
      vertex 16.5 116.536 7.4
    endloop
  endfacet
  facet normal -0 0 1
    outer loop
      vertex 14.8045 121.531 7.4
      vertex 17.0278 120.85 7.4
      vertex 15.0359 122 7.4
    endloop
  endfacet
  facet normal 0 0 1
    outer loop
      vertex 17.2979 118.798 7.4
      vertex 15.6716 117.172 7.4
      vertex 16.065 116.827 7.4
    endloop
  endfacet
  facet normal 0 0 1
    outer loop
      vertex 17.0278 120.85 7.4
      vertex 14.8045 121.531 7.4
      vertex 16.8579 120.44 7.4
    endloop
  endfacet
  facet normal 0 0 1
    outer loop
      vertex 17.2979 118.798 7.4
      vertex 15.3266 117.565 7.4
      vertex 15.6716 117.172 7.4
    endloop
  endfacet
  facet normal -0 0 1
    outer loop
      vertex 14.6363 121.035 7.4
      vertex 16.8579 120.44 7.4
      vertex 14.8045 121.531 7.4
    endloop
  endfacet
  facet normal 0 0 1
    outer loop
      vertex 17.0278 119.15 7.4
      vertex 15.0359 118 7.4
      vertex 15.3266 117.565 7.4
    endloop
  endfacet
  facet normal -0 0 1
    outer loop
      vertex 14.5342 120.522 7.4
      vertex 16.8579 120.44 7.4
      vertex 14.6363 121.035 7.4
    endloop
  endfacet
  facet normal 0 0 1
    outer loop
      vertex 17.0278 119.15 7.4
      vertex 14.8045 118.469 7.4
      vertex 15.0359 118 7.4
    endloop
  endfacet
  facet normal 0 0 1
    outer loop
      vertex 16.8579 120.44 7.4
      vertex 14.5342 120.522 7.4
      vertex 16.8 120 7.4
    endloop
  endfacet
  facet normal 0 0 1
    outer loop
      vertex 16.8579 119.56 7.4
      vertex 14.6363 118.965 7.4
      vertex 14.8045 118.469 7.4
    endloop
  endfacet
  facet normal 0 0 1
    outer loop
      vertex 14.5 120 7.4
      vertex 16.8 120 7.4
      vertex 14.5342 120.522 7.4
    endloop
  endfacet
  facet normal 0 0 1
    outer loop
      vertex 16.8579 119.56 7.4
      vertex 14.5342 119.478 7.4
      vertex 14.6363 118.965 7.4
    endloop
  endfacet
  facet normal 0 0 1
    outer loop
      vertex 16.8 120 7.4
      vertex 14.5 120 7.4
      vertex 14.5342 119.478 7.4
    endloop
  endfacet
  facet normal -0.997861 0.0653771 0
    outer loop
      vertex 14.5 120 2.4
      vertex 14.5342 120.522 7.4
      vertex 14.5342 120.522 2.4
    endloop
  endfacet
  facet normal -0.997861 0.0653771 0
    outer loop
      vertex 14.5342 120.522 7.4
      vertex 14.5 120 2.4
      vertex 14.5 120 7.4
    endloop
  endfacet
  facet normal -0.659343 0.751842 0
    outer loop
      vertex 16.065 123.173 2.4
      vertex 15.6716 122.828 7.4
      vertex 16.065 123.173 7.4
    endloop
  endfacet
  facet normal -0.659343 0.751842 0
    outer loop
      vertex 15.6716 122.828 7.4
      vertex 16.065 123.173 2.4
      vertex 15.6716 122.828 2.4
    endloop
  endfacet
  facet normal 0.997886 0.0649964 0
    outer loop
      vertex 110.8 128.7 7.4
      vertex 110.766 129.222 2.4
      vertex 110.766 129.222 7.4
    endloop
  endfacet
  facet normal 0.997886 0.0649964 0
    outer loop
      vertex 110.766 129.222 2.4
      vertex 110.8 128.7 7.4
      vertex 110.8 128.7 2.4
    endloop
  endfacet
  facet normal -0.0649964 0.997886 0
    outer loop
      vertex 106.8 132.7 2.4
      vertex 106.278 132.666 7.4
      vertex 106.8 132.7 7.4
    endloop
  endfacet
  facet normal -0.0649964 0.997886 0
    outer loop
      vertex 106.278 132.666 7.4
      vertex 106.8 132.7 2.4
      vertex 106.278 132.666 2.4
    endloop
  endfacet
  facet normal 0.0649964 -0.997886 0
    outer loop
      vertex 106.8 124.7 2.4
      vertex 107.322 124.734 7.4
      vertex 106.8 124.7 7.4
    endloop
  endfacet
  facet normal 0.0649964 -0.997886 0
    outer loop
      vertex 107.322 124.734 7.4
      vertex 106.8 124.7 2.4
      vertex 107.322 124.734 2.4
    endloop
  endfacet
  facet normal 0.659722 0.75151 -0
    outer loop
      vertex 109.628 131.528 2.4
      vertex 109.235 131.873 7.4
      vertex 109.628 131.528 7.4
    endloop
  endfacet
  facet normal 0.659722 0.75151 0
    outer loop
      vertex 109.235 131.873 7.4
      vertex 109.628 131.528 2.4
      vertex 109.235 131.873 2.4
    endloop
  endfacet
  facet normal -0.75151 0.659722 0
    outer loop
      vertex 103.627 131.135 2.4
      vertex 103.972 131.528 7.4
      vertex 103.972 131.528 2.4
    endloop
  endfacet
  facet normal -0.75151 0.659722 0
    outer loop
      vertex 103.972 131.528 7.4
      vertex 103.627 131.135 2.4
      vertex 103.627 131.135 7.4
    endloop
  endfacet
  facet normal -0.443387 0.89633 0
    outer loop
      vertex 105.269 132.396 2.4
      vertex 104.8 132.164 7.4
      vertex 105.269 132.396 7.4
    endloop
  endfacet
  facet normal -0.443387 0.89633 0
    outer loop
      vertex 104.8 132.164 7.4
      vertex 105.269 132.396 2.4
      vertex 104.8 132.164 2.4
    endloop
  endfacet
  facet normal 0.89633 -0.443387 0
    outer loop
      vertex 110.264 126.7 7.4
      vertex 110.496 127.169 2.4
      vertex 110.496 127.169 7.4
    endloop
  endfacet
  facet normal 0.89633 -0.443387 0
    outer loop
      vertex 110.496 127.169 2.4
      vertex 110.264 126.7 7.4
      vertex 110.264 126.7 2.4
    endloop
  endfacet
  facet normal 0.89633 0.443387 0
    outer loop
      vertex 110.496 130.231 7.4
      vertex 110.264 130.7 2.4
      vertex 110.264 130.7 7.4
    endloop
  endfacet
  facet normal 0.89633 0.443387 0
    outer loop
      vertex 110.264 130.7 2.4
      vertex 110.496 130.231 7.4
      vertex 110.496 130.231 2.4
    endloop
  endfacet
  facet normal 0.980801 0.195013 0
    outer loop
      vertex 110.766 129.222 7.4
      vertex 110.664 129.735 2.4
      vertex 110.664 129.735 7.4
    endloop
  endfacet
  facet normal 0.980801 0.195013 0
    outer loop
      vertex 110.664 129.735 2.4
      vertex 110.766 129.222 7.4
      vertex 110.766 129.222 2.4
    endloop
  endfacet
  facet normal 0.320807 0.947145 -0
    outer loop
      vertex 108.331 132.396 2.4
      vertex 107.835 132.564 7.4
      vertex 108.331 132.396 7.4
    endloop
  endfacet
  facet normal 0.320807 0.947145 0
    outer loop
      vertex 107.835 132.564 7.4
      vertex 108.331 132.396 2.4
      vertex 107.835 132.564 2.4
    endloop
  endfacet
  facet normal 0.195013 0.980801 -0
    outer loop
      vertex 107.835 132.564 2.4
      vertex 107.322 132.666 7.4
      vertex 107.835 132.564 7.4
    endloop
  endfacet
  facet normal 0.195013 0.980801 0
    outer loop
      vertex 107.322 132.666 7.4
      vertex 107.835 132.564 2.4
      vertex 107.322 132.666 2.4
    endloop
  endfacet
  facet normal 0.556022 0.831167 -0
    outer loop
      vertex 109.235 131.873 2.4
      vertex 108.8 132.164 7.4
      vertex 109.235 131.873 7.4
    endloop
  endfacet
  facet normal 0.556022 0.831167 0
    outer loop
      vertex 108.8 132.164 7.4
      vertex 109.235 131.873 2.4
      vertex 108.8 132.164 2.4
    endloop
  endfacet
  facet normal -0.947145 0.320807 0
    outer loop
      vertex 102.936 129.735 2.4
      vertex 103.104 130.231 7.4
      vertex 103.104 130.231 2.4
    endloop
  endfacet
  facet normal -0.947145 0.320807 0
    outer loop
      vertex 103.104 130.231 7.4
      vertex 102.936 129.735 2.4
      vertex 102.936 129.735 7.4
    endloop
  endfacet
  facet normal -0.831167 0.556022 0
    outer loop
      vertex 103.336 130.7 2.4
      vertex 103.627 131.135 7.4
      vertex 103.627 131.135 2.4
    endloop
  endfacet
  facet normal -0.831167 0.556022 0
    outer loop
      vertex 103.627 131.135 7.4
      vertex 103.336 130.7 2.4
      vertex 103.336 130.7 7.4
    endloop
  endfacet
  facet normal 0 0 1
    outer loop
      vertex 108.5 128.7 7.4
      vertex 110.8 128.7 7.4
      vertex 110.766 129.222 7.4
    endloop
  endfacet
  facet normal 0 0 1
    outer loop
      vertex 108.442 129.14 7.4
      vertex 110.766 129.222 7.4
      vertex 110.664 129.735 7.4
    endloop
  endfacet
  facet normal 0 0 1
    outer loop
      vertex 110.8 128.7 7.4
      vertex 108.5 128.7 7.4
      vertex 110.766 128.178 7.4
    endloop
  endfacet
  facet normal 0 0 1
    outer loop
      vertex 108.442 129.14 7.4
      vertex 110.664 129.735 7.4
      vertex 110.496 130.231 7.4
    endloop
  endfacet
  facet normal -0 0 1
    outer loop
      vertex 108.442 128.26 7.4
      vertex 110.766 128.178 7.4
      vertex 108.5 128.7 7.4
    endloop
  endfacet
  facet normal 0 0 1
    outer loop
      vertex 108.272 129.55 7.4
      vertex 110.496 130.231 7.4
      vertex 110.264 130.7 7.4
    endloop
  endfacet
  facet normal 0 0 1
    outer loop
      vertex 110.766 128.178 7.4
      vertex 108.442 128.26 7.4
      vertex 110.664 127.665 7.4
    endloop
  endfacet
  facet normal 0 0 1
    outer loop
      vertex 108.272 129.55 7.4
      vertex 110.264 130.7 7.4
      vertex 109.973 131.135 7.4
    endloop
  endfacet
  facet normal 0 0 1
    outer loop
      vertex 110.664 127.665 7.4
      vertex 108.442 128.26 7.4
      vertex 110.496 127.169 7.4
    endloop
  endfacet
  facet normal 0 0 1
    outer loop
      vertex 108.002 129.902 7.4
      vertex 109.973 131.135 7.4
      vertex 109.628 131.528 7.4
    endloop
  endfacet
  facet normal -0 0 1
    outer loop
      vertex 108.272 127.85 7.4
      vertex 110.496 127.169 7.4
      vertex 108.442 128.26 7.4
    endloop
  endfacet
  facet normal 0 0 1
    outer loop
      vertex 108.002 129.902 7.4
      vertex 109.628 131.528 7.4
      vertex 109.235 131.873 7.4
    endloop
  endfacet
  facet normal 0 0 1
    outer loop
      vertex 110.496 127.169 7.4
      vertex 108.272 127.85 7.4
      vertex 110.264 126.7 7.4
    endloop
  endfacet
  facet normal 0 0 1
    outer loop
      vertex 107.65 130.172 7.4
      vertex 109.235 131.873 7.4
      vertex 108.8 132.164 7.4
    endloop
  endfacet
  facet normal 0 0 1
    outer loop
      vertex 110.264 126.7 7.4
      vertex 108.272 127.85 7.4
      vertex 109.973 126.265 7.4
    endloop
  endfacet
  facet normal -0 0 1
    outer loop
      vertex 108.002 127.498 7.4
      vertex 109.973 126.265 7.4
      vertex 108.272 127.85 7.4
    endloop
  endfacet
  facet normal 0 0 1
    outer loop
      vertex 110.766 129.222 7.4
      vertex 108.442 129.14 7.4
      vertex 108.5 128.7 7.4
    endloop
  endfacet
  facet normal 0 0 1
    outer loop
      vertex 107.65 130.172 7.4
      vertex 108.8 132.164 7.4
      vertex 108.331 132.396 7.4
    endloop
  endfacet
  facet normal 0 0 1
    outer loop
      vertex 110.496 130.231 7.4
      vertex 108.272 129.55 7.4
      vertex 108.442 129.14 7.4
    endloop
  endfacet
  facet normal 0 0 1
    outer loop
      vertex 109.973 131.135 7.4
      vertex 108.002 129.902 7.4
      vertex 108.272 129.55 7.4
    endloop
  endfacet
  facet normal 0 0 1
    outer loop
      vertex 107.24 130.342 7.4
      vertex 108.331 132.396 7.4
      vertex 107.835 132.564 7.4
    endloop
  endfacet
  facet normal 0 0 1
    outer loop
      vertex 109.235 131.873 7.4
      vertex 107.65 130.172 7.4
      vertex 108.002 129.902 7.4
    endloop
  endfacet
  facet normal 0 0 1
    outer loop
      vertex 107.24 130.342 7.4
      vertex 107.835 132.564 7.4
      vertex 107.322 132.666 7.4
    endloop
  endfacet
  facet normal 0 0 1
    outer loop
      vertex 108.331 132.396 7.4
      vertex 107.24 130.342 7.4
      vertex 107.65 130.172 7.4
    endloop
  endfacet
  facet normal 0 0 1
    outer loop
      vertex 106.8 130.4 7.4
      vertex 107.322 132.666 7.4
      vertex 106.8 132.7 7.4
    endloop
  endfacet
  facet normal 0 0 1
    outer loop
      vertex 107.322 132.666 7.4
      vertex 106.8 130.4 7.4
      vertex 107.24 130.342 7.4
    endloop
  endfacet
  facet normal -0 0 1
    outer loop
      vertex 106.278 132.666 7.4
      vertex 106.8 130.4 7.4
      vertex 106.8 132.7 7.4
    endloop
  endfacet
  facet normal 0 0 1
    outer loop
      vertex 106.8 130.4 7.4
      vertex 106.278 132.666 7.4
      vertex 106.36 130.342 7.4
    endloop
  endfacet
  facet normal -0 0 1
    outer loop
      vertex 105.765 132.564 7.4
      vertex 106.36 130.342 7.4
      vertex 106.278 132.666 7.4
    endloop
  endfacet
  facet normal -0 0 1
    outer loop
      vertex 105.269 132.396 7.4
      vertex 106.36 130.342 7.4
      vertex 105.765 132.564 7.4
    endloop
  endfacet
  facet normal 0 0 1
    outer loop
      vertex 106.36 130.342 7.4
      vertex 105.269 132.396 7.4
      vertex 105.95 130.172 7.4
    endloop
  endfacet
  facet normal -0 0 1
    outer loop
      vertex 104.8 132.164 7.4
      vertex 105.95 130.172 7.4
      vertex 105.269 132.396 7.4
    endloop
  endfacet
  facet normal -0 0 1
    outer loop
      vertex 104.365 131.873 7.4
      vertex 105.95 130.172 7.4
      vertex 104.8 132.164 7.4
    endloop
  endfacet
  facet normal 0 0 1
    outer loop
      vertex 105.95 130.172 7.4
      vertex 104.365 131.873 7.4
      vertex 105.598 129.902 7.4
    endloop
  endfacet
  facet normal -0 0 1
    outer loop
      vertex 103.972 131.528 7.4
      vertex 105.598 129.902 7.4
      vertex 104.365 131.873 7.4
    endloop
  endfacet
  facet normal -0 0 1
    outer loop
      vertex 103.627 131.135 7.4
      vertex 105.598 129.902 7.4
      vertex 103.972 131.528 7.4
    endloop
  endfacet
  facet normal 0 0 1
    outer loop
      vertex 109.973 126.265 7.4
      vertex 108.002 127.498 7.4
      vertex 109.628 125.872 7.4
    endloop
  endfacet
  facet normal 0 0 1
    outer loop
      vertex 109.628 125.872 7.4
      vertex 108.002 127.498 7.4
      vertex 109.235 125.527 7.4
    endloop
  endfacet
  facet normal -0 0 1
    outer loop
      vertex 107.65 127.228 7.4
      vertex 109.235 125.527 7.4
      vertex 108.002 127.498 7.4
    endloop
  endfacet
  facet normal 0 0 1
    outer loop
      vertex 109.235 125.527 7.4
      vertex 107.65 127.228 7.4
      vertex 108.8 125.236 7.4
    endloop
  endfacet
  facet normal 0 0 1
    outer loop
      vertex 108.8 125.236 7.4
      vertex 107.65 127.228 7.4
      vertex 108.331 125.004 7.4
    endloop
  endfacet
  facet normal -0 0 1
    outer loop
      vertex 107.24 127.058 7.4
      vertex 108.331 125.004 7.4
      vertex 107.65 127.228 7.4
    endloop
  endfacet
  facet normal 0 0 1
    outer loop
      vertex 108.331 125.004 7.4
      vertex 107.24 127.058 7.4
      vertex 107.835 124.836 7.4
    endloop
  endfacet
  facet normal 0 0 1
    outer loop
      vertex 107.835 124.836 7.4
      vertex 107.24 127.058 7.4
      vertex 107.322 124.734 7.4
    endloop
  endfacet
  facet normal -0 0 1
    outer loop
      vertex 106.8 127 7.4
      vertex 107.322 124.734 7.4
      vertex 107.24 127.058 7.4
    endloop
  endfacet
  facet normal 0 0 1
    outer loop
      vertex 106.8 127 7.4
      vertex 106.8 124.7 7.4
      vertex 107.322 124.734 7.4
    endloop
  endfacet
  facet normal 0 0 1
    outer loop
      vertex 106.278 124.734 7.4
      vertex 106.8 127 7.4
      vertex 106.36 127.058 7.4
    endloop
  endfacet
  facet normal 0 0 1
    outer loop
      vertex 106.8 127 7.4
      vertex 106.278 124.734 7.4
      vertex 106.8 124.7 7.4
    endloop
  endfacet
  facet normal 0 0 1
    outer loop
      vertex 105.269 125.004 7.4
      vertex 106.36 127.058 7.4
      vertex 105.95 127.228 7.4
    endloop
  endfacet
  facet normal 0 0 1
    outer loop
      vertex 106.36 127.058 7.4
      vertex 105.765 124.836 7.4
      vertex 106.278 124.734 7.4
    endloop
  endfacet
  facet normal 0 0 1
    outer loop
      vertex 104.365 125.527 7.4
      vertex 105.95 127.228 7.4
      vertex 105.598 127.498 7.4
    endloop
  endfacet
  facet normal 0 0 1
    outer loop
      vertex 103.627 126.265 7.4
      vertex 105.598 127.498 7.4
      vertex 105.328 127.85 7.4
    endloop
  endfacet
  facet normal 0 0 1
    outer loop
      vertex 106.36 127.058 7.4
      vertex 105.269 125.004 7.4
      vertex 105.765 124.836 7.4
    endloop
  endfacet
  facet normal 0 0 1
    outer loop
      vertex 103.104 127.169 7.4
      vertex 105.328 127.85 7.4
      vertex 105.158 128.26 7.4
    endloop
  endfacet
  facet normal 0 0 1
    outer loop
      vertex 102.834 128.178 7.4
      vertex 105.158 128.26 7.4
      vertex 105.1 128.7 7.4
    endloop
  endfacet
  facet normal 0 0 1
    outer loop
      vertex 105.598 129.902 7.4
      vertex 103.627 131.135 7.4
      vertex 105.328 129.55 7.4
    endloop
  endfacet
  facet normal 0 0 1
    outer loop
      vertex 105.95 127.228 7.4
      vertex 104.8 125.236 7.4
      vertex 105.269 125.004 7.4
    endloop
  endfacet
  facet normal -0 0 1
    outer loop
      vertex 103.336 130.7 7.4
      vertex 105.328 129.55 7.4
      vertex 103.627 131.135 7.4
    endloop
  endfacet
  facet normal 0 0 1
    outer loop
      vertex 105.95 127.228 7.4
      vertex 104.365 125.527 7.4
      vertex 104.8 125.236 7.4
    endloop
  endfacet
  facet normal -0 0 1
    outer loop
      vertex 103.104 130.231 7.4
      vertex 105.328 129.55 7.4
      vertex 103.336 130.7 7.4
    endloop
  endfacet
  facet normal 0 0 1
    outer loop
      vertex 105.598 127.498 7.4
      vertex 103.972 125.872 7.4
      vertex 104.365 125.527 7.4
    endloop
  endfacet
  facet normal 0 0 1
    outer loop
      vertex 105.328 129.55 7.4
      vertex 103.104 130.231 7.4
      vertex 105.158 129.14 7.4
    endloop
  endfacet
  facet normal 0 0 1
    outer loop
      vertex 105.598 127.498 7.4
      vertex 103.627 126.265 7.4
      vertex 103.972 125.872 7.4
    endloop
  endfacet
  facet normal -0 0 1
    outer loop
      vertex 102.936 129.735 7.4
      vertex 105.158 129.14 7.4
      vertex 103.104 130.231 7.4
    endloop
  endfacet
  facet normal 0 0 1
    outer loop
      vertex 105.328 127.85 7.4
      vertex 103.336 126.7 7.4
      vertex 103.627 126.265 7.4
    endloop
  endfacet
  facet normal -0 0 1
    outer loop
      vertex 102.834 129.222 7.4
      vertex 105.158 129.14 7.4
      vertex 102.936 129.735 7.4
    endloop
  endfacet
  facet normal 0 0 1
    outer loop
      vertex 105.328 127.85 7.4
      vertex 103.104 127.169 7.4
      vertex 103.336 126.7 7.4
    endloop
  endfacet
  facet normal 0 0 1
    outer loop
      vertex 105.158 129.14 7.4
      vertex 102.834 129.222 7.4
      vertex 105.1 128.7 7.4
    endloop
  endfacet
  facet normal 0 0 1
    outer loop
      vertex 105.158 128.26 7.4
      vertex 102.936 127.665 7.4
      vertex 103.104 127.169 7.4
    endloop
  endfacet
  facet normal 0 0 1
    outer loop
      vertex 102.8 128.7 7.4
      vertex 105.1 128.7 7.4
      vertex 102.834 129.222 7.4
    endloop
  endfacet
  facet normal 0 0 1
    outer loop
      vertex 105.158 128.26 7.4
      vertex 102.834 128.178 7.4
      vertex 102.936 127.665 7.4
    endloop
  endfacet
  facet normal 0 0 1
    outer loop
      vertex 105.1 128.7 7.4
      vertex 102.8 128.7 7.4
      vertex 102.834 128.178 7.4
    endloop
  endfacet
  facet normal -0.195013 0.980801 0
    outer loop
      vertex 106.278 132.666 2.4
      vertex 105.765 132.564 7.4
      vertex 106.278 132.666 7.4
    endloop
  endfacet
  facet normal -0.195013 0.980801 0
    outer loop
      vertex 105.765 132.564 7.4
      vertex 106.278 132.666 2.4
      vertex 105.765 132.564 2.4
    endloop
  endfacet
  facet normal -0.831167 -0.556022 0
    outer loop
      vertex 103.627 126.265 2.4
      vertex 103.336 126.7 7.4
      vertex 103.336 126.7 2.4
    endloop
  endfacet
  facet normal -0.831167 -0.556022 0
    outer loop
      vertex 103.336 126.7 7.4
      vertex 103.627 126.265 2.4
      vertex 103.627 126.265 7.4
    endloop
  endfacet
  facet normal 0.195013 -0.980801 0
    outer loop
      vertex 107.322 124.734 2.4
      vertex 107.835 124.836 7.4
      vertex 107.322 124.734 7.4
    endloop
  endfacet
  facet normal 0.195013 -0.980801 0
    outer loop
      vertex 107.835 124.836 7.4
      vertex 107.322 124.734 2.4
      vertex 107.835 124.836 2.4
    endloop
  endfacet
  facet normal 0.947145 0.320807 0
    outer loop
      vertex 110.664 129.735 7.4
      vertex 110.496 130.231 2.4
      vertex 110.496 130.231 7.4
    endloop
  endfacet
  facet normal 0.947145 0.320807 0
    outer loop
      vertex 110.496 130.231 2.4
      vertex 110.664 129.735 7.4
      vertex 110.664 129.735 2.4
    endloop
  endfacet
  facet normal 0.75151 0.659722 0
    outer loop
      vertex 109.973 131.135 7.4
      vertex 109.628 131.528 2.4
      vertex 109.628 131.528 7.4
    endloop
  endfacet
  facet normal 0.75151 0.659722 0
    outer loop
      vertex 109.628 131.528 2.4
      vertex 109.973 131.135 7.4
      vertex 109.973 131.135 2.4
    endloop
  endfacet
  facet normal 0.831167 0.556022 0
    outer loop
      vertex 110.264 130.7 7.4
      vertex 109.973 131.135 2.4
      vertex 109.973 131.135 7.4
    endloop
  endfacet
  facet normal 0.831167 0.556022 0
    outer loop
      vertex 109.973 131.135 2.4
      vertex 110.264 130.7 7.4
      vertex 110.264 130.7 2.4
    endloop
  endfacet
  facet normal 0.0649964 0.997886 -0
    outer loop
      vertex 107.322 132.666 2.4
      vertex 106.8 132.7 7.4
      vertex 107.322 132.666 7.4
    endloop
  endfacet
  facet normal 0.0649964 0.997886 0
    outer loop
      vertex 106.8 132.7 7.4
      vertex 107.322 132.666 2.4
      vertex 106.8 132.7 2.4
    endloop
  endfacet
  facet normal 0.443387 0.89633 -0
    outer loop
      vertex 108.8 132.164 2.4
      vertex 108.331 132.396 7.4
      vertex 108.8 132.164 7.4
    endloop
  endfacet
  facet normal 0.443387 0.89633 0
    outer loop
      vertex 108.331 132.396 7.4
      vertex 108.8 132.164 2.4
      vertex 108.331 132.396 2.4
    endloop
  endfacet
  facet normal -0.89633 0.443387 0
    outer loop
      vertex 103.104 130.231 2.4
      vertex 103.336 130.7 7.4
      vertex 103.336 130.7 2.4
    endloop
  endfacet
  facet normal -0.89633 0.443387 0
    outer loop
      vertex 103.336 130.7 7.4
      vertex 103.104 130.231 2.4
      vertex 103.104 130.231 7.4
    endloop
  endfacet
  facet normal -0.980801 0.195013 0
    outer loop
      vertex 102.834 129.222 2.4
      vertex 102.936 129.735 7.4
      vertex 102.936 129.735 2.4
    endloop
  endfacet
  facet normal -0.980801 0.195013 0
    outer loop
      vertex 102.936 129.735 7.4
      vertex 102.834 129.222 2.4
      vertex 102.834 129.222 7.4
    endloop
  endfacet
  facet normal -0.997886 0.0649964 0
    outer loop
      vertex 102.8 128.7 2.4
      vertex 102.834 129.222 7.4
      vertex 102.834 129.222 2.4
    endloop
  endfacet
  facet normal -0.997886 0.0649964 0
    outer loop
      vertex 102.834 129.222 7.4
      vertex 102.8 128.7 2.4
      vertex 102.8 128.7 7.4
    endloop
  endfacet
  facet normal -0.997886 -0.0649964 0
    outer loop
      vertex 102.834 128.178 2.4
      vertex 102.8 128.7 7.4
      vertex 102.8 128.7 2.4
    endloop
  endfacet
  facet normal -0.997886 -0.0649964 0
    outer loop
      vertex 102.8 128.7 7.4
      vertex 102.834 128.178 2.4
      vertex 102.834 128.178 7.4
    endloop
  endfacet
  facet normal -0.556022 0.831167 0
    outer loop
      vertex 104.8 132.164 2.4
      vertex 104.365 131.873 7.4
      vertex 104.8 132.164 7.4
    endloop
  endfacet
  facet normal -0.556022 0.831167 0
    outer loop
      vertex 104.365 131.873 7.4
      vertex 104.8 132.164 2.4
      vertex 104.365 131.873 2.4
    endloop
  endfacet
  facet normal -0.659722 0.75151 0
    outer loop
      vertex 104.365 131.873 2.4
      vertex 103.972 131.528 7.4
      vertex 104.365 131.873 7.4
    endloop
  endfacet
  facet normal -0.659722 0.75151 0
    outer loop
      vertex 103.972 131.528 7.4
      vertex 104.365 131.873 2.4
      vertex 103.972 131.528 2.4
    endloop
  endfacet
  facet normal -0.320807 0.947145 0
    outer loop
      vertex 105.765 132.564 2.4
      vertex 105.269 132.396 7.4
      vertex 105.765 132.564 7.4
    endloop
  endfacet
  facet normal -0.320807 0.947145 0
    outer loop
      vertex 105.269 132.396 7.4
      vertex 105.765 132.564 2.4
      vertex 105.269 132.396 2.4
    endloop
  endfacet
  facet normal 0.75151 -0.659722 0
    outer loop
      vertex 109.628 125.872 7.4
      vertex 109.973 126.265 2.4
      vertex 109.973 126.265 7.4
    endloop
  endfacet
  facet normal 0.75151 -0.659722 0
    outer loop
      vertex 109.973 126.265 2.4
      vertex 109.628 125.872 7.4
      vertex 109.628 125.872 2.4
    endloop
  endfacet
  facet normal 0.947145 -0.320807 0
    outer loop
      vertex 110.496 127.169 7.4
      vertex 110.664 127.665 2.4
      vertex 110.664 127.665 7.4
    endloop
  endfacet
  facet normal 0.947145 -0.320807 0
    outer loop
      vertex 110.664 127.665 2.4
      vertex 110.496 127.169 7.4
      vertex 110.496 127.169 2.4
    endloop
  endfacet
  facet normal 0.980801 -0.195013 0
    outer loop
      vertex 110.664 127.665 7.4
      vertex 110.766 128.178 2.4
      vertex 110.766 128.178 7.4
    endloop
  endfacet
  facet normal 0.980801 -0.195013 0
    outer loop
      vertex 110.766 128.178 2.4
      vertex 110.664 127.665 7.4
      vertex 110.664 127.665 2.4
    endloop
  endfacet
  facet normal -0.980801 -0.195013 0
    outer loop
      vertex 102.936 127.665 2.4
      vertex 102.834 128.178 7.4
      vertex 102.834 128.178 2.4
    endloop
  endfacet
  facet normal -0.980801 -0.195013 0
    outer loop
      vertex 102.834 128.178 7.4
      vertex 102.936 127.665 2.4
      vertex 102.936 127.665 7.4
    endloop
  endfacet
  facet normal 0.556022 -0.831167 0
    outer loop
      vertex 108.8 125.236 2.4
      vertex 109.235 125.527 7.4
      vertex 108.8 125.236 7.4
    endloop
  endfacet
  facet normal 0.556022 -0.831167 0
    outer loop
      vertex 109.235 125.527 7.4
      vertex 108.8 125.236 2.4
      vertex 109.235 125.527 2.4
    endloop
  endfacet
  facet normal 0.659722 -0.75151 0
    outer loop
      vertex 109.235 125.527 2.4
      vertex 109.628 125.872 7.4
      vertex 109.235 125.527 7.4
    endloop
  endfacet
  facet normal 0.659722 -0.75151 0
    outer loop
      vertex 109.628 125.872 7.4
      vertex 109.235 125.527 2.4
      vertex 109.628 125.872 2.4
    endloop
  endfacet
  facet normal 0.831167 -0.556022 0
    outer loop
      vertex 109.973 126.265 7.4
      vertex 110.264 126.7 2.4
      vertex 110.264 126.7 7.4
    endloop
  endfacet
  facet normal 0.831167 -0.556022 0
    outer loop
      vertex 110.264 126.7 2.4
      vertex 109.973 126.265 7.4
      vertex 109.973 126.265 2.4
    endloop
  endfacet
  facet normal 0.997886 -0.0649964 0
    outer loop
      vertex 110.766 128.178 7.4
      vertex 110.8 128.7 2.4
      vertex 110.8 128.7 7.4
    endloop
  endfacet
  facet normal 0.997886 -0.0649964 0
    outer loop
      vertex 110.8 128.7 2.4
      vertex 110.766 128.178 7.4
      vertex 110.766 128.178 2.4
    endloop
  endfacet
  facet normal -0.659722 -0.75151 0
    outer loop
      vertex 103.972 125.872 2.4
      vertex 104.365 125.527 7.4
      vertex 103.972 125.872 7.4
    endloop
  endfacet
  facet normal -0.659722 -0.75151 -0
    outer loop
      vertex 104.365 125.527 7.4
      vertex 103.972 125.872 2.4
      vertex 104.365 125.527 2.4
    endloop
  endfacet
  facet normal -0.947145 -0.320807 0
    outer loop
      vertex 103.104 127.169 2.4
      vertex 102.936 127.665 7.4
      vertex 102.936 127.665 2.4
    endloop
  endfacet
  facet normal -0.947145 -0.320807 0
    outer loop
      vertex 102.936 127.665 7.4
      vertex 103.104 127.169 2.4
      vertex 103.104 127.169 7.4
    endloop
  endfacet
  facet normal -0.89633 -0.443387 0
    outer loop
      vertex 103.336 126.7 2.4
      vertex 103.104 127.169 7.4
      vertex 103.104 127.169 2.4
    endloop
  endfacet
  facet normal -0.89633 -0.443387 0
    outer loop
      vertex 103.104 127.169 7.4
      vertex 103.336 126.7 2.4
      vertex 103.336 126.7 7.4
    endloop
  endfacet
  facet normal 0.443387 -0.89633 0
    outer loop
      vertex 108.331 125.004 2.4
      vertex 108.8 125.236 7.4
      vertex 108.331 125.004 7.4
    endloop
  endfacet
  facet normal 0.443387 -0.89633 0
    outer loop
      vertex 108.8 125.236 7.4
      vertex 108.331 125.004 2.4
      vertex 108.8 125.236 2.4
    endloop
  endfacet
  facet normal 0.320807 -0.947145 0
    outer loop
      vertex 107.835 124.836 2.4
      vertex 108.331 125.004 7.4
      vertex 107.835 124.836 7.4
    endloop
  endfacet
  facet normal 0.320807 -0.947145 0
    outer loop
      vertex 108.331 125.004 7.4
      vertex 107.835 124.836 2.4
      vertex 108.331 125.004 2.4
    endloop
  endfacet
  facet normal -0.320807 -0.947145 0
    outer loop
      vertex 105.269 125.004 2.4
      vertex 105.765 124.836 7.4
      vertex 105.269 125.004 7.4
    endloop
  endfacet
  facet normal -0.320807 -0.947145 -0
    outer loop
      vertex 105.765 124.836 7.4
      vertex 105.269 125.004 2.4
      vertex 105.765 124.836 2.4
    endloop
  endfacet
  facet normal -0.195013 -0.980801 0
    outer loop
      vertex 105.765 124.836 2.4
      vertex 106.278 124.734 7.4
      vertex 105.765 124.836 7.4
    endloop
  endfacet
  facet normal -0.195013 -0.980801 -0
    outer loop
      vertex 106.278 124.734 7.4
      vertex 105.765 124.836 2.4
      vertex 106.278 124.734 2.4
    endloop
  endfacet
  facet normal -0.75151 -0.659722 0
    outer loop
      vertex 103.972 125.872 2.4
      vertex 103.627 126.265 7.4
      vertex 103.627 126.265 2.4
    endloop
  endfacet
  facet normal -0.75151 -0.659722 0
    outer loop
      vertex 103.627 126.265 7.4
      vertex 103.972 125.872 2.4
      vertex 103.972 125.872 7.4
    endloop
  endfacet
  facet normal -0.443387 -0.89633 0
    outer loop
      vertex 104.8 125.236 2.4
      vertex 105.269 125.004 7.4
      vertex 104.8 125.236 7.4
    endloop
  endfacet
  facet normal -0.443387 -0.89633 -0
    outer loop
      vertex 105.269 125.004 7.4
      vertex 104.8 125.236 2.4
      vertex 105.269 125.004 2.4
    endloop
  endfacet
  facet normal -0.556022 -0.831167 0
    outer loop
      vertex 104.365 125.527 2.4
      vertex 104.8 125.236 7.4
      vertex 104.365 125.527 7.4
    endloop
  endfacet
  facet normal -0.556022 -0.831167 -0
    outer loop
      vertex 104.8 125.236 7.4
      vertex 104.365 125.527 2.4
      vertex 104.8 125.236 2.4
    endloop
  endfacet
  facet normal -0.0649964 -0.997886 0
    outer loop
      vertex 106.278 124.734 2.4
      vertex 106.8 124.7 7.4
      vertex 106.278 124.734 7.4
    endloop
  endfacet
  facet normal -0.0649964 -0.997886 -0
    outer loop
      vertex 106.8 124.7 7.4
      vertex 106.278 124.734 2.4
      vertex 106.8 124.7 2.4
    endloop
  endfacet
  facet normal 0.831438 0.555617 0
    outer loop
      vertex 37.2151 8.25 7.4
      vertex 37.0334 8.5219 2.4
      vertex 37.0334 8.5219 7.4
    endloop
  endfacet
  facet normal 0.831438 0.555617 0
    outer loop
      vertex 37.0334 8.5219 2.4
      vertex 37.2151 8.25 7.4
      vertex 37.2151 8.25 2.4
    endloop
  endfacet
  facet normal 0.321387 0.946948 -0
    outer loop
      vertex 36.0067 9.3097 2.4
      vertex 35.697 9.41481 7.4
      vertex 36.0067 9.3097 7.4
    endloop
  endfacet
  facet normal 0.321387 0.946948 0
    outer loop
      vertex 35.697 9.41481 7.4
      vertex 36.0067 9.3097 2.4
      vertex 35.697 9.41481 2.4
    endloop
  endfacet
  facet normal -0.321387 0.946948 0
    outer loop
      vertex 34.403 9.41481 2.4
      vertex 34.0933 9.3097 7.4
      vertex 34.403 9.41481 7.4
    endloop
  endfacet
  facet normal -0.321387 0.946948 0
    outer loop
      vertex 34.0933 9.3097 7.4
      vertex 34.403 9.41481 2.4
      vertex 34.0933 9.3097 2.4
    endloop
  endfacet
  facet normal -0.896915 0.442204 0
    outer loop
      vertex 32.7403 7.95671 2.4
      vertex 32.8849 8.25 7.4
      vertex 32.8849 8.25 2.4
    endloop
  endfacet
  facet normal -0.896915 0.442204 0
    outer loop
      vertex 32.8849 8.25 7.4
      vertex 32.7403 7.95671 2.4
      vertex 32.7403 7.95671 7.4
    endloop
  endfacet
  facet normal 0.980785 0.195093 0
    outer loop
      vertex 37.5286 7.32631 7.4
      vertex 37.4648 7.64705 2.4
      vertex 37.4648 7.64705 7.4
    endloop
  endfacet
  facet normal 0.980785 0.195093 0
    outer loop
      vertex 37.4648 7.64705 2.4
      vertex 37.5286 7.32631 7.4
      vertex 37.5286 7.32631 2.4
    endloop
  endfacet
  facet normal 0.659279 0.751898 -0
    outer loop
      vertex 36.8178 8.76777 2.4
      vertex 36.5719 8.98338 7.4
      vertex 36.8178 8.76777 7.4
    endloop
  endfacet
  facet normal 0.659279 0.751898 0
    outer loop
      vertex 36.5719 8.98338 7.4
      vertex 36.8178 8.76777 2.4
      vertex 36.5719 8.98338 2.4
    endloop
  endfacet
  facet normal 0.0654128 0.997858 -0
    outer loop
      vertex 35.3763 9.47861 2.4
      vertex 35.05 9.5 7.4
      vertex 35.3763 9.47861 7.4
    endloop
  endfacet
  facet normal 0.0654128 0.997858 0
    outer loop
      vertex 35.05 9.5 7.4
      vertex 35.3763 9.47861 2.4
      vertex 35.05 9.5 2.4
    endloop
  endfacet
  facet normal 0.44229 0.896872 -0
    outer loop
      vertex 36.3 9.16506 2.4
      vertex 36.0067 9.3097 7.4
      vertex 36.3 9.16506 7.4
    endloop
  endfacet
  facet normal 0.44229 0.896872 0
    outer loop
      vertex 36.0067 9.3097 7.4
      vertex 36.3 9.16506 2.4
      vertex 36.0067 9.3097 2.4
    endloop
  endfacet
  facet normal -0.997856 0.0654412 0
    outer loop
      vertex 32.55 7 2.4
      vertex 32.5714 7.32631 7.4
      vertex 32.5714 7.32631 2.4
    endloop
  endfacet
  facet normal -0.997856 0.0654412 0
    outer loop
      vertex 32.5714 7.32631 7.4
      vertex 32.55 7 2.4
      vertex 32.55 7 7.4
    endloop
  endfacet
  facet normal -0.751873 0.659307 0
    outer loop
      vertex 33.0666 8.5219 2.4
      vertex 33.2822 8.76777 7.4
      vertex 33.2822 8.76777 2.4
    endloop
  endfacet
  facet normal -0.751873 0.659307 0
    outer loop
      vertex 33.2822 8.76777 7.4
      vertex 33.0666 8.5219 2.4
      vertex 33.0666 8.5219 7.4
    endloop
  endfacet
  facet normal -0.44229 0.896872 0
    outer loop
      vertex 34.0933 9.3097 2.4
      vertex 33.8 9.16506 7.4
      vertex 34.0933 9.3097 7.4
    endloop
  endfacet
  facet normal -0.44229 0.896872 0
    outer loop
      vertex 33.8 9.16506 7.4
      vertex 34.0933 9.3097 2.4
      vertex 33.8 9.16506 2.4
    endloop
  endfacet
  facet normal -0.0654128 0.997858 0
    outer loop
      vertex 35.05 9.5 2.4
      vertex 34.7237 9.47861 7.4
      vertex 35.05 9.5 7.4
    endloop
  endfacet
  facet normal -0.0654128 0.997858 0
    outer loop
      vertex 34.7237 9.47861 7.4
      vertex 35.05 9.5 2.4
      vertex 34.7237 9.47861 2.4
    endloop
  endfacet
  facet normal -0.659279 -0.751898 0
    outer loop
      vertex 33.2822 5.23223 2.4
      vertex 33.5281 5.01662 7.4
      vertex 33.2822 5.23223 7.4
    endloop
  endfacet
  facet normal -0.659279 -0.751898 -0
    outer loop
      vertex 33.5281 5.01662 7.4
      vertex 33.2822 5.23223 2.4
      vertex 33.5281 5.01662 2.4
    endloop
  endfacet
  facet normal 0.751873 0.659307 0
    outer loop
      vertex 37.0334 8.5219 7.4
      vertex 36.8178 8.76777 2.4
      vertex 36.8178 8.76777 7.4
    endloop
  endfacet
  facet normal 0.751873 0.659307 0
    outer loop
      vertex 36.8178 8.76777 2.4
      vertex 37.0334 8.5219 7.4
      vertex 37.0334 8.5219 2.4
    endloop
  endfacet
  facet normal 0.195116 0.98078 -0
    outer loop
      vertex 35.697 9.41481 2.4
      vertex 35.3763 9.47861 7.4
      vertex 35.697 9.41481 7.4
    endloop
  endfacet
  facet normal 0.195116 0.98078 0
    outer loop
      vertex 35.3763 9.47861 7.4
      vertex 35.697 9.41481 2.4
      vertex 35.3763 9.47861 2.4
    endloop
  endfacet
  facet normal 0.555575 0.831466 -0
    outer loop
      vertex 36.5719 8.98338 2.4
      vertex 36.3 9.16506 7.4
      vertex 36.5719 8.98338 7.4
    endloop
  endfacet
  facet normal 0.555575 0.831466 0
    outer loop
      vertex 36.3 9.16506 7.4
      vertex 36.5719 8.98338 2.4
      vertex 36.3 9.16506 2.4
    endloop
  endfacet
  facet normal 0 0 1
    outer loop
      vertex 35.9 7 7.4
      vertex 37.55 7 7.4
      vertex 37.5286 7.32631 7.4
    endloop
  endfacet
  facet normal 0 0 1
    outer loop
      vertex 35.9 7 7.4
      vertex 37.5286 7.32631 7.4
      vertex 37.4648 7.64705 7.4
    endloop
  endfacet
  facet normal 0 0 1
    outer loop
      vertex 37.55 7 7.4
      vertex 35.9 7 7.4
      vertex 37.5286 6.67368 7.4
    endloop
  endfacet
  facet normal 0 0 1
    outer loop
      vertex 35.8353 7.32528 7.4
      vertex 37.4648 7.64705 7.4
      vertex 37.3597 7.95671 7.4
    endloop
  endfacet
  facet normal 0 0 1
    outer loop
      vertex 37.5286 6.67368 7.4
      vertex 35.9 7 7.4
      vertex 37.4648 6.35295 7.4
    endloop
  endfacet
  facet normal 0 0 1
    outer loop
      vertex 35.8353 7.32528 7.4
      vertex 37.3597 7.95671 7.4
      vertex 37.2151 8.25 7.4
    endloop
  endfacet
  facet normal -0 0 1
    outer loop
      vertex 35.8353 6.67472 7.4
      vertex 37.4648 6.35295 7.4
      vertex 35.9 7 7.4
    endloop
  endfacet
  facet normal 0 0 1
    outer loop
      vertex 35.8353 7.32528 7.4
      vertex 37.2151 8.25 7.4
      vertex 37.0334 8.5219 7.4
    endloop
  endfacet
  facet normal 0 0 1
    outer loop
      vertex 37.4648 6.35295 7.4
      vertex 35.8353 6.67472 7.4
      vertex 37.3597 6.04329 7.4
    endloop
  endfacet
  facet normal 0 0 1
    outer loop
      vertex 35.651 7.60104 7.4
      vertex 37.0334 8.5219 7.4
      vertex 36.8178 8.76777 7.4
    endloop
  endfacet
  facet normal 0 0 1
    outer loop
      vertex 37.3597 6.04329 7.4
      vertex 35.8353 6.67472 7.4
      vertex 37.2151 5.75 7.4
    endloop
  endfacet
  facet normal 0 0 1
    outer loop
      vertex 35.651 7.60104 7.4
      vertex 36.8178 8.76777 7.4
      vertex 36.5719 8.98338 7.4
    endloop
  endfacet
  facet normal 0 0 1
    outer loop
      vertex 37.2151 5.75 7.4
      vertex 35.8353 6.67472 7.4
      vertex 37.0334 5.4781 7.4
    endloop
  endfacet
  facet normal 0 0 1
    outer loop
      vertex 35.651 7.60104 7.4
      vertex 36.5719 8.98338 7.4
      vertex 36.3 9.16506 7.4
    endloop
  endfacet
  facet normal -0 0 1
    outer loop
      vertex 35.651 6.39896 7.4
      vertex 37.0334 5.4781 7.4
      vertex 35.8353 6.67472 7.4
    endloop
  endfacet
  facet normal 0 0 1
    outer loop
      vertex 35.3753 7.7853 7.4
      vertex 36.3 9.16506 7.4
      vertex 36.0067 9.3097 7.4
    endloop
  endfacet
  facet normal 0 0 1
    outer loop
      vertex 37.0334 5.4781 7.4
      vertex 35.651 6.39896 7.4
      vertex 36.8178 5.23223 7.4
    endloop
  endfacet
  facet normal 0 0 1
    outer loop
      vertex 36.8178 5.23223 7.4
      vertex 35.651 6.39896 7.4
      vertex 36.5719 5.01662 7.4
    endloop
  endfacet
  facet normal 0 0 1
    outer loop
      vertex 37.4648 7.64705 7.4
      vertex 35.8353 7.32528 7.4
      vertex 35.9 7 7.4
    endloop
  endfacet
  facet normal 0 0 1
    outer loop
      vertex 35.3753 7.7853 7.4
      vertex 36.0067 9.3097 7.4
      vertex 35.697 9.41481 7.4
    endloop
  endfacet
  facet normal 0 0 1
    outer loop
      vertex 37.0334 8.5219 7.4
      vertex 35.651 7.60104 7.4
      vertex 35.8353 7.32528 7.4
    endloop
  endfacet
  facet normal 0 0 1
    outer loop
      vertex 35.3753 7.7853 7.4
      vertex 35.697 9.41481 7.4
      vertex 35.3763 9.47861 7.4
    endloop
  endfacet
  facet normal 0 0 1
    outer loop
      vertex 36.3 9.16506 7.4
      vertex 35.3753 7.7853 7.4
      vertex 35.651 7.60104 7.4
    endloop
  endfacet
  facet normal 0 0 1
    outer loop
      vertex 35.05 7.85 7.4
      vertex 35.3763 9.47861 7.4
      vertex 35.05 9.5 7.4
    endloop
  endfacet
  facet normal 0 0 1
    outer loop
      vertex 35.3763 9.47861 7.4
      vertex 35.05 7.85 7.4
      vertex 35.3753 7.7853 7.4
    endloop
  endfacet
  facet normal -0 0 1
    outer loop
      vertex 34.7237 9.47861 7.4
      vertex 35.05 7.85 7.4
      vertex 35.05 9.5 7.4
    endloop
  endfacet
  facet normal 0 0 1
    outer loop
      vertex 35.05 7.85 7.4
      vertex 34.7237 9.47861 7.4
      vertex 34.7247 7.7853 7.4
    endloop
  endfacet
  facet normal -0 0 1
    outer loop
      vertex 34.403 9.41481 7.4
      vertex 34.7247 7.7853 7.4
      vertex 34.7237 9.47861 7.4
    endloop
  endfacet
  facet normal -0 0 1
    outer loop
      vertex 34.0933 9.3097 7.4
      vertex 34.7247 7.7853 7.4
      vertex 34.403 9.41481 7.4
    endloop
  endfacet
  facet normal -0 0 1
    outer loop
      vertex 33.8 9.16506 7.4
      vertex 34.7247 7.7853 7.4
      vertex 34.0933 9.3097 7.4
    endloop
  endfacet
  facet normal 0 0 1
    outer loop
      vertex 34.7247 7.7853 7.4
      vertex 33.8 9.16506 7.4
      vertex 34.449 7.60104 7.4
    endloop
  endfacet
  facet normal -0 0 1
    outer loop
      vertex 33.5281 8.98338 7.4
      vertex 34.449 7.60104 7.4
      vertex 33.8 9.16506 7.4
    endloop
  endfacet
  facet normal 0 0 1
    outer loop
      vertex 36.5719 5.01662 7.4
      vertex 35.651 6.39896 7.4
      vertex 36.3 4.83494 7.4
    endloop
  endfacet
  facet normal -0 0 1
    outer loop
      vertex 35.3753 6.2147 7.4
      vertex 36.3 4.83494 7.4
      vertex 35.651 6.39896 7.4
    endloop
  endfacet
  facet normal 0 0 1
    outer loop
      vertex 36.3 4.83494 7.4
      vertex 35.3753 6.2147 7.4
      vertex 36.0067 4.6903 7.4
    endloop
  endfacet
  facet normal 0 0 1
    outer loop
      vertex 36.0067 4.6903 7.4
      vertex 35.3753 6.2147 7.4
      vertex 35.697 4.58519 7.4
    endloop
  endfacet
  facet normal 0 0 1
    outer loop
      vertex 35.697 4.58519 7.4
      vertex 35.3753 6.2147 7.4
      vertex 35.3763 4.52139 7.4
    endloop
  endfacet
  facet normal -0 0 1
    outer loop
      vertex 35.05 6.15 7.4
      vertex 35.3763 4.52139 7.4
      vertex 35.3753 6.2147 7.4
    endloop
  endfacet
  facet normal 0 0 1
    outer loop
      vertex 35.05 6.15 7.4
      vertex 35.05 4.5 7.4
      vertex 35.3763 4.52139 7.4
    endloop
  endfacet
  facet normal 0 0 1
    outer loop
      vertex 34.7237 4.52139 7.4
      vertex 35.05 6.15 7.4
      vertex 34.7247 6.2147 7.4
    endloop
  endfacet
  facet normal 0 0 1
    outer loop
      vertex 35.05 6.15 7.4
      vertex 34.7237 4.52139 7.4
      vertex 35.05 4.5 7.4
    endloop
  endfacet
  facet normal 0 0 1
    outer loop
      vertex 33.8 4.83494 7.4
      vertex 34.7247 6.2147 7.4
      vertex 34.449 6.39896 7.4
    endloop
  endfacet
  facet normal 0 0 1
    outer loop
      vertex 34.7247 6.2147 7.4
      vertex 34.403 4.58519 7.4
      vertex 34.7237 4.52139 7.4
    endloop
  endfacet
  facet normal 0 0 1
    outer loop
      vertex 33.0666 5.4781 7.4
      vertex 34.449 6.39896 7.4
      vertex 34.2647 6.67472 7.4
    endloop
  endfacet
  facet normal 0 0 1
    outer loop
      vertex 32.6352 6.35295 7.4
      vertex 34.2647 6.67472 7.4
      vertex 34.2 7 7.4
    endloop
  endfacet
  facet normal 0 0 1
    outer loop
      vertex 34.7247 6.2147 7.4
      vertex 34.0933 4.6903 7.4
      vertex 34.403 4.58519 7.4
    endloop
  endfacet
  facet normal -0 0 1
    outer loop
      vertex 33.2822 8.76777 7.4
      vertex 34.449 7.60104 7.4
      vertex 33.5281 8.98338 7.4
    endloop
  endfacet
  facet normal -0 0 1
    outer loop
      vertex 33.0666 8.5219 7.4
      vertex 34.449 7.60104 7.4
      vertex 33.2822 8.76777 7.4
    endloop
  endfacet
  facet normal 0 0 1
    outer loop
      vertex 34.7247 6.2147 7.4
      vertex 33.8 4.83494 7.4
      vertex 34.0933 4.6903 7.4
    endloop
  endfacet
  facet normal 0 0 1
    outer loop
      vertex 34.449 7.60104 7.4
      vertex 33.0666 8.5219 7.4
      vertex 34.2647 7.32528 7.4
    endloop
  endfacet
  facet normal 0 0 1
    outer loop
      vertex 34.449 6.39896 7.4
      vertex 33.5281 5.01662 7.4
      vertex 33.8 4.83494 7.4
    endloop
  endfacet
  facet normal -0 0 1
    outer loop
      vertex 32.8849 8.25 7.4
      vertex 34.2647 7.32528 7.4
      vertex 33.0666 8.5219 7.4
    endloop
  endfacet
  facet normal 0 0 1
    outer loop
      vertex 34.449 6.39896 7.4
      vertex 33.2822 5.23223 7.4
      vertex 33.5281 5.01662 7.4
    endloop
  endfacet
  facet normal -0 0 1
    outer loop
      vertex 32.7403 7.95671 7.4
      vertex 34.2647 7.32528 7.4
      vertex 32.8849 8.25 7.4
    endloop
  endfacet
  facet normal 0 0 1
    outer loop
      vertex 34.449 6.39896 7.4
      vertex 33.0666 5.4781 7.4
      vertex 33.2822 5.23223 7.4
    endloop
  endfacet
  facet normal -0 0 1
    outer loop
      vertex 32.6352 7.64705 7.4
      vertex 34.2647 7.32528 7.4
      vertex 32.7403 7.95671 7.4
    endloop
  endfacet
  facet normal 0 0 1
    outer loop
      vertex 34.2647 6.67472 7.4
      vertex 32.8849 5.75 7.4
      vertex 33.0666 5.4781 7.4
    endloop
  endfacet
  facet normal 0 0 1
    outer loop
      vertex 34.2647 7.32528 7.4
      vertex 32.6352 7.64705 7.4
      vertex 34.2 7 7.4
    endloop
  endfacet
  facet normal 0 0 1
    outer loop
      vertex 34.2647 6.67472 7.4
      vertex 32.7403 6.04329 7.4
      vertex 32.8849 5.75 7.4
    endloop
  endfacet
  facet normal -0 0 1
    outer loop
      vertex 32.5714 7.32631 7.4
      vertex 34.2 7 7.4
      vertex 32.6352 7.64705 7.4
    endloop
  endfacet
  facet normal 0 0 1
    outer loop
      vertex 34.2647 6.67472 7.4
      vertex 32.6352 6.35295 7.4
      vertex 32.7403 6.04329 7.4
    endloop
  endfacet
  facet normal 0 0 1
    outer loop
      vertex 32.55 7 7.4
      vertex 34.2 7 7.4
      vertex 32.5714 7.32631 7.4
    endloop
  endfacet
  facet normal 0 0 1
    outer loop
      vertex 34.2 7 7.4
      vertex 32.5714 6.67368 7.4
      vertex 32.6352 6.35295 7.4
    endloop
  endfacet
  facet normal 0 0 1
    outer loop
      vertex 34.2 7 7.4
      vertex 32.55 7 7.4
      vertex 32.5714 6.67368 7.4
    endloop
  endfacet
  facet normal -0.946944 0.321397 0
    outer loop
      vertex 32.6352 7.64705 2.4
      vertex 32.7403 7.95671 7.4
      vertex 32.7403 7.95671 2.4
    endloop
  endfacet
  facet normal -0.946944 0.321397 0
    outer loop
      vertex 32.7403 7.95671 7.4
      vertex 32.6352 7.64705 2.4
      vertex 32.6352 7.64705 7.4
    endloop
  endfacet
  facet normal -0.980785 0.195093 0
    outer loop
      vertex 32.5714 7.32631 2.4
      vertex 32.6352 7.64705 7.4
      vertex 32.6352 7.64705 2.4
    endloop
  endfacet
  facet normal -0.980785 0.195093 0
    outer loop
      vertex 32.6352 7.64705 7.4
      vertex 32.5714 7.32631 2.4
      vertex 32.5714 7.32631 7.4
    endloop
  endfacet
  facet normal -0.831438 0.555617 0
    outer loop
      vertex 32.8849 8.25 2.4
      vertex 33.0666 8.5219 7.4
      vertex 33.0666 8.5219 2.4
    endloop
  endfacet
  facet normal -0.831438 0.555617 0
    outer loop
      vertex 33.0666 8.5219 7.4
      vertex 32.8849 8.25 2.4
      vertex 32.8849 8.25 7.4
    endloop
  endfacet
  facet normal -0.195116 0.98078 0
    outer loop
      vertex 34.7237 9.47861 2.4
      vertex 34.403 9.41481 7.4
      vertex 34.7237 9.47861 7.4
    endloop
  endfacet
  facet normal -0.195116 0.98078 0
    outer loop
      vertex 34.403 9.41481 7.4
      vertex 34.7237 9.47861 2.4
      vertex 34.403 9.41481 2.4
    endloop
  endfacet
  facet normal -0.555575 0.831466 0
    outer loop
      vertex 33.8 9.16506 2.4
      vertex 33.5281 8.98338 7.4
      vertex 33.8 9.16506 7.4
    endloop
  endfacet
  facet normal -0.555575 0.831466 0
    outer loop
      vertex 33.5281 8.98338 7.4
      vertex 33.8 9.16506 2.4
      vertex 33.5281 8.98338 2.4
    endloop
  endfacet
  facet normal -0.659279 0.751898 0
    outer loop
      vertex 33.5281 8.98338 2.4
      vertex 33.2822 8.76777 7.4
      vertex 33.5281 8.98338 7.4
    endloop
  endfacet
  facet normal -0.659279 0.751898 0
    outer loop
      vertex 33.2822 8.76777 7.4
      vertex 33.5281 8.98338 2.4
      vertex 33.2822 8.76777 2.4
    endloop
  endfacet
  facet normal 0.997856 0.0654412 0
    outer loop
      vertex 37.55 7 7.4
      vertex 37.5286 7.32631 2.4
      vertex 37.5286 7.32631 7.4
    endloop
  endfacet
  facet normal 0.997856 0.0654412 0
    outer loop
      vertex 37.5286 7.32631 2.4
      vertex 37.55 7 7.4
      vertex 37.55 7 2.4
    endloop
  endfacet
  facet normal 0.997857 -0.0654392 0
    outer loop
      vertex 37.5286 6.67368 7.4
      vertex 37.55 7 2.4
      vertex 37.55 7 7.4
    endloop
  endfacet
  facet normal 0.997857 -0.0654392 0
    outer loop
      vertex 37.55 7 2.4
      vertex 37.5286 6.67368 7.4
      vertex 37.5286 6.67368 2.4
    endloop
  endfacet
  facet normal 0.980784 -0.195099 0
    outer loop
      vertex 37.4648 6.35295 7.4
      vertex 37.5286 6.67368 2.4
      vertex 37.5286 6.67368 7.4
    endloop
  endfacet
  facet normal 0.980784 -0.195099 0
    outer loop
      vertex 37.5286 6.67368 2.4
      vertex 37.4648 6.35295 7.4
      vertex 37.4648 6.35295 2.4
    endloop
  endfacet
  facet normal 0.0654128 -0.997858 0
    outer loop
      vertex 35.05 4.5 2.4
      vertex 35.3763 4.52139 7.4
      vertex 35.05 4.5 7.4
    endloop
  endfacet
  facet normal 0.0654128 -0.997858 0
    outer loop
      vertex 35.3763 4.52139 7.4
      vertex 35.05 4.5 2.4
      vertex 35.3763 4.52139 2.4
    endloop
  endfacet
  facet normal -0.751873 -0.659307 0
    outer loop
      vertex 33.2822 5.23223 2.4
      vertex 33.0666 5.4781 7.4
      vertex 33.0666 5.4781 2.4
    endloop
  endfacet
  facet normal -0.751873 -0.659307 0
    outer loop
      vertex 33.0666 5.4781 7.4
      vertex 33.2822 5.23223 2.4
      vertex 33.2822 5.23223 7.4
    endloop
  endfacet
  facet normal 0.195116 -0.98078 0
    outer loop
      vertex 35.3763 4.52139 2.4
      vertex 35.697 4.58519 7.4
      vertex 35.3763 4.52139 7.4
    endloop
  endfacet
  facet normal 0.195116 -0.98078 0
    outer loop
      vertex 35.697 4.58519 7.4
      vertex 35.3763 4.52139 2.4
      vertex 35.697 4.58519 2.4
    endloop
  endfacet
  facet normal 0.896915 0.442204 0
    outer loop
      vertex 37.3597 7.95671 7.4
      vertex 37.2151 8.25 2.4
      vertex 37.2151 8.25 7.4
    endloop
  endfacet
  facet normal 0.896915 0.442204 0
    outer loop
      vertex 37.2151 8.25 2.4
      vertex 37.3597 7.95671 7.4
      vertex 37.3597 7.95671 2.4
    endloop
  endfacet
  facet normal 0.946944 0.321397 0
    outer loop
      vertex 37.4648 7.64705 7.4
      vertex 37.3597 7.95671 2.4
      vertex 37.3597 7.95671 7.4
    endloop
  endfacet
  facet normal 0.946944 0.321397 0
    outer loop
      vertex 37.3597 7.95671 2.4
      vertex 37.4648 7.64705 7.4
      vertex 37.4648 7.64705 2.4
    endloop
  endfacet
  facet normal 0.896915 -0.442204 0
    outer loop
      vertex 37.2151 5.75 7.4
      vertex 37.3597 6.04329 2.4
      vertex 37.3597 6.04329 7.4
    endloop
  endfacet
  facet normal 0.896915 -0.442204 0
    outer loop
      vertex 37.3597 6.04329 2.4
      vertex 37.2151 5.75 7.4
      vertex 37.2151 5.75 2.4
    endloop
  endfacet
  facet normal 0.946944 -0.321397 0
    outer loop
      vertex 37.3597 6.04329 7.4
      vertex 37.4648 6.35295 2.4
      vertex 37.4648 6.35295 7.4
    endloop
  endfacet
  facet normal 0.946944 -0.321397 0
    outer loop
      vertex 37.4648 6.35295 2.4
      vertex 37.3597 6.04329 7.4
      vertex 37.3597 6.04329 2.4
    endloop
  endfacet
  facet normal 0.751873 -0.659307 0
    outer loop
      vertex 36.8178 5.23223 7.4
      vertex 37.0334 5.4781 2.4
      vertex 37.0334 5.4781 7.4
    endloop
  endfacet
  facet normal 0.751873 -0.659307 0
    outer loop
      vertex 37.0334 5.4781 2.4
      vertex 36.8178 5.23223 7.4
      vertex 36.8178 5.23223 2.4
    endloop
  endfacet
  facet normal 0.831438 -0.555617 0
    outer loop
      vertex 37.0334 5.4781 7.4
      vertex 37.2151 5.75 2.4
      vertex 37.2151 5.75 7.4
    endloop
  endfacet
  facet normal 0.831438 -0.555617 0
    outer loop
      vertex 37.2151 5.75 2.4
      vertex 37.0334 5.4781 7.4
      vertex 37.0334 5.4781 2.4
    endloop
  endfacet
  facet normal -0.321387 -0.946948 0
    outer loop
      vertex 34.0933 4.6903 2.4
      vertex 34.403 4.58519 7.4
      vertex 34.0933 4.6903 7.4
    endloop
  endfacet
  facet normal -0.321387 -0.946948 -0
    outer loop
      vertex 34.403 4.58519 7.4
      vertex 34.0933 4.6903 2.4
      vertex 34.403 4.58519 2.4
    endloop
  endfacet
  facet normal -0.195116 -0.98078 0
    outer loop
      vertex 34.403 4.58519 2.4
      vertex 34.7237 4.52139 7.4
      vertex 34.403 4.58519 7.4
    endloop
  endfacet
  facet normal -0.195116 -0.98078 -0
    outer loop
      vertex 34.7237 4.52139 7.4
      vertex 34.403 4.58519 2.4
      vertex 34.7237 4.52139 2.4
    endloop
  endfacet
  facet normal -0.946944 -0.321397 0
    outer loop
      vertex 32.7403 6.04329 2.4
      vertex 32.6352 6.35295 7.4
      vertex 32.6352 6.35295 2.4
    endloop
  endfacet
  facet normal -0.946944 -0.321397 0
    outer loop
      vertex 32.6352 6.35295 7.4
      vertex 32.7403 6.04329 2.4
      vertex 32.7403 6.04329 7.4
    endloop
  endfacet
  facet normal -0.980784 -0.195099 0
    outer loop
      vertex 32.6352 6.35295 2.4
      vertex 32.5714 6.67368 7.4
      vertex 32.5714 6.67368 2.4
    endloop
  endfacet
  facet normal -0.980784 -0.195099 0
    outer loop
      vertex 32.5714 6.67368 7.4
      vertex 32.6352 6.35295 2.4
      vertex 32.6352 6.35295 7.4
    endloop
  endfacet
  facet normal -0.997857 -0.0654392 0
    outer loop
      vertex 32.5714 6.67368 2.4
      vertex 32.55 7 7.4
      vertex 32.55 7 2.4
    endloop
  endfacet
  facet normal -0.997857 -0.0654392 0
    outer loop
      vertex 32.55 7 7.4
      vertex 32.5714 6.67368 2.4
      vertex 32.5714 6.67368 7.4
    endloop
  endfacet
  facet normal 0.44229 -0.896872 0
    outer loop
      vertex 36.0067 4.6903 2.4
      vertex 36.3 4.83494 7.4
      vertex 36.0067 4.6903 7.4
    endloop
  endfacet
  facet normal 0.44229 -0.896872 0
    outer loop
      vertex 36.3 4.83494 7.4
      vertex 36.0067 4.6903 2.4
      vertex 36.3 4.83494 2.4
    endloop
  endfacet
  facet normal 0.321387 -0.946948 0
    outer loop
      vertex 35.697 4.58519 2.4
      vertex 36.0067 4.6903 7.4
      vertex 35.697 4.58519 7.4
    endloop
  endfacet
  facet normal 0.321387 -0.946948 0
    outer loop
      vertex 36.0067 4.6903 7.4
      vertex 35.697 4.58519 2.4
      vertex 36.0067 4.6903 2.4
    endloop
  endfacet
  facet normal 0.659279 -0.751898 0
    outer loop
      vertex 36.5719 5.01662 2.4
      vertex 36.8178 5.23223 7.4
      vertex 36.5719 5.01662 7.4
    endloop
  endfacet
  facet normal 0.659279 -0.751898 0
    outer loop
      vertex 36.8178 5.23223 7.4
      vertex 36.5719 5.01662 2.4
      vertex 36.8178 5.23223 2.4
    endloop
  endfacet
  facet normal 0.555575 -0.831466 0
    outer loop
      vertex 36.3 4.83494 2.4
      vertex 36.5719 5.01662 7.4
      vertex 36.3 4.83494 7.4
    endloop
  endfacet
  facet normal 0.555575 -0.831466 0
    outer loop
      vertex 36.5719 5.01662 7.4
      vertex 36.3 4.83494 2.4
      vertex 36.5719 5.01662 2.4
    endloop
  endfacet
  facet normal -0.0654128 -0.997858 0
    outer loop
      vertex 34.7237 4.52139 2.4
      vertex 35.05 4.5 7.4
      vertex 34.7237 4.52139 7.4
    endloop
  endfacet
  facet normal -0.0654128 -0.997858 -0
    outer loop
      vertex 35.05 4.5 7.4
      vertex 34.7237 4.52139 2.4
      vertex 35.05 4.5 2.4
    endloop
  endfacet
  facet normal -0.44229 -0.896872 0
    outer loop
      vertex 33.8 4.83494 2.4
      vertex 34.0933 4.6903 7.4
      vertex 33.8 4.83494 7.4
    endloop
  endfacet
  facet normal -0.44229 -0.896872 -0
    outer loop
      vertex 34.0933 4.6903 7.4
      vertex 33.8 4.83494 2.4
      vertex 34.0933 4.6903 2.4
    endloop
  endfacet
  facet normal -0.831438 -0.555617 0
    outer loop
      vertex 33.0666 5.4781 2.4
      vertex 32.8849 5.75 7.4
      vertex 32.8849 5.75 2.4
    endloop
  endfacet
  facet normal -0.831438 -0.555617 0
    outer loop
      vertex 32.8849 5.75 7.4
      vertex 33.0666 5.4781 2.4
      vertex 33.0666 5.4781 7.4
    endloop
  endfacet
  facet normal -0.896915 -0.442204 0
    outer loop
      vertex 32.8849 5.75 2.4
      vertex 32.7403 6.04329 7.4
      vertex 32.7403 6.04329 2.4
    endloop
  endfacet
  facet normal -0.896915 -0.442204 0
    outer loop
      vertex 32.7403 6.04329 7.4
      vertex 32.8849 5.75 2.4
      vertex 32.8849 5.75 7.4
    endloop
  endfacet
  facet normal -0.555575 -0.831466 0
    outer loop
      vertex 33.5281 5.01662 2.4
      vertex 33.8 4.83494 7.4
      vertex 33.5281 5.01662 7.4
    endloop
  endfacet
  facet normal -0.555575 -0.831466 -0
    outer loop
      vertex 33.8 4.83494 7.4
      vertex 33.5281 5.01662 2.4
      vertex 33.8 4.83494 2.4
    endloop
  endfacet
  facet normal 0.997936 0.0642231 0
    outer loop
      vertex 101.55 7 7.4
      vertex 101.529 7.32631 2.4
      vertex 101.529 7.32631 7.4
    endloop
  endfacet
  facet normal 0.997936 0.0642231 0
    outer loop
      vertex 101.529 7.32631 2.4
      vertex 101.55 7 7.4
      vertex 101.55 7 2.4
    endloop
  endfacet
  facet normal -0.997856 0.0654412 0
    outer loop
      vertex 96.55 7 2.4
      vertex 96.5714 7.32631 7.4
      vertex 96.5714 7.32631 2.4
    endloop
  endfacet
  facet normal -0.997856 0.0654412 0
    outer loop
      vertex 96.5714 7.32631 7.4
      vertex 96.55 7 2.4
      vertex 96.55 7 7.4
    endloop
  endfacet
  facet normal 0.0654128 0.997858 -0
    outer loop
      vertex 99.3763 9.47861 2.4
      vertex 99.05 9.5 7.4
      vertex 99.3763 9.47861 7.4
    endloop
  endfacet
  facet normal 0.0654128 0.997858 0
    outer loop
      vertex 99.05 9.5 7.4
      vertex 99.3763 9.47861 2.4
      vertex 99.05 9.5 2.4
    endloop
  endfacet
  facet normal 0.0654128 -0.997858 0
    outer loop
      vertex 99.05 4.5 2.4
      vertex 99.3763 4.52139 7.4
      vertex 99.05 4.5 7.4
    endloop
  endfacet
  facet normal 0.0654128 -0.997858 0
    outer loop
      vertex 99.3763 4.52139 7.4
      vertex 99.05 4.5 2.4
      vertex 99.3763 4.52139 2.4
    endloop
  endfacet
  facet normal 0.659128 0.752031 -0
    outer loop
      vertex 100.818 8.76777 2.4
      vertex 100.572 8.98338 7.4
      vertex 100.818 8.76777 7.4
    endloop
  endfacet
  facet normal 0.659128 0.752031 0
    outer loop
      vertex 100.572 8.98338 7.4
      vertex 100.818 8.76777 2.4
      vertex 100.572 8.98338 2.4
    endloop
  endfacet
  facet normal -0.659279 0.751898 0
    outer loop
      vertex 97.5281 8.98338 2.4
      vertex 97.2822 8.76777 7.4
      vertex 97.5281 8.98338 7.4
    endloop
  endfacet
  facet normal -0.659279 0.751898 0
    outer loop
      vertex 97.2822 8.76777 7.4
      vertex 97.5281 8.98338 2.4
      vertex 97.2822 8.76777 2.4
    endloop
  endfacet
  facet normal -0.321387 0.946948 0
    outer loop
      vertex 98.403 9.41481 2.4
      vertex 98.0933 9.3097 7.4
      vertex 98.403 9.41481 7.4
    endloop
  endfacet
  facet normal -0.321387 0.946948 0
    outer loop
      vertex 98.0933 9.3097 7.4
      vertex 98.403 9.41481 2.4
      vertex 98.0933 9.3097 2.4
    endloop
  endfacet
  facet normal 0.831014 -0.556251 0
    outer loop
      vertex 101.033 5.4781 7.4
      vertex 101.215 5.75 2.4
      vertex 101.215 5.75 7.4
    endloop
  endfacet
  facet normal 0.831014 -0.556251 0
    outer loop
      vertex 101.215 5.75 2.4
      vertex 101.033 5.4781 7.4
      vertex 101.033 5.4781 2.4
    endloop
  endfacet
  facet normal 0.896429 0.443187 0
    outer loop
      vertex 101.36 7.95671 7.4
      vertex 101.215 8.25 2.4
      vertex 101.215 8.25 7.4
    endloop
  endfacet
  facet normal 0.896429 0.443187 0
    outer loop
      vertex 101.215 8.25 2.4
      vertex 101.36 7.95671 7.4
      vertex 101.36 7.95671 2.4
    endloop
  endfacet
  facet normal 0.980668 0.195681 0
    outer loop
      vertex 101.529 7.32631 7.4
      vertex 101.465 7.64705 2.4
      vertex 101.465 7.64705 7.4
    endloop
  endfacet
  facet normal 0.980668 0.195681 0
    outer loop
      vertex 101.465 7.64705 2.4
      vertex 101.529 7.32631 7.4
      vertex 101.529 7.32631 2.4
    endloop
  endfacet
  facet normal 0.321108 0.947042 -0
    outer loop
      vertex 100.007 9.3097 2.4
      vertex 99.697 9.41481 7.4
      vertex 100.007 9.3097 7.4
    endloop
  endfacet
  facet normal 0.321108 0.947042 0
    outer loop
      vertex 99.697 9.41481 7.4
      vertex 100.007 9.3097 2.4
      vertex 99.697 9.41481 2.4
    endloop
  endfacet
  facet normal 0.195116 0.98078 -0
    outer loop
      vertex 99.697 9.41481 2.4
      vertex 99.3763 9.47861 7.4
      vertex 99.697 9.41481 7.4
    endloop
  endfacet
  facet normal 0.195116 0.98078 0
    outer loop
      vertex 99.3763 9.47861 7.4
      vertex 99.697 9.41481 2.4
      vertex 99.3763 9.47861 2.4
    endloop
  endfacet
  facet normal 0.442654 0.896693 -0
    outer loop
      vertex 100.3 9.16506 2.4
      vertex 100.007 9.3097 7.4
      vertex 100.3 9.16506 7.4
    endloop
  endfacet
  facet normal 0.442654 0.896693 0
    outer loop
      vertex 100.007 9.3097 7.4
      vertex 100.3 9.16506 2.4
      vertex 100.007 9.3097 2.4
    endloop
  endfacet
  facet normal -0.896915 0.442204 0
    outer loop
      vertex 96.7403 7.95671 2.4
      vertex 96.8849 8.25 7.4
      vertex 96.8849 8.25 2.4
    endloop
  endfacet
  facet normal -0.896915 0.442204 0
    outer loop
      vertex 96.8849 8.25 7.4
      vertex 96.7403 7.95671 2.4
      vertex 96.7403 7.95671 7.4
    endloop
  endfacet
  facet normal -0.831438 0.555617 0
    outer loop
      vertex 96.8849 8.25 2.4
      vertex 97.0666 8.5219 7.4
      vertex 97.0666 8.5219 2.4
    endloop
  endfacet
  facet normal -0.831438 0.555617 0
    outer loop
      vertex 97.0666 8.5219 7.4
      vertex 96.8849 8.25 2.4
      vertex 96.8849 8.25 7.4
    endloop
  endfacet
  facet normal 0 0 1
    outer loop
      vertex 99.9 7 7.4
      vertex 101.55 7 7.4
      vertex 101.529 7.32631 7.4
    endloop
  endfacet
  facet normal 0 0 1
    outer loop
      vertex 99.9 7 7.4
      vertex 101.529 7.32631 7.4
      vertex 101.465 7.64705 7.4
    endloop
  endfacet
  facet normal 0 0 1
    outer loop
      vertex 101.55 7 7.4
      vertex 99.9 7 7.4
      vertex 101.529 6.67368 7.4
    endloop
  endfacet
  facet normal 0 0 1
    outer loop
      vertex 99.8353 7.32528 7.4
      vertex 101.465 7.64705 7.4
      vertex 101.36 7.95671 7.4
    endloop
  endfacet
  facet normal 0 0 1
    outer loop
      vertex 101.529 6.67368 7.4
      vertex 99.9 7 7.4
      vertex 101.465 6.35295 7.4
    endloop
  endfacet
  facet normal 0 0 1
    outer loop
      vertex 99.8353 7.32528 7.4
      vertex 101.36 7.95671 7.4
      vertex 101.215 8.25 7.4
    endloop
  endfacet
  facet normal -0 0 1
    outer loop
      vertex 99.8353 6.67472 7.4
      vertex 101.465 6.35295 7.4
      vertex 99.9 7 7.4
    endloop
  endfacet
  facet normal 0 0 1
    outer loop
      vertex 99.8353 7.32528 7.4
      vertex 101.215 8.25 7.4
      vertex 101.033 8.5219 7.4
    endloop
  endfacet
  facet normal 0 0 1
    outer loop
      vertex 101.465 6.35295 7.4
      vertex 99.8353 6.67472 7.4
      vertex 101.36 6.04329 7.4
    endloop
  endfacet
  facet normal 0 0 1
    outer loop
      vertex 99.651 7.60104 7.4
      vertex 101.033 8.5219 7.4
      vertex 100.818 8.76777 7.4
    endloop
  endfacet
  facet normal 0 0 1
    outer loop
      vertex 101.36 6.04329 7.4
      vertex 99.8353 6.67472 7.4
      vertex 101.215 5.75 7.4
    endloop
  endfacet
  facet normal 0 0 1
    outer loop
      vertex 99.651 7.60104 7.4
      vertex 100.818 8.76777 7.4
      vertex 100.572 8.98338 7.4
    endloop
  endfacet
  facet normal 0 0 1
    outer loop
      vertex 101.215 5.75 7.4
      vertex 99.8353 6.67472 7.4
      vertex 101.033 5.4781 7.4
    endloop
  endfacet
  facet normal 0 0 1
    outer loop
      vertex 99.651 7.60104 7.4
      vertex 100.572 8.98338 7.4
      vertex 100.3 9.16506 7.4
    endloop
  endfacet
  facet normal -0 0 1
    outer loop
      vertex 99.651 6.39896 7.4
      vertex 101.033 5.4781 7.4
      vertex 99.8353 6.67472 7.4
    endloop
  endfacet
  facet normal 0 0 1
    outer loop
      vertex 99.3753 7.7853 7.4
      vertex 100.3 9.16506 7.4
      vertex 100.007 9.3097 7.4
    endloop
  endfacet
  facet normal 0 0 1
    outer loop
      vertex 101.033 5.4781 7.4
      vertex 99.651 6.39896 7.4
      vertex 100.818 5.23223 7.4
    endloop
  endfacet
  facet normal 0 0 1
    outer loop
      vertex 100.818 5.23223 7.4
      vertex 99.651 6.39896 7.4
      vertex 100.572 5.01662 7.4
    endloop
  endfacet
  facet normal 0 0 1
    outer loop
      vertex 101.465 7.64705 7.4
      vertex 99.8353 7.32528 7.4
      vertex 99.9 7 7.4
    endloop
  endfacet
  facet normal 0 0 1
    outer loop
      vertex 99.3753 7.7853 7.4
      vertex 100.007 9.3097 7.4
      vertex 99.697 9.41481 7.4
    endloop
  endfacet
  facet normal 0 0 1
    outer loop
      vertex 101.033 8.5219 7.4
      vertex 99.651 7.60104 7.4
      vertex 99.8353 7.32528 7.4
    endloop
  endfacet
  facet normal 0 0 1
    outer loop
      vertex 99.3753 7.7853 7.4
      vertex 99.697 9.41481 7.4
      vertex 99.3763 9.47861 7.4
    endloop
  endfacet
  facet normal 0 0 1
    outer loop
      vertex 100.3 9.16506 7.4
      vertex 99.3753 7.7853 7.4
      vertex 99.651 7.60104 7.4
    endloop
  endfacet
  facet normal 0 0 1
    outer loop
      vertex 99.05 7.85 7.4
      vertex 99.3763 9.47861 7.4
      vertex 99.05 9.5 7.4
    endloop
  endfacet
  facet normal 0 0 1
    outer loop
      vertex 99.3763 9.47861 7.4
      vertex 99.05 7.85 7.4
      vertex 99.3753 7.7853 7.4
    endloop
  endfacet
  facet normal -0 0 1
    outer loop
      vertex 98.7237 9.47861 7.4
      vertex 99.05 7.85 7.4
      vertex 99.05 9.5 7.4
    endloop
  endfacet
  facet normal 0 0 1
    outer loop
      vertex 99.05 7.85 7.4
      vertex 98.7237 9.47861 7.4
      vertex 98.7247 7.7853 7.4
    endloop
  endfacet
  facet normal -0 0 1
    outer loop
      vertex 98.403 9.41481 7.4
      vertex 98.7247 7.7853 7.4
      vertex 98.7237 9.47861 7.4
    endloop
  endfacet
  facet normal -0 0 1
    outer loop
      vertex 98.0933 9.3097 7.4
      vertex 98.7247 7.7853 7.4
      vertex 98.403 9.41481 7.4
    endloop
  endfacet
  facet normal -0 0 1
    outer loop
      vertex 97.8 9.16506 7.4
      vertex 98.7247 7.7853 7.4
      vertex 98.0933 9.3097 7.4
    endloop
  endfacet
  facet normal 0 0 1
    outer loop
      vertex 98.7247 7.7853 7.4
      vertex 97.8 9.16506 7.4
      vertex 98.449 7.60104 7.4
    endloop
  endfacet
  facet normal -0 0 1
    outer loop
      vertex 97.5281 8.98338 7.4
      vertex 98.449 7.60104 7.4
      vertex 97.8 9.16506 7.4
    endloop
  endfacet
  facet normal 0 0 1
    outer loop
      vertex 100.572 5.01662 7.4
      vertex 99.651 6.39896 7.4
      vertex 100.3 4.83494 7.4
    endloop
  endfacet
  facet normal -0 0 1
    outer loop
      vertex 99.3753 6.2147 7.4
      vertex 100.3 4.83494 7.4
      vertex 99.651 6.39896 7.4
    endloop
  endfacet
  facet normal 0 0 1
    outer loop
      vertex 100.3 4.83494 7.4
      vertex 99.3753 6.2147 7.4
      vertex 100.007 4.6903 7.4
    endloop
  endfacet
  facet normal 0 0 1
    outer loop
      vertex 100.007 4.6903 7.4
      vertex 99.3753 6.2147 7.4
      vertex 99.697 4.58519 7.4
    endloop
  endfacet
  facet normal 0 0 1
    outer loop
      vertex 99.697 4.58519 7.4
      vertex 99.3753 6.2147 7.4
      vertex 99.3763 4.52139 7.4
    endloop
  endfacet
  facet normal -0 0 1
    outer loop
      vertex 99.05 6.15 7.4
      vertex 99.3763 4.52139 7.4
      vertex 99.3753 6.2147 7.4
    endloop
  endfacet
  facet normal 0 0 1
    outer loop
      vertex 99.05 6.15 7.4
      vertex 99.05 4.5 7.4
      vertex 99.3763 4.52139 7.4
    endloop
  endfacet
  facet normal 0 0 1
    outer loop
      vertex 98.7237 4.52139 7.4
      vertex 99.05 6.15 7.4
      vertex 98.7247 6.2147 7.4
    endloop
  endfacet
  facet normal 0 0 1
    outer loop
      vertex 99.05 6.15 7.4
      vertex 98.7237 4.52139 7.4
      vertex 99.05 4.5 7.4
    endloop
  endfacet
  facet normal 0 0 1
    outer loop
      vertex 97.8 4.83494 7.4
      vertex 98.7247 6.2147 7.4
      vertex 98.449 6.39896 7.4
    endloop
  endfacet
  facet normal 0 0 1
    outer loop
      vertex 98.7247 6.2147 7.4
      vertex 98.403 4.58519 7.4
      vertex 98.7237 4.52139 7.4
    endloop
  endfacet
  facet normal 0 0 1
    outer loop
      vertex 97.0666 5.4781 7.4
      vertex 98.449 6.39896 7.4
      vertex 98.2647 6.67472 7.4
    endloop
  endfacet
  facet normal 0 0 1
    outer loop
      vertex 96.6352 6.35295 7.4
      vertex 98.2647 6.67472 7.4
      vertex 98.2 7 7.4
    endloop
  endfacet
  facet normal 0 0 1
    outer loop
      vertex 98.7247 6.2147 7.4
      vertex 98.0933 4.6903 7.4
      vertex 98.403 4.58519 7.4
    endloop
  endfacet
  facet normal -0 0 1
    outer loop
      vertex 97.2822 8.76777 7.4
      vertex 98.449 7.60104 7.4
      vertex 97.5281 8.98338 7.4
    endloop
  endfacet
  facet normal -0 0 1
    outer loop
      vertex 97.0666 8.5219 7.4
      vertex 98.449 7.60104 7.4
      vertex 97.2822 8.76777 7.4
    endloop
  endfacet
  facet normal 0 0 1
    outer loop
      vertex 98.7247 6.2147 7.4
      vertex 97.8 4.83494 7.4
      vertex 98.0933 4.6903 7.4
    endloop
  endfacet
  facet normal 0 0 1
    outer loop
      vertex 98.449 7.60104 7.4
      vertex 97.0666 8.5219 7.4
      vertex 98.2647 7.32528 7.4
    endloop
  endfacet
  facet normal 0 0 1
    outer loop
      vertex 98.449 6.39896 7.4
      vertex 97.5281 5.01662 7.4
      vertex 97.8 4.83494 7.4
    endloop
  endfacet
  facet normal -0 0 1
    outer loop
      vertex 96.8849 8.25 7.4
      vertex 98.2647 7.32528 7.4
      vertex 97.0666 8.5219 7.4
    endloop
  endfacet
  facet normal 0 0 1
    outer loop
      vertex 98.449 6.39896 7.4
      vertex 97.2822 5.23223 7.4
      vertex 97.5281 5.01662 7.4
    endloop
  endfacet
  facet normal -0 0 1
    outer loop
      vertex 96.7403 7.95671 7.4
      vertex 98.2647 7.32528 7.4
      vertex 96.8849 8.25 7.4
    endloop
  endfacet
  facet normal 0 0 1
    outer loop
      vertex 98.449 6.39896 7.4
      vertex 97.0666 5.4781 7.4
      vertex 97.2822 5.23223 7.4
    endloop
  endfacet
  facet normal -0 0 1
    outer loop
      vertex 96.6352 7.64705 7.4
      vertex 98.2647 7.32528 7.4
      vertex 96.7403 7.95671 7.4
    endloop
  endfacet
  facet normal 0 0 1
    outer loop
      vertex 98.2647 6.67472 7.4
      vertex 96.8849 5.75 7.4
      vertex 97.0666 5.4781 7.4
    endloop
  endfacet
  facet normal 0 0 1
    outer loop
      vertex 98.2647 7.32528 7.4
      vertex 96.6352 7.64705 7.4
      vertex 98.2 7 7.4
    endloop
  endfacet
  facet normal 0 0 1
    outer loop
      vertex 98.2647 6.67472 7.4
      vertex 96.7403 6.04329 7.4
      vertex 96.8849 5.75 7.4
    endloop
  endfacet
  facet normal -0 0 1
    outer loop
      vertex 96.5714 7.32631 7.4
      vertex 98.2 7 7.4
      vertex 96.6352 7.64705 7.4
    endloop
  endfacet
  facet normal 0 0 1
    outer loop
      vertex 98.2647 6.67472 7.4
      vertex 96.6352 6.35295 7.4
      vertex 96.7403 6.04329 7.4
    endloop
  endfacet
  facet normal 0 0 1
    outer loop
      vertex 96.55 7 7.4
      vertex 98.2 7 7.4
      vertex 96.5714 7.32631 7.4
    endloop
  endfacet
  facet normal 0 0 1
    outer loop
      vertex 98.2 7 7.4
      vertex 96.5714 6.67368 7.4
      vertex 96.6352 6.35295 7.4
    endloop
  endfacet
  facet normal 0 0 1
    outer loop
      vertex 98.2 7 7.4
      vertex 96.55 7 7.4
      vertex 96.5714 6.67368 7.4
    endloop
  endfacet
  facet normal -0.44229 0.896872 0
    outer loop
      vertex 98.0933 9.3097 2.4
      vertex 97.8 9.16506 7.4
      vertex 98.0933 9.3097 7.4
    endloop
  endfacet
  facet normal -0.44229 0.896872 0
    outer loop
      vertex 97.8 9.16506 7.4
      vertex 98.0933 9.3097 2.4
      vertex 97.8 9.16506 2.4
    endloop
  endfacet
  facet normal -0.0654128 0.997858 0
    outer loop
      vertex 99.05 9.5 2.4
      vertex 98.7237 9.47861 7.4
      vertex 99.05 9.5 7.4
    endloop
  endfacet
  facet normal -0.0654128 0.997858 0
    outer loop
      vertex 98.7237 9.47861 7.4
      vertex 99.05 9.5 2.4
      vertex 98.7237 9.47861 2.4
    endloop
  endfacet
  facet normal 0.195116 -0.98078 0
    outer loop
      vertex 99.3763 4.52139 2.4
      vertex 99.697 4.58519 7.4
      vertex 99.3763 4.52139 7.4
    endloop
  endfacet
  facet normal 0.195116 -0.98078 0
    outer loop
      vertex 99.697 4.58519 7.4
      vertex 99.3763 4.52139 2.4
      vertex 99.697 4.58519 2.4
    endloop
  endfacet
  facet normal 0.947038 0.321123 0
    outer loop
      vertex 101.465 7.64705 7.4
      vertex 101.36 7.95671 2.4
      vertex 101.36 7.95671 7.4
    endloop
  endfacet
  facet normal 0.947038 0.321123 0
    outer loop
      vertex 101.36 7.95671 2.4
      vertex 101.465 7.64705 7.4
      vertex 101.465 7.64705 2.4
    endloop
  endfacet
  facet normal 0.752783 0.658268 0
    outer loop
      vertex 101.033 8.5219 7.4
      vertex 100.818 8.76777 2.4
      vertex 100.818 8.76777 7.4
    endloop
  endfacet
  facet normal 0.752783 0.658268 0
    outer loop
      vertex 100.818 8.76777 2.4
      vertex 101.033 8.5219 7.4
      vertex 101.033 8.5219 2.4
    endloop
  endfacet
  facet normal 0.831014 0.556251 0
    outer loop
      vertex 101.215 8.25 7.4
      vertex 101.033 8.5219 2.4
      vertex 101.033 8.5219 7.4
    endloop
  endfacet
  facet normal 0.831014 0.556251 0
    outer loop
      vertex 101.033 8.5219 2.4
      vertex 101.215 8.25 7.4
      vertex 101.215 8.25 2.4
    endloop
  endfacet
  facet normal 0.555434 0.831561 -0
    outer loop
      vertex 100.572 8.98338 2.4
      vertex 100.3 9.16506 7.4
      vertex 100.572 8.98338 7.4
    endloop
  endfacet
  facet normal 0.555434 0.831561 0
    outer loop
      vertex 100.3 9.16506 7.4
      vertex 100.572 8.98338 2.4
      vertex 100.3 9.16506 2.4
    endloop
  endfacet
  facet normal -0.980785 0.195093 0
    outer loop
      vertex 96.5714 7.32631 2.4
      vertex 96.6352 7.64705 7.4
      vertex 96.6352 7.64705 2.4
    endloop
  endfacet
  facet normal -0.980785 0.195093 0
    outer loop
      vertex 96.6352 7.64705 7.4
      vertex 96.5714 7.32631 2.4
      vertex 96.5714 7.32631 7.4
    endloop
  endfacet
  facet normal -0.195116 0.98078 0
    outer loop
      vertex 98.7237 9.47861 2.4
      vertex 98.403 9.41481 7.4
      vertex 98.7237 9.47861 7.4
    endloop
  endfacet
  facet normal -0.195116 0.98078 0
    outer loop
      vertex 98.403 9.41481 7.4
      vertex 98.7237 9.47861 2.4
      vertex 98.403 9.41481 2.4
    endloop
  endfacet
  facet normal 0.997936 -0.0642212 0
    outer loop
      vertex 101.529 6.67368 7.4
      vertex 101.55 7 2.4
      vertex 101.55 7 7.4
    endloop
  endfacet
  facet normal 0.997936 -0.0642212 0
    outer loop
      vertex 101.55 7 2.4
      vertex 101.529 6.67368 7.4
      vertex 101.529 6.67368 2.4
    endloop
  endfacet
  facet normal 0.752783 -0.658268 0
    outer loop
      vertex 100.818 5.23223 7.4
      vertex 101.033 5.4781 2.4
      vertex 101.033 5.4781 7.4
    endloop
  endfacet
  facet normal 0.752783 -0.658268 0
    outer loop
      vertex 101.033 5.4781 2.4
      vertex 100.818 5.23223 7.4
      vertex 100.818 5.23223 2.4
    endloop
  endfacet
  facet normal 0.896429 -0.443187 0
    outer loop
      vertex 101.215 5.75 7.4
      vertex 101.36 6.04329 2.4
      vertex 101.36 6.04329 7.4
    endloop
  endfacet
  facet normal 0.896429 -0.443187 0
    outer loop
      vertex 101.36 6.04329 2.4
      vertex 101.215 5.75 7.4
      vertex 101.215 5.75 2.4
    endloop
  endfacet
  facet normal 0.442654 -0.896693 0
    outer loop
      vertex 100.007 4.6903 2.4
      vertex 100.3 4.83494 7.4
      vertex 100.007 4.6903 7.4
    endloop
  endfacet
  facet normal 0.442654 -0.896693 0
    outer loop
      vertex 100.3 4.83494 7.4
      vertex 100.007 4.6903 2.4
      vertex 100.3 4.83494 2.4
    endloop
  endfacet
  facet normal -0.751873 0.659307 0
    outer loop
      vertex 97.0666 8.5219 2.4
      vertex 97.2822 8.76777 7.4
      vertex 97.2822 8.76777 2.4
    endloop
  endfacet
  facet normal -0.751873 0.659307 0
    outer loop
      vertex 97.2822 8.76777 7.4
      vertex 97.0666 8.5219 2.4
      vertex 97.0666 8.5219 7.4
    endloop
  endfacet
  facet normal -0.946944 0.321397 0
    outer loop
      vertex 96.6352 7.64705 2.4
      vertex 96.7403 7.95671 7.4
      vertex 96.7403 7.95671 2.4
    endloop
  endfacet
  facet normal -0.946944 0.321397 0
    outer loop
      vertex 96.7403 7.95671 7.4
      vertex 96.6352 7.64705 2.4
      vertex 96.6352 7.64705 7.4
    endloop
  endfacet
  facet normal -0.555575 0.831466 0
    outer loop
      vertex 97.8 9.16506 2.4
      vertex 97.5281 8.98338 7.4
      vertex 97.8 9.16506 7.4
    endloop
  endfacet
  facet normal -0.555575 0.831466 0
    outer loop
      vertex 97.5281 8.98338 7.4
      vertex 97.8 9.16506 2.4
      vertex 97.5281 8.98338 2.4
    endloop
  endfacet
  facet normal 0.555434 -0.831561 0
    outer loop
      vertex 100.3 4.83494 2.4
      vertex 100.572 5.01662 7.4
      vertex 100.3 4.83494 7.4
    endloop
  endfacet
  facet normal 0.555434 -0.831561 0
    outer loop
      vertex 100.572 5.01662 7.4
      vertex 100.3 4.83494 2.4
      vertex 100.572 5.01662 2.4
    endloop
  endfacet
  facet normal 0.659128 -0.752031 0
    outer loop
      vertex 100.572 5.01662 2.4
      vertex 100.818 5.23223 7.4
      vertex 100.572 5.01662 7.4
    endloop
  endfacet
  facet normal 0.659128 -0.752031 0
    outer loop
      vertex 100.818 5.23223 7.4
      vertex 100.572 5.01662 2.4
      vertex 100.818 5.23223 2.4
    endloop
  endfacet
  facet normal -0.751873 -0.659307 0
    outer loop
      vertex 97.2822 5.23223 2.4
      vertex 97.0666 5.4781 7.4
      vertex 97.0666 5.4781 2.4
    endloop
  endfacet
  facet normal -0.751873 -0.659307 0
    outer loop
      vertex 97.0666 5.4781 7.4
      vertex 97.2822 5.23223 2.4
      vertex 97.2822 5.23223 7.4
    endloop
  endfacet
  facet normal -0.896915 -0.442204 0
    outer loop
      vertex 96.8849 5.75 2.4
      vertex 96.7403 6.04329 7.4
      vertex 96.7403 6.04329 2.4
    endloop
  endfacet
  facet normal -0.896915 -0.442204 0
    outer loop
      vertex 96.7403 6.04329 7.4
      vertex 96.8849 5.75 2.4
      vertex 96.8849 5.75 7.4
    endloop
  endfacet
  facet normal -0.997857 -0.0654392 0
    outer loop
      vertex 96.5714 6.67368 2.4
      vertex 96.55 7 7.4
      vertex 96.55 7 2.4
    endloop
  endfacet
  facet normal -0.997857 -0.0654392 0
    outer loop
      vertex 96.55 7 7.4
      vertex 96.5714 6.67368 2.4
      vertex 96.5714 6.67368 7.4
    endloop
  endfacet
  facet normal -0.980784 -0.195099 0
    outer loop
      vertex 96.6352 6.35295 2.4
      vertex 96.5714 6.67368 7.4
      vertex 96.5714 6.67368 2.4
    endloop
  endfacet
  facet normal -0.980784 -0.195099 0
    outer loop
      vertex 96.5714 6.67368 7.4
      vertex 96.6352 6.35295 2.4
      vertex 96.6352 6.35295 7.4
    endloop
  endfacet
  facet normal -0.946944 -0.321397 0
    outer loop
      vertex 96.7403 6.04329 2.4
      vertex 96.6352 6.35295 7.4
      vertex 96.6352 6.35295 2.4
    endloop
  endfacet
  facet normal -0.946944 -0.321397 0
    outer loop
      vertex 96.6352 6.35295 7.4
      vertex 96.7403 6.04329 2.4
      vertex 96.7403 6.04329 7.4
    endloop
  endfacet
  facet normal 0.321108 -0.947042 0
    outer loop
      vertex 99.697 4.58519 2.4
      vertex 100.007 4.6903 7.4
      vertex 99.697 4.58519 7.4
    endloop
  endfacet
  facet normal 0.321108 -0.947042 0
    outer loop
      vertex 100.007 4.6903 7.4
      vertex 99.697 4.58519 2.4
      vertex 100.007 4.6903 2.4
    endloop
  endfacet
  facet normal 0.947038 -0.321123 0
    outer loop
      vertex 101.36 6.04329 7.4
      vertex 101.465 6.35295 2.4
      vertex 101.465 6.35295 7.4
    endloop
  endfacet
  facet normal 0.947038 -0.321123 0
    outer loop
      vertex 101.465 6.35295 2.4
      vertex 101.36 6.04329 7.4
      vertex 101.36 6.04329 2.4
    endloop
  endfacet
  facet normal 0.980666 -0.195687 0
    outer loop
      vertex 101.465 6.35295 7.4
      vertex 101.529 6.67368 2.4
      vertex 101.529 6.67368 7.4
    endloop
  endfacet
  facet normal 0.980666 -0.195687 0
    outer loop
      vertex 101.529 6.67368 2.4
      vertex 101.465 6.35295 7.4
      vertex 101.465 6.35295 2.4
    endloop
  endfacet
  facet normal -0.44229 -0.896872 0
    outer loop
      vertex 97.8 4.83494 2.4
      vertex 98.0933 4.6903 7.4
      vertex 97.8 4.83494 7.4
    endloop
  endfacet
  facet normal -0.44229 -0.896872 -0
    outer loop
      vertex 98.0933 4.6903 7.4
      vertex 97.8 4.83494 2.4
      vertex 98.0933 4.6903 2.4
    endloop
  endfacet
  facet normal -0.195116 -0.98078 0
    outer loop
      vertex 98.403 4.58519 2.4
      vertex 98.7237 4.52139 7.4
      vertex 98.403 4.58519 7.4
    endloop
  endfacet
  facet normal -0.195116 -0.98078 -0
    outer loop
      vertex 98.7237 4.52139 7.4
      vertex 98.403 4.58519 2.4
      vertex 98.7237 4.52139 2.4
    endloop
  endfacet
  facet normal -0.831438 -0.555617 0
    outer loop
      vertex 97.0666 5.4781 2.4
      vertex 96.8849 5.75 7.4
      vertex 96.8849 5.75 2.4
    endloop
  endfacet
  facet normal -0.831438 -0.555617 0
    outer loop
      vertex 96.8849 5.75 7.4
      vertex 97.0666 5.4781 2.4
      vertex 97.0666 5.4781 7.4
    endloop
  endfacet
  facet normal -0.659279 -0.751898 0
    outer loop
      vertex 97.2822 5.23223 2.4
      vertex 97.5281 5.01662 7.4
      vertex 97.2822 5.23223 7.4
    endloop
  endfacet
  facet normal -0.659279 -0.751898 -0
    outer loop
      vertex 97.5281 5.01662 7.4
      vertex 97.2822 5.23223 2.4
      vertex 97.5281 5.01662 2.4
    endloop
  endfacet
  facet normal -0.555575 -0.831466 0
    outer loop
      vertex 97.5281 5.01662 2.4
      vertex 97.8 4.83494 7.4
      vertex 97.5281 5.01662 7.4
    endloop
  endfacet
  facet normal -0.555575 -0.831466 -0
    outer loop
      vertex 97.8 4.83494 7.4
      vertex 97.5281 5.01662 2.4
      vertex 97.8 4.83494 2.4
    endloop
  endfacet
  facet normal -0.0654128 -0.997858 0
    outer loop
      vertex 98.7237 4.52139 2.4
      vertex 99.05 4.5 7.4
      vertex 98.7237 4.52139 7.4
    endloop
  endfacet
  facet normal -0.0654128 -0.997858 -0
    outer loop
      vertex 99.05 4.5 7.4
      vertex 98.7237 4.52139 2.4
      vertex 99.05 4.5 2.4
    endloop
  endfacet
  facet normal -0.321387 -0.946948 0
    outer loop
      vertex 98.0933 4.6903 2.4
      vertex 98.403 4.58519 7.4
      vertex 98.0933 4.6903 7.4
    endloop
  endfacet
  facet normal -0.321387 -0.946948 -0
    outer loop
      vertex 98.403 4.58519 7.4
      vertex 98.0933 4.6903 2.4
      vertex 98.403 4.58519 2.4
    endloop
  endfacet
  facet normal 0.997856 0.0654432 0
    outer loop
      vertex 37.55 51 7.4
      vertex 37.5286 51.3263 2.4
      vertex 37.5286 51.3263 7.4
    endloop
  endfacet
  facet normal 0.997856 0.0654432 0
    outer loop
      vertex 37.5286 51.3263 2.4
      vertex 37.55 51 7.4
      vertex 37.55 51 2.4
    endloop
  endfacet
  facet normal -0.997856 0.0654432 0
    outer loop
      vertex 32.55 51 2.4
      vertex 32.5714 51.3263 7.4
      vertex 32.5714 51.3263 2.4
    endloop
  endfacet
  facet normal -0.997856 0.0654432 0
    outer loop
      vertex 32.5714 51.3263 7.4
      vertex 32.55 51 2.4
      vertex 32.55 51 7.4
    endloop
  endfacet
  facet normal 0.0654432 0.997856 -0
    outer loop
      vertex 35.3763 53.4786 2.4
      vertex 35.05 53.5 7.4
      vertex 35.3763 53.4786 7.4
    endloop
  endfacet
  facet normal 0.0654432 0.997856 0
    outer loop
      vertex 35.05 53.5 7.4
      vertex 35.3763 53.4786 2.4
      vertex 35.05 53.5 2.4
    endloop
  endfacet
  facet normal 0.0654432 -0.997856 0
    outer loop
      vertex 35.05 48.5 2.4
      vertex 35.3763 48.5214 7.4
      vertex 35.05 48.5 7.4
    endloop
  endfacet
  facet normal 0.0654432 -0.997856 0
    outer loop
      vertex 35.3763 48.5214 7.4
      vertex 35.05 48.5 2.4
      vertex 35.3763 48.5214 2.4
    endloop
  endfacet
  facet normal 0.659262 0.751913 -0
    outer loop
      vertex 36.8178 52.7678 2.4
      vertex 36.5719 52.9834 7.4
      vertex 36.8178 52.7678 7.4
    endloop
  endfacet
  facet normal 0.659262 0.751913 0
    outer loop
      vertex 36.5719 52.9834 7.4
      vertex 36.8178 52.7678 2.4
      vertex 36.5719 52.9834 2.4
    endloop
  endfacet
  facet normal -0.659262 0.751913 0
    outer loop
      vertex 33.5281 52.9834 2.4
      vertex 33.2822 52.7678 7.4
      vertex 33.5281 52.9834 7.4
    endloop
  endfacet
  facet normal -0.659262 0.751913 0
    outer loop
      vertex 33.2822 52.7678 7.4
      vertex 33.5281 52.9834 2.4
      vertex 33.2822 52.7678 2.4
    endloop
  endfacet
  facet normal -0.32136 0.946957 0
    outer loop
      vertex 34.403 53.4148 2.4
      vertex 34.0933 53.3097 7.4
      vertex 34.403 53.4148 7.4
    endloop
  endfacet
  facet normal -0.32136 0.946957 0
    outer loop
      vertex 34.0933 53.3097 7.4
      vertex 34.403 53.4148 2.4
      vertex 34.0933 53.3097 2.4
    endloop
  endfacet
  facet normal 0.831438 -0.555617 0
    outer loop
      vertex 37.0334 49.4781 7.4
      vertex 37.2151 49.75 2.4
      vertex 37.2151 49.75 7.4
    endloop
  endfacet
  facet normal 0.831438 -0.555617 0
    outer loop
      vertex 37.2151 49.75 2.4
      vertex 37.0334 49.4781 7.4
      vertex 37.0334 49.4781 2.4
    endloop
  endfacet
  facet normal 0.896921 0.442191 0
    outer loop
      vertex 37.3597 51.9567 7.4
      vertex 37.2151 52.25 2.4
      vertex 37.2151 52.25 7.4
    endloop
  endfacet
  facet normal 0.896921 0.442191 0
    outer loop
      vertex 37.2151 52.25 2.4
      vertex 37.3597 51.9567 7.4
      vertex 37.3597 51.9567 2.4
    endloop
  endfacet
  facet normal 0.98078 0.195116 0
    outer loop
      vertex 37.5286 51.3263 7.4
      vertex 37.4648 51.647 2.4
      vertex 37.4648 51.647 7.4
    endloop
  endfacet
  facet normal 0.98078 0.195116 0
    outer loop
      vertex 37.4648 51.647 2.4
      vertex 37.5286 51.3263 7.4
      vertex 37.5286 51.3263 2.4
    endloop
  endfacet
  facet normal 0.32136 0.946957 -0
    outer loop
      vertex 36.0067 53.3097 2.4
      vertex 35.697 53.4148 7.4
      vertex 36.0067 53.3097 7.4
    endloop
  endfacet
  facet normal 0.32136 0.946957 0
    outer loop
      vertex 35.697 53.4148 7.4
      vertex 36.0067 53.3097 2.4
      vertex 35.697 53.4148 2.4
    endloop
  endfacet
  facet normal 0.195116 0.98078 -0
    outer loop
      vertex 35.697 53.4148 2.4
      vertex 35.3763 53.4786 7.4
      vertex 35.697 53.4148 7.4
    endloop
  endfacet
  facet normal 0.195116 0.98078 0
    outer loop
      vertex 35.3763 53.4786 7.4
      vertex 35.697 53.4148 2.4
      vertex 35.3763 53.4786 2.4
    endloop
  endfacet
  facet normal 0.442191 0.896921 -0
    outer loop
      vertex 36.3 53.1651 2.4
      vertex 36.0067 53.3097 7.4
      vertex 36.3 53.1651 7.4
    endloop
  endfacet
  facet normal 0.442191 0.896921 0
    outer loop
      vertex 36.0067 53.3097 7.4
      vertex 36.3 53.1651 2.4
      vertex 36.0067 53.3097 2.4
    endloop
  endfacet
  facet normal -0.896921 0.442191 0
    outer loop
      vertex 32.7403 51.9567 2.4
      vertex 32.8849 52.25 7.4
      vertex 32.8849 52.25 2.4
    endloop
  endfacet
  facet normal -0.896921 0.442191 0
    outer loop
      vertex 32.8849 52.25 7.4
      vertex 32.7403 51.9567 2.4
      vertex 32.7403 51.9567 7.4
    endloop
  endfacet
  facet normal -0.831438 0.555617 0
    outer loop
      vertex 32.8849 52.25 2.4
      vertex 33.0666 52.5219 7.4
      vertex 33.0666 52.5219 2.4
    endloop
  endfacet
  facet normal -0.831438 0.555617 0
    outer loop
      vertex 33.0666 52.5219 7.4
      vertex 32.8849 52.25 2.4
      vertex 32.8849 52.25 7.4
    endloop
  endfacet
  facet normal 0 0 1
    outer loop
      vertex 35.9 51 7.4
      vertex 37.55 51 7.4
      vertex 37.5286 51.3263 7.4
    endloop
  endfacet
  facet normal 0 0 1
    outer loop
      vertex 35.9 51 7.4
      vertex 37.5286 51.3263 7.4
      vertex 37.4648 51.647 7.4
    endloop
  endfacet
  facet normal 0 0 1
    outer loop
      vertex 37.55 51 7.4
      vertex 35.9 51 7.4
      vertex 37.5286 50.6737 7.4
    endloop
  endfacet
  facet normal 0 0 1
    outer loop
      vertex 35.8353 51.3253 7.4
      vertex 37.4648 51.647 7.4
      vertex 37.3597 51.9567 7.4
    endloop
  endfacet
  facet normal 0 0 1
    outer loop
      vertex 37.5286 50.6737 7.4
      vertex 35.9 51 7.4
      vertex 37.4648 50.353 7.4
    endloop
  endfacet
  facet normal 0 0 1
    outer loop
      vertex 35.8353 51.3253 7.4
      vertex 37.3597 51.9567 7.4
      vertex 37.2151 52.25 7.4
    endloop
  endfacet
  facet normal -0 0 1
    outer loop
      vertex 35.8353 50.6747 7.4
      vertex 37.4648 50.353 7.4
      vertex 35.9 51 7.4
    endloop
  endfacet
  facet normal 0 0 1
    outer loop
      vertex 35.8353 51.3253 7.4
      vertex 37.2151 52.25 7.4
      vertex 37.0334 52.5219 7.4
    endloop
  endfacet
  facet normal 0 0 1
    outer loop
      vertex 37.4648 50.353 7.4
      vertex 35.8353 50.6747 7.4
      vertex 37.3597 50.0433 7.4
    endloop
  endfacet
  facet normal 0 0 1
    outer loop
      vertex 35.651 51.601 7.4
      vertex 37.0334 52.5219 7.4
      vertex 36.8178 52.7678 7.4
    endloop
  endfacet
  facet normal 0 0 1
    outer loop
      vertex 37.3597 50.0433 7.4
      vertex 35.8353 50.6747 7.4
      vertex 37.2151 49.75 7.4
    endloop
  endfacet
  facet normal 0 0 1
    outer loop
      vertex 35.651 51.601 7.4
      vertex 36.8178 52.7678 7.4
      vertex 36.5719 52.9834 7.4
    endloop
  endfacet
  facet normal 0 0 1
    outer loop
      vertex 37.2151 49.75 7.4
      vertex 35.8353 50.6747 7.4
      vertex 37.0334 49.4781 7.4
    endloop
  endfacet
  facet normal 0 0 1
    outer loop
      vertex 35.651 51.601 7.4
      vertex 36.5719 52.9834 7.4
      vertex 36.3 53.1651 7.4
    endloop
  endfacet
  facet normal -0 0 1
    outer loop
      vertex 35.651 50.399 7.4
      vertex 37.0334 49.4781 7.4
      vertex 35.8353 50.6747 7.4
    endloop
  endfacet
  facet normal 0 0 1
    outer loop
      vertex 35.3753 51.7853 7.4
      vertex 36.3 53.1651 7.4
      vertex 36.0067 53.3097 7.4
    endloop
  endfacet
  facet normal 0 0 1
    outer loop
      vertex 37.0334 49.4781 7.4
      vertex 35.651 50.399 7.4
      vertex 36.8178 49.2322 7.4
    endloop
  endfacet
  facet normal 0 0 1
    outer loop
      vertex 36.8178 49.2322 7.4
      vertex 35.651 50.399 7.4
      vertex 36.5719 49.0166 7.4
    endloop
  endfacet
  facet normal 0 0 1
    outer loop
      vertex 37.4648 51.647 7.4
      vertex 35.8353 51.3253 7.4
      vertex 35.9 51 7.4
    endloop
  endfacet
  facet normal 0 0 1
    outer loop
      vertex 35.3753 51.7853 7.4
      vertex 36.0067 53.3097 7.4
      vertex 35.697 53.4148 7.4
    endloop
  endfacet
  facet normal 0 0 1
    outer loop
      vertex 37.0334 52.5219 7.4
      vertex 35.651 51.601 7.4
      vertex 35.8353 51.3253 7.4
    endloop
  endfacet
  facet normal 0 0 1
    outer loop
      vertex 35.3753 51.7853 7.4
      vertex 35.697 53.4148 7.4
      vertex 35.3763 53.4786 7.4
    endloop
  endfacet
  facet normal 0 0 1
    outer loop
      vertex 36.3 53.1651 7.4
      vertex 35.3753 51.7853 7.4
      vertex 35.651 51.601 7.4
    endloop
  endfacet
  facet normal 0 0 1
    outer loop
      vertex 35.05 51.85 7.4
      vertex 35.3763 53.4786 7.4
      vertex 35.05 53.5 7.4
    endloop
  endfacet
  facet normal 0 0 1
    outer loop
      vertex 35.3763 53.4786 7.4
      vertex 35.05 51.85 7.4
      vertex 35.3753 51.7853 7.4
    endloop
  endfacet
  facet normal -0 0 1
    outer loop
      vertex 34.7237 53.4786 7.4
      vertex 35.05 51.85 7.4
      vertex 35.05 53.5 7.4
    endloop
  endfacet
  facet normal 0 0 1
    outer loop
      vertex 35.05 51.85 7.4
      vertex 34.7237 53.4786 7.4
      vertex 34.7247 51.7853 7.4
    endloop
  endfacet
  facet normal -0 0 1
    outer loop
      vertex 34.403 53.4148 7.4
      vertex 34.7247 51.7853 7.4
      vertex 34.7237 53.4786 7.4
    endloop
  endfacet
  facet normal -0 0 1
    outer loop
      vertex 34.0933 53.3097 7.4
      vertex 34.7247 51.7853 7.4
      vertex 34.403 53.4148 7.4
    endloop
  endfacet
  facet normal -0 0 1
    outer loop
      vertex 33.8 53.1651 7.4
      vertex 34.7247 51.7853 7.4
      vertex 34.0933 53.3097 7.4
    endloop
  endfacet
  facet normal 0 0 1
    outer loop
      vertex 34.7247 51.7853 7.4
      vertex 33.8 53.1651 7.4
      vertex 34.449 51.601 7.4
    endloop
  endfacet
  facet normal -0 0 1
    outer loop
      vertex 33.5281 52.9834 7.4
      vertex 34.449 51.601 7.4
      vertex 33.8 53.1651 7.4
    endloop
  endfacet
  facet normal 0 0 1
    outer loop
      vertex 36.5719 49.0166 7.4
      vertex 35.651 50.399 7.4
      vertex 36.3 48.8349 7.4
    endloop
  endfacet
  facet normal -0 0 1
    outer loop
      vertex 35.3753 50.2147 7.4
      vertex 36.3 48.8349 7.4
      vertex 35.651 50.399 7.4
    endloop
  endfacet
  facet normal 0 0 1
    outer loop
      vertex 36.3 48.8349 7.4
      vertex 35.3753 50.2147 7.4
      vertex 36.0067 48.6903 7.4
    endloop
  endfacet
  facet normal 0 0 1
    outer loop
      vertex 36.0067 48.6903 7.4
      vertex 35.3753 50.2147 7.4
      vertex 35.697 48.5852 7.4
    endloop
  endfacet
  facet normal 0 0 1
    outer loop
      vertex 35.697 48.5852 7.4
      vertex 35.3753 50.2147 7.4
      vertex 35.3763 48.5214 7.4
    endloop
  endfacet
  facet normal -0 0 1
    outer loop
      vertex 35.05 50.15 7.4
      vertex 35.3763 48.5214 7.4
      vertex 35.3753 50.2147 7.4
    endloop
  endfacet
  facet normal 0 0 1
    outer loop
      vertex 35.05 50.15 7.4
      vertex 35.05 48.5 7.4
      vertex 35.3763 48.5214 7.4
    endloop
  endfacet
  facet normal 0 0 1
    outer loop
      vertex 34.7237 48.5214 7.4
      vertex 35.05 50.15 7.4
      vertex 34.7247 50.2147 7.4
    endloop
  endfacet
  facet normal 0 0 1
    outer loop
      vertex 35.05 50.15 7.4
      vertex 34.7237 48.5214 7.4
      vertex 35.05 48.5 7.4
    endloop
  endfacet
  facet normal 0 0 1
    outer loop
      vertex 33.8 48.8349 7.4
      vertex 34.7247 50.2147 7.4
      vertex 34.449 50.399 7.4
    endloop
  endfacet
  facet normal 0 0 1
    outer loop
      vertex 34.7247 50.2147 7.4
      vertex 34.403 48.5852 7.4
      vertex 34.7237 48.5214 7.4
    endloop
  endfacet
  facet normal 0 0 1
    outer loop
      vertex 33.0666 49.4781 7.4
      vertex 34.449 50.399 7.4
      vertex 34.2647 50.6747 7.4
    endloop
  endfacet
  facet normal 0 0 1
    outer loop
      vertex 32.6352 50.353 7.4
      vertex 34.2647 50.6747 7.4
      vertex 34.2 51 7.4
    endloop
  endfacet
  facet normal 0 0 1
    outer loop
      vertex 34.7247 50.2147 7.4
      vertex 34.0933 48.6903 7.4
      vertex 34.403 48.5852 7.4
    endloop
  endfacet
  facet normal -0 0 1
    outer loop
      vertex 33.2822 52.7678 7.4
      vertex 34.449 51.601 7.4
      vertex 33.5281 52.9834 7.4
    endloop
  endfacet
  facet normal -0 0 1
    outer loop
      vertex 33.0666 52.5219 7.4
      vertex 34.449 51.601 7.4
      vertex 33.2822 52.7678 7.4
    endloop
  endfacet
  facet normal 0 0 1
    outer loop
      vertex 34.7247 50.2147 7.4
      vertex 33.8 48.8349 7.4
      vertex 34.0933 48.6903 7.4
    endloop
  endfacet
  facet normal 0 0 1
    outer loop
      vertex 34.449 51.601 7.4
      vertex 33.0666 52.5219 7.4
      vertex 34.2647 51.3253 7.4
    endloop
  endfacet
  facet normal 0 0 1
    outer loop
      vertex 34.449 50.399 7.4
      vertex 33.5281 49.0166 7.4
      vertex 33.8 48.8349 7.4
    endloop
  endfacet
  facet normal -0 0 1
    outer loop
      vertex 32.8849 52.25 7.4
      vertex 34.2647 51.3253 7.4
      vertex 33.0666 52.5219 7.4
    endloop
  endfacet
  facet normal 0 0 1
    outer loop
      vertex 34.449 50.399 7.4
      vertex 33.2822 49.2322 7.4
      vertex 33.5281 49.0166 7.4
    endloop
  endfacet
  facet normal -0 0 1
    outer loop
      vertex 32.7403 51.9567 7.4
      vertex 34.2647 51.3253 7.4
      vertex 32.8849 52.25 7.4
    endloop
  endfacet
  facet normal 0 0 1
    outer loop
      vertex 34.449 50.399 7.4
      vertex 33.0666 49.4781 7.4
      vertex 33.2822 49.2322 7.4
    endloop
  endfacet
  facet normal -0 0 1
    outer loop
      vertex 32.6352 51.647 7.4
      vertex 34.2647 51.3253 7.4
      vertex 32.7403 51.9567 7.4
    endloop
  endfacet
  facet normal 0 0 1
    outer loop
      vertex 34.2647 50.6747 7.4
      vertex 32.8849 49.75 7.4
      vertex 33.0666 49.4781 7.4
    endloop
  endfacet
  facet normal 0 0 1
    outer loop
      vertex 34.2647 51.3253 7.4
      vertex 32.6352 51.647 7.4
      vertex 34.2 51 7.4
    endloop
  endfacet
  facet normal 0 0 1
    outer loop
      vertex 34.2647 50.6747 7.4
      vertex 32.7403 50.0433 7.4
      vertex 32.8849 49.75 7.4
    endloop
  endfacet
  facet normal -0 0 1
    outer loop
      vertex 32.5714 51.3263 7.4
      vertex 34.2 51 7.4
      vertex 32.6352 51.647 7.4
    endloop
  endfacet
  facet normal 0 0 1
    outer loop
      vertex 34.2647 50.6747 7.4
      vertex 32.6352 50.353 7.4
      vertex 32.7403 50.0433 7.4
    endloop
  endfacet
  facet normal 0 0 1
    outer loop
      vertex 32.55 51 7.4
      vertex 34.2 51 7.4
      vertex 32.5714 51.3263 7.4
    endloop
  endfacet
  facet normal 0 0 1
    outer loop
      vertex 34.2 51 7.4
      vertex 32.5714 50.6737 7.4
      vertex 32.6352 50.353 7.4
    endloop
  endfacet
  facet normal 0 0 1
    outer loop
      vertex 34.2 51 7.4
      vertex 32.55 51 7.4
      vertex 32.5714 50.6737 7.4
    endloop
  endfacet
  facet normal -0.442191 0.896921 0
    outer loop
      vertex 34.0933 53.3097 2.4
      vertex 33.8 53.1651 7.4
      vertex 34.0933 53.3097 7.4
    endloop
  endfacet
  facet normal -0.442191 0.896921 0
    outer loop
      vertex 33.8 53.1651 7.4
      vertex 34.0933 53.3097 2.4
      vertex 33.8 53.1651 2.4
    endloop
  endfacet
  facet normal -0.0654432 0.997856 0
    outer loop
      vertex 35.05 53.5 2.4
      vertex 34.7237 53.4786 7.4
      vertex 35.05 53.5 7.4
    endloop
  endfacet
  facet normal -0.0654432 0.997856 0
    outer loop
      vertex 34.7237 53.4786 7.4
      vertex 35.05 53.5 2.4
      vertex 34.7237 53.4786 2.4
    endloop
  endfacet
  facet normal 0.195116 -0.98078 0
    outer loop
      vertex 35.3763 48.5214 2.4
      vertex 35.697 48.5852 7.4
      vertex 35.3763 48.5214 7.4
    endloop
  endfacet
  facet normal 0.195116 -0.98078 0
    outer loop
      vertex 35.697 48.5852 7.4
      vertex 35.3763 48.5214 2.4
      vertex 35.697 48.5852 2.4
    endloop
  endfacet
  facet normal 0.946957 0.32136 0
    outer loop
      vertex 37.4648 51.647 7.4
      vertex 37.3597 51.9567 2.4
      vertex 37.3597 51.9567 7.4
    endloop
  endfacet
  facet normal 0.946957 0.32136 0
    outer loop
      vertex 37.3597 51.9567 2.4
      vertex 37.4648 51.647 7.4
      vertex 37.4648 51.647 2.4
    endloop
  endfacet
  facet normal 0.751913 0.659262 0
    outer loop
      vertex 37.0334 52.5219 7.4
      vertex 36.8178 52.7678 2.4
      vertex 36.8178 52.7678 7.4
    endloop
  endfacet
  facet normal 0.751913 0.659262 0
    outer loop
      vertex 36.8178 52.7678 2.4
      vertex 37.0334 52.5219 7.4
      vertex 37.0334 52.5219 2.4
    endloop
  endfacet
  facet normal 0.831438 0.555617 0
    outer loop
      vertex 37.2151 52.25 7.4
      vertex 37.0334 52.5219 2.4
      vertex 37.0334 52.5219 7.4
    endloop
  endfacet
  facet normal 0.831438 0.555617 0
    outer loop
      vertex 37.0334 52.5219 2.4
      vertex 37.2151 52.25 7.4
      vertex 37.2151 52.25 2.4
    endloop
  endfacet
  facet normal 0.555617 0.831438 -0
    outer loop
      vertex 36.5719 52.9834 2.4
      vertex 36.3 53.1651 7.4
      vertex 36.5719 52.9834 7.4
    endloop
  endfacet
  facet normal 0.555617 0.831438 0
    outer loop
      vertex 36.3 53.1651 7.4
      vertex 36.5719 52.9834 2.4
      vertex 36.3 53.1651 2.4
    endloop
  endfacet
  facet normal -0.98078 0.195116 0
    outer loop
      vertex 32.5714 51.3263 2.4
      vertex 32.6352 51.647 7.4
      vertex 32.6352 51.647 2.4
    endloop
  endfacet
  facet normal -0.98078 0.195116 0
    outer loop
      vertex 32.6352 51.647 7.4
      vertex 32.5714 51.3263 2.4
      vertex 32.5714 51.3263 7.4
    endloop
  endfacet
  facet normal -0.195116 0.98078 0
    outer loop
      vertex 34.7237 53.4786 2.4
      vertex 34.403 53.4148 7.4
      vertex 34.7237 53.4786 7.4
    endloop
  endfacet
  facet normal -0.195116 0.98078 0
    outer loop
      vertex 34.403 53.4148 7.4
      vertex 34.7237 53.4786 2.4
      vertex 34.403 53.4148 2.4
    endloop
  endfacet
  facet normal 0.997856 -0.0654432 0
    outer loop
      vertex 37.5286 50.6737 7.4
      vertex 37.55 51 2.4
      vertex 37.55 51 7.4
    endloop
  endfacet
  facet normal 0.997856 -0.0654432 0
    outer loop
      vertex 37.55 51 2.4
      vertex 37.5286 50.6737 7.4
      vertex 37.5286 50.6737 2.4
    endloop
  endfacet
  facet normal 0.98078 -0.195116 0
    outer loop
      vertex 37.4648 50.353 7.4
      vertex 37.5286 50.6737 2.4
      vertex 37.5286 50.6737 7.4
    endloop
  endfacet
  facet normal 0.98078 -0.195116 0
    outer loop
      vertex 37.5286 50.6737 2.4
      vertex 37.4648 50.353 7.4
      vertex 37.4648 50.353 2.4
    endloop
  endfacet
  facet normal 0.751913 -0.659262 0
    outer loop
      vertex 36.8178 49.2322 7.4
      vertex 37.0334 49.4781 2.4
      vertex 37.0334 49.4781 7.4
    endloop
  endfacet
  facet normal 0.751913 -0.659262 0
    outer loop
      vertex 37.0334 49.4781 2.4
      vertex 36.8178 49.2322 7.4
      vertex 36.8178 49.2322 2.4
    endloop
  endfacet
  facet normal 0.896921 -0.442191 0
    outer loop
      vertex 37.2151 49.75 7.4
      vertex 37.3597 50.0433 2.4
      vertex 37.3597 50.0433 7.4
    endloop
  endfacet
  facet normal 0.896921 -0.442191 0
    outer loop
      vertex 37.3597 50.0433 2.4
      vertex 37.2151 49.75 7.4
      vertex 37.2151 49.75 2.4
    endloop
  endfacet
  facet normal -0.32136 -0.946957 0
    outer loop
      vertex 34.0933 48.6903 2.4
      vertex 34.403 48.5852 7.4
      vertex 34.0933 48.6903 7.4
    endloop
  endfacet
  facet normal -0.32136 -0.946957 -0
    outer loop
      vertex 34.403 48.5852 7.4
      vertex 34.0933 48.6903 2.4
      vertex 34.403 48.5852 2.4
    endloop
  endfacet
  facet normal 0.442191 -0.896921 0
    outer loop
      vertex 36.0067 48.6903 2.4
      vertex 36.3 48.8349 7.4
      vertex 36.0067 48.6903 7.4
    endloop
  endfacet
  facet normal 0.442191 -0.896921 0
    outer loop
      vertex 36.3 48.8349 7.4
      vertex 36.0067 48.6903 2.4
      vertex 36.3 48.8349 2.4
    endloop
  endfacet
  facet normal -0.751913 0.659262 0
    outer loop
      vertex 33.0666 52.5219 2.4
      vertex 33.2822 52.7678 7.4
      vertex 33.2822 52.7678 2.4
    endloop
  endfacet
  facet normal -0.751913 0.659262 0
    outer loop
      vertex 33.2822 52.7678 7.4
      vertex 33.0666 52.5219 2.4
      vertex 33.0666 52.5219 7.4
    endloop
  endfacet
  facet normal -0.946957 0.32136 0
    outer loop
      vertex 32.6352 51.647 2.4
      vertex 32.7403 51.9567 7.4
      vertex 32.7403 51.9567 2.4
    endloop
  endfacet
  facet normal -0.946957 0.32136 0
    outer loop
      vertex 32.7403 51.9567 7.4
      vertex 32.6352 51.647 2.4
      vertex 32.6352 51.647 7.4
    endloop
  endfacet
  facet normal -0.555617 0.831438 0
    outer loop
      vertex 33.8 53.1651 2.4
      vertex 33.5281 52.9834 7.4
      vertex 33.8 53.1651 7.4
    endloop
  endfacet
  facet normal -0.555617 0.831438 0
    outer loop
      vertex 33.5281 52.9834 7.4
      vertex 33.8 53.1651 2.4
      vertex 33.5281 52.9834 2.4
    endloop
  endfacet
  facet normal 0.555617 -0.831438 0
    outer loop
      vertex 36.3 48.8349 2.4
      vertex 36.5719 49.0166 7.4
      vertex 36.3 48.8349 7.4
    endloop
  endfacet
  facet normal 0.555617 -0.831438 0
    outer loop
      vertex 36.5719 49.0166 7.4
      vertex 36.3 48.8349 2.4
      vertex 36.5719 49.0166 2.4
    endloop
  endfacet
  facet normal 0.659262 -0.751913 0
    outer loop
      vertex 36.5719 49.0166 2.4
      vertex 36.8178 49.2322 7.4
      vertex 36.5719 49.0166 7.4
    endloop
  endfacet
  facet normal 0.659262 -0.751913 0
    outer loop
      vertex 36.8178 49.2322 7.4
      vertex 36.5719 49.0166 2.4
      vertex 36.8178 49.2322 2.4
    endloop
  endfacet
  facet normal -0.751913 -0.659262 0
    outer loop
      vertex 33.2822 49.2322 2.4
      vertex 33.0666 49.4781 7.4
      vertex 33.0666 49.4781 2.4
    endloop
  endfacet
  facet normal -0.751913 -0.659262 0
    outer loop
      vertex 33.0666 49.4781 7.4
      vertex 33.2822 49.2322 2.4
      vertex 33.2822 49.2322 7.4
    endloop
  endfacet
  facet normal -0.896921 -0.442191 0
    outer loop
      vertex 32.8849 49.75 2.4
      vertex 32.7403 50.0433 7.4
      vertex 32.7403 50.0433 2.4
    endloop
  endfacet
  facet normal -0.896921 -0.442191 0
    outer loop
      vertex 32.7403 50.0433 7.4
      vertex 32.8849 49.75 2.4
      vertex 32.8849 49.75 7.4
    endloop
  endfacet
  facet normal -0.997856 -0.0654432 0
    outer loop
      vertex 32.5714 50.6737 2.4
      vertex 32.55 51 7.4
      vertex 32.55 51 2.4
    endloop
  endfacet
  facet normal -0.997856 -0.0654432 0
    outer loop
      vertex 32.55 51 7.4
      vertex 32.5714 50.6737 2.4
      vertex 32.5714 50.6737 7.4
    endloop
  endfacet
  facet normal -0.98078 -0.195116 0
    outer loop
      vertex 32.6352 50.353 2.4
      vertex 32.5714 50.6737 7.4
      vertex 32.5714 50.6737 2.4
    endloop
  endfacet
  facet normal -0.98078 -0.195116 0
    outer loop
      vertex 32.5714 50.6737 7.4
      vertex 32.6352 50.353 2.4
      vertex 32.6352 50.353 7.4
    endloop
  endfacet
  facet normal -0.946957 -0.32136 0
    outer loop
      vertex 32.7403 50.0433 2.4
      vertex 32.6352 50.353 7.4
      vertex 32.6352 50.353 2.4
    endloop
  endfacet
  facet normal -0.946957 -0.32136 0
    outer loop
      vertex 32.6352 50.353 7.4
      vertex 32.7403 50.0433 2.4
      vertex 32.7403 50.0433 7.4
    endloop
  endfacet
  facet normal 0.32136 -0.946957 0
    outer loop
      vertex 35.697 48.5852 2.4
      vertex 36.0067 48.6903 7.4
      vertex 35.697 48.5852 7.4
    endloop
  endfacet
  facet normal 0.32136 -0.946957 0
    outer loop
      vertex 36.0067 48.6903 7.4
      vertex 35.697 48.5852 2.4
      vertex 36.0067 48.6903 2.4
    endloop
  endfacet
  facet normal 0.946957 -0.32136 0
    outer loop
      vertex 37.3597 50.0433 7.4
      vertex 37.4648 50.353 2.4
      vertex 37.4648 50.353 7.4
    endloop
  endfacet
  facet normal 0.946957 -0.32136 0
    outer loop
      vertex 37.4648 50.353 2.4
      vertex 37.3597 50.0433 7.4
      vertex 37.3597 50.0433 2.4
    endloop
  endfacet
  facet normal -0.442191 -0.896921 0
    outer loop
      vertex 33.8 48.8349 2.4
      vertex 34.0933 48.6903 7.4
      vertex 33.8 48.8349 7.4
    endloop
  endfacet
  facet normal -0.442191 -0.896921 -0
    outer loop
      vertex 34.0933 48.6903 7.4
      vertex 33.8 48.8349 2.4
      vertex 34.0933 48.6903 2.4
    endloop
  endfacet
  facet normal -0.195116 -0.98078 0
    outer loop
      vertex 34.403 48.5852 2.4
      vertex 34.7237 48.5214 7.4
      vertex 34.403 48.5852 7.4
    endloop
  endfacet
  facet normal -0.195116 -0.98078 -0
    outer loop
      vertex 34.7237 48.5214 7.4
      vertex 34.403 48.5852 2.4
      vertex 34.7237 48.5214 2.4
    endloop
  endfacet
  facet normal -0.831438 -0.555617 0
    outer loop
      vertex 33.0666 49.4781 2.4
      vertex 32.8849 49.75 7.4
      vertex 32.8849 49.75 2.4
    endloop
  endfacet
  facet normal -0.831438 -0.555617 0
    outer loop
      vertex 32.8849 49.75 7.4
      vertex 33.0666 49.4781 2.4
      vertex 33.0666 49.4781 7.4
    endloop
  endfacet
  facet normal -0.659262 -0.751913 0
    outer loop
      vertex 33.2822 49.2322 2.4
      vertex 33.5281 49.0166 7.4
      vertex 33.2822 49.2322 7.4
    endloop
  endfacet
  facet normal -0.659262 -0.751913 -0
    outer loop
      vertex 33.5281 49.0166 7.4
      vertex 33.2822 49.2322 2.4
      vertex 33.5281 49.0166 2.4
    endloop
  endfacet
  facet normal -0.555617 -0.831438 0
    outer loop
      vertex 33.5281 49.0166 2.4
      vertex 33.8 48.8349 7.4
      vertex 33.5281 49.0166 7.4
    endloop
  endfacet
  facet normal -0.555617 -0.831438 -0
    outer loop
      vertex 33.8 48.8349 7.4
      vertex 33.5281 49.0166 2.4
      vertex 33.8 48.8349 2.4
    endloop
  endfacet
  facet normal -0.0654432 -0.997856 0
    outer loop
      vertex 34.7237 48.5214 2.4
      vertex 35.05 48.5 7.4
      vertex 34.7237 48.5214 7.4
    endloop
  endfacet
  facet normal -0.0654432 -0.997856 -0
    outer loop
      vertex 35.05 48.5 7.4
      vertex 34.7237 48.5214 2.4
      vertex 35.05 48.5 2.4
    endloop
  endfacet
  facet normal 0.997935 0.0642251 0
    outer loop
      vertex 101.55 51 7.4
      vertex 101.529 51.3263 2.4
      vertex 101.529 51.3263 7.4
    endloop
  endfacet
  facet normal 0.997935 0.0642251 0
    outer loop
      vertex 101.529 51.3263 2.4
      vertex 101.55 51 7.4
      vertex 101.55 51 2.4
    endloop
  endfacet
  facet normal -0.997856 0.0654432 0
    outer loop
      vertex 96.55 51 2.4
      vertex 96.5714 51.3263 7.4
      vertex 96.5714 51.3263 2.4
    endloop
  endfacet
  facet normal -0.997856 0.0654432 0
    outer loop
      vertex 96.5714 51.3263 7.4
      vertex 96.55 51 2.4
      vertex 96.55 51 7.4
    endloop
  endfacet
  facet normal 0.0654432 0.997856 -0
    outer loop
      vertex 99.3763 53.4786 2.4
      vertex 99.05 53.5 7.4
      vertex 99.3763 53.4786 7.4
    endloop
  endfacet
  facet normal 0.0654432 0.997856 0
    outer loop
      vertex 99.05 53.5 7.4
      vertex 99.3763 53.4786 2.4
      vertex 99.05 53.5 2.4
    endloop
  endfacet
  facet normal 0.0654432 -0.997856 0
    outer loop
      vertex 99.05 48.5 2.4
      vertex 99.3763 48.5214 7.4
      vertex 99.05 48.5 7.4
    endloop
  endfacet
  facet normal 0.0654432 -0.997856 0
    outer loop
      vertex 99.3763 48.5214 7.4
      vertex 99.05 48.5 2.4
      vertex 99.3763 48.5214 2.4
    endloop
  endfacet
  facet normal 0.65911 0.752046 -0
    outer loop
      vertex 100.818 52.7678 2.4
      vertex 100.572 52.9834 7.4
      vertex 100.818 52.7678 7.4
    endloop
  endfacet
  facet normal 0.65911 0.752046 0
    outer loop
      vertex 100.572 52.9834 7.4
      vertex 100.818 52.7678 2.4
      vertex 100.572 52.9834 2.4
    endloop
  endfacet
  facet normal -0.659262 0.751913 0
    outer loop
      vertex 97.5281 52.9834 2.4
      vertex 97.2822 52.7678 7.4
      vertex 97.5281 52.9834 7.4
    endloop
  endfacet
  facet normal -0.659262 0.751913 0
    outer loop
      vertex 97.2822 52.7678 7.4
      vertex 97.5281 52.9834 2.4
      vertex 97.2822 52.7678 2.4
    endloop
  endfacet
  facet normal -0.32136 0.946957 0
    outer loop
      vertex 98.403 53.4148 2.4
      vertex 98.0933 53.3097 7.4
      vertex 98.403 53.4148 7.4
    endloop
  endfacet
  facet normal -0.32136 0.946957 0
    outer loop
      vertex 98.0933 53.3097 7.4
      vertex 98.403 53.4148 2.4
      vertex 98.0933 53.3097 2.4
    endloop
  endfacet
  facet normal 0.831014 -0.556251 0
    outer loop
      vertex 101.033 49.4781 7.4
      vertex 101.215 49.75 2.4
      vertex 101.215 49.75 7.4
    endloop
  endfacet
  facet normal 0.831014 -0.556251 0
    outer loop
      vertex 101.215 49.75 2.4
      vertex 101.033 49.4781 7.4
      vertex 101.033 49.4781 2.4
    endloop
  endfacet
  facet normal 0.896435 0.443175 0
    outer loop
      vertex 101.36 51.9567 7.4
      vertex 101.215 52.25 2.4
      vertex 101.215 52.25 7.4
    endloop
  endfacet
  facet normal 0.896435 0.443175 0
    outer loop
      vertex 101.215 52.25 2.4
      vertex 101.36 51.9567 7.4
      vertex 101.36 51.9567 2.4
    endloop
  endfacet
  facet normal 0.980663 0.195704 0
    outer loop
      vertex 101.529 51.3263 7.4
      vertex 101.465 51.647 2.4
      vertex 101.465 51.647 7.4
    endloop
  endfacet
  facet normal 0.980663 0.195704 0
    outer loop
      vertex 101.465 51.647 2.4
      vertex 101.529 51.3263 7.4
      vertex 101.529 51.3263 2.4
    endloop
  endfacet
  facet normal 0.321081 0.947052 -0
    outer loop
      vertex 100.007 53.3097 2.4
      vertex 99.697 53.4148 7.4
      vertex 100.007 53.3097 7.4
    endloop
  endfacet
  facet normal 0.321081 0.947052 0
    outer loop
      vertex 99.697 53.4148 7.4
      vertex 100.007 53.3097 2.4
      vertex 99.697 53.4148 2.4
    endloop
  endfacet
  facet normal 0.195116 0.98078 -0
    outer loop
      vertex 99.697 53.4148 2.4
      vertex 99.3763 53.4786 7.4
      vertex 99.697 53.4148 7.4
    endloop
  endfacet
  facet normal 0.195116 0.98078 0
    outer loop
      vertex 99.3763 53.4786 7.4
      vertex 99.697 53.4148 2.4
      vertex 99.3763 53.4786 2.4
    endloop
  endfacet
  facet normal 0.442556 0.896741 -0
    outer loop
      vertex 100.3 53.1651 2.4
      vertex 100.007 53.3097 7.4
      vertex 100.3 53.1651 7.4
    endloop
  endfacet
  facet normal 0.442556 0.896741 0
    outer loop
      vertex 100.007 53.3097 7.4
      vertex 100.3 53.1651 2.4
      vertex 100.007 53.3097 2.4
    endloop
  endfacet
  facet normal -0.896921 0.442191 0
    outer loop
      vertex 96.7403 51.9567 2.4
      vertex 96.8849 52.25 7.4
      vertex 96.8849 52.25 2.4
    endloop
  endfacet
  facet normal -0.896921 0.442191 0
    outer loop
      vertex 96.8849 52.25 7.4
      vertex 96.7403 51.9567 2.4
      vertex 96.7403 51.9567 7.4
    endloop
  endfacet
  facet normal -0.831438 0.555617 0
    outer loop
      vertex 96.8849 52.25 2.4
      vertex 97.0666 52.5219 7.4
      vertex 97.0666 52.5219 2.4
    endloop
  endfacet
  facet normal -0.831438 0.555617 0
    outer loop
      vertex 97.0666 52.5219 7.4
      vertex 96.8849 52.25 2.4
      vertex 96.8849 52.25 7.4
    endloop
  endfacet
  facet normal 0 0 1
    outer loop
      vertex 99.9 51 7.4
      vertex 101.55 51 7.4
      vertex 101.529 51.3263 7.4
    endloop
  endfacet
  facet normal 0 0 1
    outer loop
      vertex 99.9 51 7.4
      vertex 101.529 51.3263 7.4
      vertex 101.465 51.647 7.4
    endloop
  endfacet
  facet normal 0 0 1
    outer loop
      vertex 101.55 51 7.4
      vertex 99.9 51 7.4
      vertex 101.529 50.6737 7.4
    endloop
  endfacet
  facet normal 0 0 1
    outer loop
      vertex 99.8353 51.3253 7.4
      vertex 101.465 51.647 7.4
      vertex 101.36 51.9567 7.4
    endloop
  endfacet
  facet normal 0 0 1
    outer loop
      vertex 101.529 50.6737 7.4
      vertex 99.9 51 7.4
      vertex 101.465 50.353 7.4
    endloop
  endfacet
  facet normal 0 0 1
    outer loop
      vertex 99.8353 51.3253 7.4
      vertex 101.36 51.9567 7.4
      vertex 101.215 52.25 7.4
    endloop
  endfacet
  facet normal -0 0 1
    outer loop
      vertex 99.8353 50.6747 7.4
      vertex 101.465 50.353 7.4
      vertex 99.9 51 7.4
    endloop
  endfacet
  facet normal 0 0 1
    outer loop
      vertex 99.8353 51.3253 7.4
      vertex 101.215 52.25 7.4
      vertex 101.033 52.5219 7.4
    endloop
  endfacet
  facet normal 0 0 1
    outer loop
      vertex 101.465 50.353 7.4
      vertex 99.8353 50.6747 7.4
      vertex 101.36 50.0433 7.4
    endloop
  endfacet
  facet normal 0 0 1
    outer loop
      vertex 99.651 51.601 7.4
      vertex 101.033 52.5219 7.4
      vertex 100.818 52.7678 7.4
    endloop
  endfacet
  facet normal 0 0 1
    outer loop
      vertex 101.36 50.0433 7.4
      vertex 99.8353 50.6747 7.4
      vertex 101.215 49.75 7.4
    endloop
  endfacet
  facet normal 0 0 1
    outer loop
      vertex 99.651 51.601 7.4
      vertex 100.818 52.7678 7.4
      vertex 100.572 52.9834 7.4
    endloop
  endfacet
  facet normal 0 0 1
    outer loop
      vertex 101.215 49.75 7.4
      vertex 99.8353 50.6747 7.4
      vertex 101.033 49.4781 7.4
    endloop
  endfacet
  facet normal 0 0 1
    outer loop
      vertex 99.651 51.601 7.4
      vertex 100.572 52.9834 7.4
      vertex 100.3 53.1651 7.4
    endloop
  endfacet
  facet normal -0 0 1
    outer loop
      vertex 99.651 50.399 7.4
      vertex 101.033 49.4781 7.4
      vertex 99.8353 50.6747 7.4
    endloop
  endfacet
  facet normal 0 0 1
    outer loop
      vertex 99.3753 51.7853 7.4
      vertex 100.3 53.1651 7.4
      vertex 100.007 53.3097 7.4
    endloop
  endfacet
  facet normal 0 0 1
    outer loop
      vertex 101.033 49.4781 7.4
      vertex 99.651 50.399 7.4
      vertex 100.818 49.2322 7.4
    endloop
  endfacet
  facet normal 0 0 1
    outer loop
      vertex 100.818 49.2322 7.4
      vertex 99.651 50.399 7.4
      vertex 100.572 49.0166 7.4
    endloop
  endfacet
  facet normal 0 0 1
    outer loop
      vertex 101.465 51.647 7.4
      vertex 99.8353 51.3253 7.4
      vertex 99.9 51 7.4
    endloop
  endfacet
  facet normal 0 0 1
    outer loop
      vertex 99.3753 51.7853 7.4
      vertex 100.007 53.3097 7.4
      vertex 99.697 53.4148 7.4
    endloop
  endfacet
  facet normal 0 0 1
    outer loop
      vertex 101.033 52.5219 7.4
      vertex 99.651 51.601 7.4
      vertex 99.8353 51.3253 7.4
    endloop
  endfacet
  facet normal 0 0 1
    outer loop
      vertex 99.3753 51.7853 7.4
      vertex 99.697 53.4148 7.4
      vertex 99.3763 53.4786 7.4
    endloop
  endfacet
  facet normal 0 0 1
    outer loop
      vertex 100.3 53.1651 7.4
      vertex 99.3753 51.7853 7.4
      vertex 99.651 51.601 7.4
    endloop
  endfacet
  facet normal 0 0 1
    outer loop
      vertex 99.05 51.85 7.4
      vertex 99.3763 53.4786 7.4
      vertex 99.05 53.5 7.4
    endloop
  endfacet
  facet normal 0 0 1
    outer loop
      vertex 99.3763 53.4786 7.4
      vertex 99.05 51.85 7.4
      vertex 99.3753 51.7853 7.4
    endloop
  endfacet
  facet normal -0 0 1
    outer loop
      vertex 98.7237 53.4786 7.4
      vertex 99.05 51.85 7.4
      vertex 99.05 53.5 7.4
    endloop
  endfacet
  facet normal 0 0 1
    outer loop
      vertex 99.05 51.85 7.4
      vertex 98.7237 53.4786 7.4
      vertex 98.7247 51.7853 7.4
    endloop
  endfacet
  facet normal -0 0 1
    outer loop
      vertex 98.403 53.4148 7.4
      vertex 98.7247 51.7853 7.4
      vertex 98.7237 53.4786 7.4
    endloop
  endfacet
  facet normal -0 0 1
    outer loop
      vertex 98.0933 53.3097 7.4
      vertex 98.7247 51.7853 7.4
      vertex 98.403 53.4148 7.4
    endloop
  endfacet
  facet normal -0 0 1
    outer loop
      vertex 97.8 53.1651 7.4
      vertex 98.7247 51.7853 7.4
      vertex 98.0933 53.3097 7.4
    endloop
  endfacet
  facet normal 0 0 1
    outer loop
      vertex 98.7247 51.7853 7.4
      vertex 97.8 53.1651 7.4
      vertex 98.449 51.601 7.4
    endloop
  endfacet
  facet normal -0 0 1
    outer loop
      vertex 97.5281 52.9834 7.4
      vertex 98.449 51.601 7.4
      vertex 97.8 53.1651 7.4
    endloop
  endfacet
  facet normal 0 0 1
    outer loop
      vertex 100.572 49.0166 7.4
      vertex 99.651 50.399 7.4
      vertex 100.3 48.8349 7.4
    endloop
  endfacet
  facet normal -0 0 1
    outer loop
      vertex 99.3753 50.2147 7.4
      vertex 100.3 48.8349 7.4
      vertex 99.651 50.399 7.4
    endloop
  endfacet
  facet normal 0 0 1
    outer loop
      vertex 100.3 48.8349 7.4
      vertex 99.3753 50.2147 7.4
      vertex 100.007 48.6903 7.4
    endloop
  endfacet
  facet normal 0 0 1
    outer loop
      vertex 100.007 48.6903 7.4
      vertex 99.3753 50.2147 7.4
      vertex 99.697 48.5852 7.4
    endloop
  endfacet
  facet normal 0 0 1
    outer loop
      vertex 99.697 48.5852 7.4
      vertex 99.3753 50.2147 7.4
      vertex 99.3763 48.5214 7.4
    endloop
  endfacet
  facet normal -0 0 1
    outer loop
      vertex 99.05 50.15 7.4
      vertex 99.3763 48.5214 7.4
      vertex 99.3753 50.2147 7.4
    endloop
  endfacet
  facet normal 0 0 1
    outer loop
      vertex 99.05 50.15 7.4
      vertex 99.05 48.5 7.4
      vertex 99.3763 48.5214 7.4
    endloop
  endfacet
  facet normal 0 0 1
    outer loop
      vertex 98.7237 48.5214 7.4
      vertex 99.05 50.15 7.4
      vertex 98.7247 50.2147 7.4
    endloop
  endfacet
  facet normal 0 0 1
    outer loop
      vertex 99.05 50.15 7.4
      vertex 98.7237 48.5214 7.4
      vertex 99.05 48.5 7.4
    endloop
  endfacet
  facet normal 0 0 1
    outer loop
      vertex 97.8 48.8349 7.4
      vertex 98.7247 50.2147 7.4
      vertex 98.449 50.399 7.4
    endloop
  endfacet
  facet normal 0 0 1
    outer loop
      vertex 98.7247 50.2147 7.4
      vertex 98.403 48.5852 7.4
      vertex 98.7237 48.5214 7.4
    endloop
  endfacet
  facet normal 0 0 1
    outer loop
      vertex 97.0666 49.4781 7.4
      vertex 98.449 50.399 7.4
      vertex 98.2647 50.6747 7.4
    endloop
  endfacet
  facet normal 0 0 1
    outer loop
      vertex 96.6352 50.353 7.4
      vertex 98.2647 50.6747 7.4
      vertex 98.2 51 7.4
    endloop
  endfacet
  facet normal 0 0 1
    outer loop
      vertex 98.7247 50.2147 7.4
      vertex 98.0933 48.6903 7.4
      vertex 98.403 48.5852 7.4
    endloop
  endfacet
  facet normal -0 0 1
    outer loop
      vertex 97.2822 52.7678 7.4
      vertex 98.449 51.601 7.4
      vertex 97.5281 52.9834 7.4
    endloop
  endfacet
  facet normal -0 0 1
    outer loop
      vertex 97.0666 52.5219 7.4
      vertex 98.449 51.601 7.4
      vertex 97.2822 52.7678 7.4
    endloop
  endfacet
  facet normal 0 0 1
    outer loop
      vertex 98.7247 50.2147 7.4
      vertex 97.8 48.8349 7.4
      vertex 98.0933 48.6903 7.4
    endloop
  endfacet
  facet normal 0 0 1
    outer loop
      vertex 98.449 51.601 7.4
      vertex 97.0666 52.5219 7.4
      vertex 98.2647 51.3253 7.4
    endloop
  endfacet
  facet normal 0 0 1
    outer loop
      vertex 98.449 50.399 7.4
      vertex 97.5281 49.0166 7.4
      vertex 97.8 48.8349 7.4
    endloop
  endfacet
  facet normal -0 0 1
    outer loop
      vertex 96.8849 52.25 7.4
      vertex 98.2647 51.3253 7.4
      vertex 97.0666 52.5219 7.4
    endloop
  endfacet
  facet normal 0 0 1
    outer loop
      vertex 98.449 50.399 7.4
      vertex 97.2822 49.2322 7.4
      vertex 97.5281 49.0166 7.4
    endloop
  endfacet
  facet normal -0 0 1
    outer loop
      vertex 96.7403 51.9567 7.4
      vertex 98.2647 51.3253 7.4
      vertex 96.8849 52.25 7.4
    endloop
  endfacet
  facet normal 0 0 1
    outer loop
      vertex 98.449 50.399 7.4
      vertex 97.0666 49.4781 7.4
      vertex 97.2822 49.2322 7.4
    endloop
  endfacet
  facet normal -0 0 1
    outer loop
      vertex 96.6352 51.647 7.4
      vertex 98.2647 51.3253 7.4
      vertex 96.7403 51.9567 7.4
    endloop
  endfacet
  facet normal 0 0 1
    outer loop
      vertex 98.2647 50.6747 7.4
      vertex 96.8849 49.75 7.4
      vertex 97.0666 49.4781 7.4
    endloop
  endfacet
  facet normal 0 0 1
    outer loop
      vertex 98.2647 51.3253 7.4
      vertex 96.6352 51.647 7.4
      vertex 98.2 51 7.4
    endloop
  endfacet
  facet normal 0 0 1
    outer loop
      vertex 98.2647 50.6747 7.4
      vertex 96.7403 50.0433 7.4
      vertex 96.8849 49.75 7.4
    endloop
  endfacet
  facet normal -0 0 1
    outer loop
      vertex 96.5714 51.3263 7.4
      vertex 98.2 51 7.4
      vertex 96.6352 51.647 7.4
    endloop
  endfacet
  facet normal 0 0 1
    outer loop
      vertex 98.2647 50.6747 7.4
      vertex 96.6352 50.353 7.4
      vertex 96.7403 50.0433 7.4
    endloop
  endfacet
  facet normal 0 0 1
    outer loop
      vertex 96.55 51 7.4
      vertex 98.2 51 7.4
      vertex 96.5714 51.3263 7.4
    endloop
  endfacet
  facet normal 0 0 1
    outer loop
      vertex 98.2 51 7.4
      vertex 96.5714 50.6737 7.4
      vertex 96.6352 50.353 7.4
    endloop
  endfacet
  facet normal 0 0 1
    outer loop
      vertex 98.2 51 7.4
      vertex 96.55 51 7.4
      vertex 96.5714 50.6737 7.4
    endloop
  endfacet
  facet normal -0.442191 0.896921 0
    outer loop
      vertex 98.0933 53.3097 2.4
      vertex 97.8 53.1651 7.4
      vertex 98.0933 53.3097 7.4
    endloop
  endfacet
  facet normal -0.442191 0.896921 0
    outer loop
      vertex 97.8 53.1651 7.4
      vertex 98.0933 53.3097 2.4
      vertex 97.8 53.1651 2.4
    endloop
  endfacet
  facet normal -0.0654432 0.997856 0
    outer loop
      vertex 99.05 53.5 2.4
      vertex 98.7237 53.4786 7.4
      vertex 99.05 53.5 7.4
    endloop
  endfacet
  facet normal -0.0654432 0.997856 0
    outer loop
      vertex 98.7237 53.4786 7.4
      vertex 99.05 53.5 2.4
      vertex 98.7237 53.4786 2.4
    endloop
  endfacet
  facet normal 0.195116 -0.98078 0
    outer loop
      vertex 99.3763 48.5214 2.4
      vertex 99.697 48.5852 7.4
      vertex 99.3763 48.5214 7.4
    endloop
  endfacet
  facet normal 0.195116 -0.98078 0
    outer loop
      vertex 99.697 48.5852 7.4
      vertex 99.3763 48.5214 2.4
      vertex 99.697 48.5852 2.4
    endloop
  endfacet
  facet normal 0.94705 0.321086 0
    outer loop
      vertex 101.465 51.647 7.4
      vertex 101.36 51.9567 2.4
      vertex 101.36 51.9567 7.4
    endloop
  endfacet
  facet normal 0.94705 0.321086 0
    outer loop
      vertex 101.36 51.9567 2.4
      vertex 101.465 51.647 7.4
      vertex 101.465 51.647 2.4
    endloop
  endfacet
  facet normal 0.752823 0.658223 0
    outer loop
      vertex 101.033 52.5219 7.4
      vertex 100.818 52.7678 2.4
      vertex 100.818 52.7678 7.4
    endloop
  endfacet
  facet normal 0.752823 0.658223 0
    outer loop
      vertex 100.818 52.7678 2.4
      vertex 101.033 52.5219 7.4
      vertex 101.033 52.5219 2.4
    endloop
  endfacet
  facet normal 0.831014 0.556251 0
    outer loop
      vertex 101.215 52.25 7.4
      vertex 101.033 52.5219 2.4
      vertex 101.033 52.5219 7.4
    endloop
  endfacet
  facet normal 0.831014 0.556251 0
    outer loop
      vertex 101.033 52.5219 2.4
      vertex 101.215 52.25 7.4
      vertex 101.215 52.25 2.4
    endloop
  endfacet
  facet normal 0.555476 0.831533 -0
    outer loop
      vertex 100.572 52.9834 2.4
      vertex 100.3 53.1651 7.4
      vertex 100.572 52.9834 7.4
    endloop
  endfacet
  facet normal 0.555476 0.831533 0
    outer loop
      vertex 100.3 53.1651 7.4
      vertex 100.572 52.9834 2.4
      vertex 100.3 53.1651 2.4
    endloop
  endfacet
  facet normal -0.946957 0.32136 0
    outer loop
      vertex 96.6352 51.647 2.4
      vertex 96.7403 51.9567 7.4
      vertex 96.7403 51.9567 2.4
    endloop
  endfacet
  facet normal -0.946957 0.32136 0
    outer loop
      vertex 96.7403 51.9567 7.4
      vertex 96.6352 51.647 2.4
      vertex 96.6352 51.647 7.4
    endloop
  endfacet
  facet normal -0.98078 0.195116 0
    outer loop
      vertex 96.5714 51.3263 2.4
      vertex 96.6352 51.647 7.4
      vertex 96.6352 51.647 2.4
    endloop
  endfacet
  facet normal -0.98078 0.195116 0
    outer loop
      vertex 96.6352 51.647 7.4
      vertex 96.5714 51.3263 2.4
      vertex 96.5714 51.3263 7.4
    endloop
  endfacet
  facet normal -0.195116 0.98078 0
    outer loop
      vertex 98.7237 53.4786 2.4
      vertex 98.403 53.4148 7.4
      vertex 98.7237 53.4786 7.4
    endloop
  endfacet
  facet normal -0.195116 0.98078 0
    outer loop
      vertex 98.403 53.4148 7.4
      vertex 98.7237 53.4786 2.4
      vertex 98.403 53.4148 2.4
    endloop
  endfacet
  facet normal 0.997935 -0.0642251 0
    outer loop
      vertex 101.529 50.6737 7.4
      vertex 101.55 51 2.4
      vertex 101.55 51 7.4
    endloop
  endfacet
  facet normal 0.997935 -0.0642251 0
    outer loop
      vertex 101.55 51 2.4
      vertex 101.529 50.6737 7.4
      vertex 101.529 50.6737 2.4
    endloop
  endfacet
  facet normal 0.980663 -0.195704 0
    outer loop
      vertex 101.465 50.353 7.4
      vertex 101.529 50.6737 2.4
      vertex 101.529 50.6737 7.4
    endloop
  endfacet
  facet normal 0.980663 -0.195704 0
    outer loop
      vertex 101.529 50.6737 2.4
      vertex 101.465 50.353 7.4
      vertex 101.465 50.353 2.4
    endloop
  endfacet
  facet normal 0.752823 -0.658223 0
    outer loop
      vertex 100.818 49.2322 7.4
      vertex 101.033 49.4781 2.4
      vertex 101.033 49.4781 7.4
    endloop
  endfacet
  facet normal 0.752823 -0.658223 0
    outer loop
      vertex 101.033 49.4781 2.4
      vertex 100.818 49.2322 7.4
      vertex 100.818 49.2322 2.4
    endloop
  endfacet
  facet normal 0.442556 -0.896741 0
    outer loop
      vertex 100.007 48.6903 2.4
      vertex 100.3 48.8349 7.4
      vertex 100.007 48.6903 7.4
    endloop
  endfacet
  facet normal 0.442556 -0.896741 0
    outer loop
      vertex 100.3 48.8349 7.4
      vertex 100.007 48.6903 2.4
      vertex 100.3 48.8349 2.4
    endloop
  endfacet
  facet normal -0.751913 0.659262 0
    outer loop
      vertex 97.0666 52.5219 2.4
      vertex 97.2822 52.7678 7.4
      vertex 97.2822 52.7678 2.4
    endloop
  endfacet
  facet normal -0.751913 0.659262 0
    outer loop
      vertex 97.2822 52.7678 7.4
      vertex 97.0666 52.5219 2.4
      vertex 97.0666 52.5219 7.4
    endloop
  endfacet
  facet normal -0.555617 0.831438 0
    outer loop
      vertex 97.8 53.1651 2.4
      vertex 97.5281 52.9834 7.4
      vertex 97.8 53.1651 7.4
    endloop
  endfacet
  facet normal -0.555617 0.831438 0
    outer loop
      vertex 97.5281 52.9834 7.4
      vertex 97.8 53.1651 2.4
      vertex 97.5281 52.9834 2.4
    endloop
  endfacet
  facet normal 0.555476 -0.831533 0
    outer loop
      vertex 100.3 48.8349 2.4
      vertex 100.572 49.0166 7.4
      vertex 100.3 48.8349 7.4
    endloop
  endfacet
  facet normal 0.555476 -0.831533 0
    outer loop
      vertex 100.572 49.0166 7.4
      vertex 100.3 48.8349 2.4
      vertex 100.572 49.0166 2.4
    endloop
  endfacet
  facet normal 0.65911 -0.752046 0
    outer loop
      vertex 100.572 49.0166 2.4
      vertex 100.818 49.2322 7.4
      vertex 100.572 49.0166 7.4
    endloop
  endfacet
  facet normal 0.65911 -0.752046 0
    outer loop
      vertex 100.818 49.2322 7.4
      vertex 100.572 49.0166 2.4
      vertex 100.818 49.2322 2.4
    endloop
  endfacet
  facet normal -0.751913 -0.659262 0
    outer loop
      vertex 97.2822 49.2322 2.4
      vertex 97.0666 49.4781 7.4
      vertex 97.0666 49.4781 2.4
    endloop
  endfacet
  facet normal -0.751913 -0.659262 0
    outer loop
      vertex 97.0666 49.4781 7.4
      vertex 97.2822 49.2322 2.4
      vertex 97.2822 49.2322 7.4
    endloop
  endfacet
  facet normal -0.896921 -0.442191 0
    outer loop
      vertex 96.8849 49.75 2.4
      vertex 96.7403 50.0433 7.4
      vertex 96.7403 50.0433 2.4
    endloop
  endfacet
  facet normal -0.896921 -0.442191 0
    outer loop
      vertex 96.7403 50.0433 7.4
      vertex 96.8849 49.75 2.4
      vertex 96.8849 49.75 7.4
    endloop
  endfacet
  facet normal -0.997856 -0.0654432 0
    outer loop
      vertex 96.5714 50.6737 2.4
      vertex 96.55 51 7.4
      vertex 96.55 51 2.4
    endloop
  endfacet
  facet normal -0.997856 -0.0654432 0
    outer loop
      vertex 96.55 51 7.4
      vertex 96.5714 50.6737 2.4
      vertex 96.5714 50.6737 7.4
    endloop
  endfacet
  facet normal -0.98078 -0.195116 0
    outer loop
      vertex 96.6352 50.353 2.4
      vertex 96.5714 50.6737 7.4
      vertex 96.5714 50.6737 2.4
    endloop
  endfacet
  facet normal -0.98078 -0.195116 0
    outer loop
      vertex 96.5714 50.6737 7.4
      vertex 96.6352 50.353 2.4
      vertex 96.6352 50.353 7.4
    endloop
  endfacet
  facet normal -0.946957 -0.32136 0
    outer loop
      vertex 96.7403 50.0433 2.4
      vertex 96.6352 50.353 7.4
      vertex 96.6352 50.353 2.4
    endloop
  endfacet
  facet normal -0.946957 -0.32136 0
    outer loop
      vertex 96.6352 50.353 7.4
      vertex 96.7403 50.0433 2.4
      vertex 96.7403 50.0433 7.4
    endloop
  endfacet
  facet normal 0.321081 -0.947052 0
    outer loop
      vertex 99.697 48.5852 2.4
      vertex 100.007 48.6903 7.4
      vertex 99.697 48.5852 7.4
    endloop
  endfacet
  facet normal 0.321081 -0.947052 0
    outer loop
      vertex 100.007 48.6903 7.4
      vertex 99.697 48.5852 2.4
      vertex 100.007 48.6903 2.4
    endloop
  endfacet
  facet normal 0.94705 -0.321086 0
    outer loop
      vertex 101.36 50.0433 7.4
      vertex 101.465 50.353 2.4
      vertex 101.465 50.353 7.4
    endloop
  endfacet
  facet normal 0.94705 -0.321086 0
    outer loop
      vertex 101.465 50.353 2.4
      vertex 101.36 50.0433 7.4
      vertex 101.36 50.0433 2.4
    endloop
  endfacet
  facet normal 0.896435 -0.443175 0
    outer loop
      vertex 101.215 49.75 7.4
      vertex 101.36 50.0433 2.4
      vertex 101.36 50.0433 7.4
    endloop
  endfacet
  facet normal 0.896435 -0.443175 0
    outer loop
      vertex 101.36 50.0433 2.4
      vertex 101.215 49.75 7.4
      vertex 101.215 49.75 2.4
    endloop
  endfacet
  facet normal -0.0654432 -0.997856 0
    outer loop
      vertex 98.7237 48.5214 2.4
      vertex 99.05 48.5 7.4
      vertex 98.7237 48.5214 7.4
    endloop
  endfacet
  facet normal -0.0654432 -0.997856 -0
    outer loop
      vertex 99.05 48.5 7.4
      vertex 98.7237 48.5214 2.4
      vertex 99.05 48.5 2.4
    endloop
  endfacet
  facet normal -0.442191 -0.896921 0
    outer loop
      vertex 97.8 48.8349 2.4
      vertex 98.0933 48.6903 7.4
      vertex 97.8 48.8349 7.4
    endloop
  endfacet
  facet normal -0.442191 -0.896921 -0
    outer loop
      vertex 98.0933 48.6903 7.4
      vertex 97.8 48.8349 2.4
      vertex 98.0933 48.6903 2.4
    endloop
  endfacet
  facet normal -0.195116 -0.98078 0
    outer loop
      vertex 98.403 48.5852 2.4
      vertex 98.7237 48.5214 7.4
      vertex 98.403 48.5852 7.4
    endloop
  endfacet
  facet normal -0.195116 -0.98078 -0
    outer loop
      vertex 98.7237 48.5214 7.4
      vertex 98.403 48.5852 2.4
      vertex 98.7237 48.5214 2.4
    endloop
  endfacet
  facet normal -0.831438 -0.555617 0
    outer loop
      vertex 97.0666 49.4781 2.4
      vertex 96.8849 49.75 7.4
      vertex 96.8849 49.75 2.4
    endloop
  endfacet
  facet normal -0.831438 -0.555617 0
    outer loop
      vertex 96.8849 49.75 7.4
      vertex 97.0666 49.4781 2.4
      vertex 97.0666 49.4781 7.4
    endloop
  endfacet
  facet normal -0.659262 -0.751913 0
    outer loop
      vertex 97.2822 49.2322 2.4
      vertex 97.5281 49.0166 7.4
      vertex 97.2822 49.2322 7.4
    endloop
  endfacet
  facet normal -0.659262 -0.751913 -0
    outer loop
      vertex 97.5281 49.0166 7.4
      vertex 97.2822 49.2322 2.4
      vertex 97.5281 49.0166 2.4
    endloop
  endfacet
  facet normal -0.555617 -0.831438 0
    outer loop
      vertex 97.5281 49.0166 2.4
      vertex 97.8 48.8349 7.4
      vertex 97.5281 49.0166 7.4
    endloop
  endfacet
  facet normal -0.555617 -0.831438 -0
    outer loop
      vertex 97.8 48.8349 7.4
      vertex 97.5281 49.0166 2.4
      vertex 97.8 48.8349 2.4
    endloop
  endfacet
  facet normal -0.32136 -0.946957 0
    outer loop
      vertex 98.0933 48.6903 2.4
      vertex 98.403 48.5852 7.4
      vertex 98.0933 48.6903 7.4
    endloop
  endfacet
  facet normal -0.32136 -0.946957 -0
    outer loop
      vertex 98.403 48.5852 7.4
      vertex 98.0933 48.6903 2.4
      vertex 98.403 48.5852 2.4
    endloop
  endfacet
  facet normal 0.980797 0.195031 0
    outer loop
      vertex 10.9615 7.08737 9
      vertex 10.8467 7.66469 2.4
      vertex 10.8467 7.66469 9
    endloop
  endfacet
  facet normal 0.980797 0.195031 0
    outer loop
      vertex 10.8467 7.66469 2.4
      vertex 10.9615 7.08737 9
      vertex 10.9615 7.08737 2.4
    endloop
  endfacet
  facet normal 0.575925 -0.817503 0
    outer loop
      vertex 7.91946 2 2.4
      vertex 9.23943 2.92991 9
      vertex 7.91946 2 9
    endloop
  endfacet
  facet normal 0.575925 -0.817503 0
    outer loop
      vertex 9.23943 2.92991 9
      vertex 7.91946 2 2.4
      vertex 9.23943 2.92991 2.4
    endloop
  endfacet
  facet normal 0.555539 0.831491 -0
    outer loop
      vertex 9.23943 10.0701 2.4
      vertex 8.75 10.3971 9
      vertex 9.23943 10.0701 9
    endloop
  endfacet
  facet normal 0.555539 0.831491 0
    outer loop
      vertex 8.75 10.3971 9
      vertex 9.23943 10.0701 2.4
      vertex 8.75 10.3971 2.4
    endloop
  endfacet
  facet normal -1 0 0
    outer loop
      vertex 1 1 2.39
      vertex 1 1.36721 9
      vertex 1 1.36721 2.39
    endloop
  endfacet
  facet normal -1 -0 0
    outer loop
      vertex 1 1.36721 9
      vertex 1 1 2.39
      vertex 1 1 9
    endloop
  endfacet
  facet normal 0.65935 -0.751836 0
    outer loop
      vertex 9.23943 2.92991 2.4
      vertex 9.68198 3.31802 9
      vertex 9.23943 2.92991 9
    endloop
  endfacet
  facet normal 0.65935 -0.751836 0
    outer loop
      vertex 9.68198 3.31802 9
      vertex 9.23943 2.92991 2.4
      vertex 9.68198 3.31802 2.4
    endloop
  endfacet
  facet normal 0.946934 -0.321427 0
    outer loop
      vertex 10.6575 4.77792 9
      vertex 10.8467 5.33531 2.4
      vertex 10.8467 5.33531 9
    endloop
  endfacet
  facet normal 0.946934 -0.321427 0
    outer loop
      vertex 10.8467 5.33531 2.4
      vertex 10.6575 4.77792 9
      vertex 10.6575 4.77792 2.4
    endloop
  endfacet
  facet normal 0.997859 0.0654061 0
    outer loop
      vertex 11 6.5 9
      vertex 10.9615 7.08737 2.4
      vertex 10.9615 7.08737 9
    endloop
  endfacet
  facet normal 0.997859 0.0654061 0
    outer loop
      vertex 10.9615 7.08737 2.4
      vertex 11 6.5 9
      vertex 11 6.5 2.4
    endloop
  endfacet
  facet normal 0.896837 0.442362 0
    outer loop
      vertex 10.6575 8.22207 9
      vertex 10.3971 8.75 2.4
      vertex 10.3971 8.75 9
    endloop
  endfacet
  facet normal 0.896837 0.442362 0
    outer loop
      vertex 10.3971 8.75 2.4
      vertex 10.6575 8.22207 9
      vertex 10.6575 8.22207 2.4
    endloop
  endfacet
  facet normal -0.817503 0.575925 0
    outer loop
      vertex 2 7.91946 2.4
      vertex 2.92991 9.23943 9
      vertex 2.92991 9.23943 2.4
    endloop
  endfacet
  facet normal -0.817503 0.575925 0
    outer loop
      vertex 2.92991 9.23943 9
      vertex 2 7.91946 2.4
      vertex 2 7.91946 9
    endloop
  endfacet
  facet normal 0 0 -1
    outer loop
      vertex 1 1 2.39
      vertex 1.17157 1.17157 2.39
      vertex 1.36721 1 2.39
    endloop
  endfacet
  facet normal -0 0 -1
    outer loop
      vertex 1.17157 1.17157 2.39
      vertex 1 1 2.39
      vertex 1 1.36721 2.39
    endloop
  endfacet
  facet normal 0 -1 0
    outer loop
      vertex 1 1 2.39
      vertex 1.36721 1 9
      vertex 1 1 9
    endloop
  endfacet
  facet normal 0 -1 -0
    outer loop
      vertex 1.36721 1 9
      vertex 1 1 2.39
      vertex 1.36721 1 2.39
    endloop
  endfacet
  facet normal 0.751828 -0.659359 0
    outer loop
      vertex 9.68198 3.31802 9
      vertex 10.0701 3.76057 2.4
      vertex 10.0701 3.76057 9
    endloop
  endfacet
  facet normal 0.751828 -0.659359 0
    outer loop
      vertex 10.0701 3.76057 2.4
      vertex 9.68198 3.31802 9
      vertex 9.68198 3.31802 2.4
    endloop
  endfacet
  facet normal 0.980797 -0.195031 0
    outer loop
      vertex 10.8467 5.33531 9
      vertex 10.9615 5.91263 2.4
      vertex 10.9615 5.91263 9
    endloop
  endfacet
  facet normal 0.980797 -0.195031 0
    outer loop
      vertex 10.9615 5.91263 2.4
      vertex 10.8467 5.33531 9
      vertex 10.8467 5.33531 2.4
    endloop
  endfacet
  facet normal 0.997859 -0.0654061 0
    outer loop
      vertex 10.9615 5.91263 9
      vertex 11 6.5 2.4
      vertex 11 6.5 9
    endloop
  endfacet
  facet normal 0.997859 -0.0654061 0
    outer loop
      vertex 11 6.5 2.4
      vertex 10.9615 5.91263 9
      vertex 10.9615 5.91263 2.4
    endloop
  endfacet
  facet normal 0.946933 0.321432 0
    outer loop
      vertex 10.8467 7.66469 9
      vertex 10.6575 8.22207 2.4
      vertex 10.6575 8.22207 9
    endloop
  endfacet
  facet normal 0.946933 0.321432 0
    outer loop
      vertex 10.6575 8.22207 2.4
      vertex 10.8467 7.66469 9
      vertex 10.8467 7.66469 2.4
    endloop
  endfacet
  facet normal 0.751828 0.659359 0
    outer loop
      vertex 10.0701 9.23943 9
      vertex 9.68198 9.68198 2.4
      vertex 9.68198 9.68198 9
    endloop
  endfacet
  facet normal 0.751828 0.659359 0
    outer loop
      vertex 9.68198 9.68198 2.4
      vertex 10.0701 9.23943 9
      vertex 10.0701 9.23943 2.4
    endloop
  endfacet
  facet normal 0.659359 0.751828 -0
    outer loop
      vertex 9.68198 9.68198 2.4
      vertex 9.23943 10.0701 9
      vertex 9.68198 9.68198 9
    endloop
  endfacet
  facet normal 0.659359 0.751828 0
    outer loop
      vertex 9.23943 10.0701 9
      vertex 9.68198 9.68198 2.4
      vertex 9.23943 10.0701 2.4
    endloop
  endfacet
  facet normal 0.831491 0.555539 0
    outer loop
      vertex 10.3971 8.75 9
      vertex 10.0701 9.23943 2.4
      vertex 10.0701 9.23943 9
    endloop
  endfacet
  facet normal 0.831491 0.555539 0
    outer loop
      vertex 10.0701 9.23943 2.4
      vertex 10.3971 8.75 9
      vertex 10.3971 8.75 2.4
    endloop
  endfacet
  facet normal 0.195031 0.980797 -0
    outer loop
      vertex 7.66469 10.8467 2.4
      vertex 7.08737 10.9615 9
      vertex 7.66469 10.8467 9
    endloop
  endfacet
  facet normal 0.195031 0.980797 0
    outer loop
      vertex 7.08737 10.9615 9
      vertex 7.66469 10.8467 2.4
      vertex 7.08737 10.9615 2.4
    endloop
  endfacet
  facet normal 0.442362 0.896837 -0
    outer loop
      vertex 8.75 10.3971 2.4
      vertex 8.22207 10.6575 9
      vertex 8.75 10.3971 9
    endloop
  endfacet
  facet normal 0.442362 0.896837 0
    outer loop
      vertex 8.22207 10.6575 9
      vertex 8.75 10.3971 2.4
      vertex 8.22207 10.6575 2.4
    endloop
  endfacet
  facet normal -0.0654061 0.997859 0
    outer loop
      vertex 6.5 11 2.4
      vertex 5.91263 10.9615 9
      vertex 6.5 11 9
    endloop
  endfacet
  facet normal -0.0654061 0.997859 0
    outer loop
      vertex 5.91263 10.9615 9
      vertex 6.5 11 2.4
      vertex 5.91263 10.9615 2.4
    endloop
  endfacet
  facet normal 0.896833 -0.442369 0
    outer loop
      vertex 10.3971 4.25 9
      vertex 10.6575 4.77792 2.4
      vertex 10.6575 4.77792 9
    endloop
  endfacet
  facet normal 0.896833 -0.442369 0
    outer loop
      vertex 10.6575 4.77792 2.4
      vertex 10.3971 4.25 9
      vertex 10.3971 4.25 2.4
    endloop
  endfacet
  facet normal 0.831491 -0.555539 0
    outer loop
      vertex 10.0701 3.76057 9
      vertex 10.3971 4.25 2.4
      vertex 10.3971 4.25 9
    endloop
  endfacet
  facet normal 0.831491 -0.555539 0
    outer loop
      vertex 10.3971 4.25 2.4
      vertex 10.0701 3.76057 9
      vertex 10.0701 3.76057 2.4
    endloop
  endfacet
  facet normal -0.555539 0.831491 0
    outer loop
      vertex 4.25 10.3971 2.4
      vertex 3.76057 10.0701 9
      vertex 4.25 10.3971 9
    endloop
  endfacet
  facet normal -0.555539 0.831491 0
    outer loop
      vertex 3.76057 10.0701 9
      vertex 4.25 10.3971 2.4
      vertex 3.76057 10.0701 2.4
    endloop
  endfacet
  facet normal 0.0654061 0.997859 -0
    outer loop
      vertex 7.08737 10.9615 2.4
      vertex 6.5 11 9
      vertex 7.08737 10.9615 9
    endloop
  endfacet
  facet normal 0.0654061 0.997859 0
    outer loop
      vertex 6.5 11 9
      vertex 7.08737 10.9615 2.4
      vertex 6.5 11 2.4
    endloop
  endfacet
  facet normal 0.321432 0.946933 -0
    outer loop
      vertex 8.22207 10.6575 2.4
      vertex 7.66469 10.8467 9
      vertex 8.22207 10.6575 9
    endloop
  endfacet
  facet normal 0.321432 0.946933 0
    outer loop
      vertex 7.66469 10.8467 9
      vertex 8.22207 10.6575 2.4
      vertex 7.66469 10.8467 2.4
    endloop
  endfacet
  facet normal -0.195031 0.980797 0
    outer loop
      vertex 5.91263 10.9615 2.4
      vertex 5.33531 10.8467 9
      vertex 5.91263 10.9615 9
    endloop
  endfacet
  facet normal -0.195031 0.980797 0
    outer loop
      vertex 5.33531 10.8467 9
      vertex 5.91263 10.9615 2.4
      vertex 5.33531 10.8467 2.4
    endloop
  endfacet
  facet normal -0.751836 0.65935 0
    outer loop
      vertex 2.92991 9.23943 2.4
      vertex 3.31802 9.68198 9
      vertex 3.31802 9.68198 2.4
    endloop
  endfacet
  facet normal -0.751836 0.65935 0
    outer loop
      vertex 3.31802 9.68198 9
      vertex 2.92991 9.23943 2.4
      vertex 2.92991 9.23943 9
    endloop
  endfacet
  facet normal -0.659359 0.751828 0
    outer loop
      vertex 3.76057 10.0701 2.4
      vertex 3.31802 9.68198 9
      vertex 3.76057 10.0701 9
    endloop
  endfacet
  facet normal -0.659359 0.751828 0
    outer loop
      vertex 3.31802 9.68198 9
      vertex 3.76057 10.0701 2.4
      vertex 3.31802 9.68198 2.4
    endloop
  endfacet
  facet normal -0.442369 0.896833 0
    outer loop
      vertex 4.77792 10.6575 2.4
      vertex 4.25 10.3971 9
      vertex 4.77792 10.6575 9
    endloop
  endfacet
  facet normal -0.442369 0.896833 0
    outer loop
      vertex 4.25 10.3971 9
      vertex 4.77792 10.6575 2.4
      vertex 4.25 10.3971 2.4
    endloop
  endfacet
  facet normal -0.321427 0.946934 0
    outer loop
      vertex 5.33531 10.8467 2.4
      vertex 4.77792 10.6575 9
      vertex 5.33531 10.8467 9
    endloop
  endfacet
  facet normal -0.321427 0.946934 0
    outer loop
      vertex 4.77792 10.6575 9
      vertex 5.33531 10.8467 2.4
      vertex 4.77792 10.6575 2.4
    endloop
  endfacet
  facet normal -0.997803 0.0662518 0
    outer loop
      vertex 103.05 6.5 2.4
      vertex 103.089 7.08737 9
      vertex 103.089 7.08737 2.4
    endloop
  endfacet
  facet normal -0.997803 0.0662518 0
    outer loop
      vertex 103.089 7.08737 9
      vertex 103.05 6.5 2.4
      vertex 103.05 6.5 9
    endloop
  endfacet
  facet normal -0.981056 0.193723 0
    outer loop
      vertex 103.089 7.08737 2.4
      vertex 103.203 7.66469 9
      vertex 103.203 7.66469 2.4
    endloop
  endfacet
  facet normal -0.981056 0.193723 0
    outer loop
      vertex 103.203 7.66469 9
      vertex 103.089 7.08737 2.4
      vertex 103.089 7.08737 9
    endloop
  endfacet
  facet normal 0 -1 0
    outer loop
      vertex 112.683 1 2.39
      vertex 113.05 1 9
      vertex 112.683 1 9
    endloop
  endfacet
  facet normal 0 -1 -0
    outer loop
      vertex 113.05 1 9
      vertex 112.683 1 2.39
      vertex 113.05 1 2.39
    endloop
  endfacet
  facet normal 1 -0 0
    outer loop
      vertex 113.05 1 9
      vertex 113.05 1.36721 2.39
      vertex 113.05 1.36721 9
    endloop
  endfacet
  facet normal 1 0 0
    outer loop
      vertex 113.05 1.36721 2.39
      vertex 113.05 1 9
      vertex 113.05 1 2.39
    endloop
  endfacet
  facet normal -0.751929 -0.659244 0
    outer loop
      vertex 104.368 3.31802 2.4
      vertex 103.98 3.76057 9
      vertex 103.98 3.76057 2.4
    endloop
  endfacet
  facet normal -0.751929 -0.659244 0
    outer loop
      vertex 103.98 3.76057 9
      vertex 104.368 3.31802 2.4
      vertex 104.368 3.31802 9
    endloop
  endfacet
  facet normal -0.575916 -0.817509 0
    outer loop
      vertex 104.811 2.92991 2.4
      vertex 106.131 2 9
      vertex 104.811 2.92991 9
    endloop
  endfacet
  facet normal -0.575916 -0.817509 -0
    outer loop
      vertex 106.131 2 9
      vertex 104.811 2.92991 2.4
      vertex 106.131 2 2.4
    endloop
  endfacet
  facet normal 0.817476 0.575962 0
    outer loop
      vertex 112.05 7.91946 9
      vertex 111.12 9.23943 2.4
      vertex 111.12 9.23943 9
    endloop
  endfacet
  facet normal 0.817476 0.575962 0
    outer loop
      vertex 111.12 9.23943 2.4
      vertex 112.05 7.91946 9
      vertex 112.05 7.91946 2.4
    endloop
  endfacet
  facet normal -0.94652 -0.322645 0
    outer loop
      vertex 103.393 4.77792 2.4
      vertex 103.203 5.33531 9
      vertex 103.203 5.33531 2.4
    endloop
  endfacet
  facet normal -0.94652 -0.322645 0
    outer loop
      vertex 103.203 5.33531 9
      vertex 103.393 4.77792 2.4
      vertex 103.393 4.77792 9
    endloop
  endfacet
  facet normal -0.831491 -0.555539 0
    outer loop
      vertex 103.98 3.76057 2.4
      vertex 103.653 4.25 9
      vertex 103.653 4.25 2.4
    endloop
  endfacet
  facet normal -0.831491 -0.555539 0
    outer loop
      vertex 103.653 4.25 9
      vertex 103.98 3.76057 2.4
      vertex 103.98 3.76057 9
    endloop
  endfacet
  facet normal 0 0 -1
    outer loop
      vertex 113.05 1 2.39
      vertex 112.878 1.17157 2.39
      vertex 113.05 1.36721 2.39
    endloop
  endfacet
  facet normal 0 -0 -1
    outer loop
      vertex 112.878 1.17157 2.39
      vertex 113.05 1 2.39
      vertex 112.683 1 2.39
    endloop
  endfacet
  facet normal -0.831491 0.555539 0
    outer loop
      vertex 103.653 8.75 2.4
      vertex 103.98 9.23943 9
      vertex 103.98 9.23943 2.4
    endloop
  endfacet
  facet normal -0.831491 0.555539 0
    outer loop
      vertex 103.98 9.23943 9
      vertex 103.653 8.75 2.4
      vertex 103.653 8.75 9
    endloop
  endfacet
  facet normal 0.0654471 0.997856 -0
    outer loop
      vertex 108.137 10.9615 2.4
      vertex 107.55 11 9
      vertex 108.137 10.9615 9
    endloop
  endfacet
  facet normal 0.0654471 0.997856 0
    outer loop
      vertex 107.55 11 9
      vertex 108.137 10.9615 2.4
      vertex 107.55 11 2.4
    endloop
  endfacet
  facet normal -0.442315 0.89686 0
    outer loop
      vertex 105.828 10.6575 2.4
      vertex 105.3 10.3971 9
      vertex 105.828 10.6575 9
    endloop
  endfacet
  facet normal -0.442315 0.89686 0
    outer loop
      vertex 105.3 10.3971 9
      vertex 105.828 10.6575 2.4
      vertex 105.3 10.3971 2.4
    endloop
  endfacet
  facet normal 0.751929 0.659244 0
    outer loop
      vertex 111.12 9.23943 9
      vertex 110.732 9.68198 2.4
      vertex 110.732 9.68198 9
    endloop
  endfacet
  facet normal 0.751929 0.659244 0
    outer loop
      vertex 110.732 9.68198 2.4
      vertex 111.12 9.23943 9
      vertex 111.12 9.23943 2.4
    endloop
  endfacet
  facet normal 0.555877 0.831265 -0
    outer loop
      vertex 110.289 10.0701 2.4
      vertex 109.8 10.3971 9
      vertex 110.289 10.0701 9
    endloop
  endfacet
  facet normal 0.555877 0.831265 0
    outer loop
      vertex 109.8 10.3971 9
      vertex 110.289 10.0701 2.4
      vertex 109.8 10.3971 2.4
    endloop
  endfacet
  facet normal -0.658971 -0.752168 0
    outer loop
      vertex 104.368 3.31802 2.4
      vertex 104.811 2.92991 9
      vertex 104.368 3.31802 9
    endloop
  endfacet
  facet normal -0.658971 -0.752168 -0
    outer loop
      vertex 104.811 2.92991 9
      vertex 104.368 3.31802 2.4
      vertex 104.811 2.92991 2.4
    endloop
  endfacet
  facet normal -0.981056 -0.193723 0
    outer loop
      vertex 103.203 5.33531 2.4
      vertex 103.089 5.91263 9
      vertex 103.089 5.91263 2.4
    endloop
  endfacet
  facet normal -0.981056 -0.193723 0
    outer loop
      vertex 103.089 5.91263 9
      vertex 103.203 5.33531 2.4
      vertex 103.203 5.33531 9
    endloop
  endfacet
  facet normal -0.997803 -0.0662518 0
    outer loop
      vertex 103.089 5.91263 2.4
      vertex 103.05 6.5 9
      vertex 103.05 6.5 2.4
    endloop
  endfacet
  facet normal -0.997803 -0.0662518 0
    outer loop
      vertex 103.05 6.5 9
      vertex 103.089 5.91263 2.4
      vertex 103.089 5.91263 9
    endloop
  endfacet
  facet normal -0.946518 0.32265 0
    outer loop
      vertex 103.203 7.66469 2.4
      vertex 103.393 8.22207 9
      vertex 103.393 8.22207 2.4
    endloop
  endfacet
  facet normal -0.946518 0.32265 0
    outer loop
      vertex 103.393 8.22207 9
      vertex 103.203 7.66469 2.4
      vertex 103.203 7.66469 9
    endloop
  endfacet
  facet normal -0.897106 0.441815 0
    outer loop
      vertex 103.393 8.22207 2.4
      vertex 103.653 8.75 9
      vertex 103.653 8.75 2.4
    endloop
  endfacet
  facet normal -0.897106 0.441815 0
    outer loop
      vertex 103.653 8.75 9
      vertex 103.393 8.22207 2.4
      vertex 103.393 8.22207 9
    endloop
  endfacet
  facet normal -0.65898 0.75216 0
    outer loop
      vertex 104.811 10.0701 2.4
      vertex 104.368 9.68198 9
      vertex 104.811 10.0701 9
    endloop
  endfacet
  facet normal -0.65898 0.75216 0
    outer loop
      vertex 104.368 9.68198 9
      vertex 104.811 10.0701 2.4
      vertex 104.368 9.68198 2.4
    endloop
  endfacet
  facet normal -0.555877 0.831265 0
    outer loop
      vertex 105.3 10.3971 2.4
      vertex 104.811 10.0701 9
      vertex 105.3 10.3971 9
    endloop
  endfacet
  facet normal -0.555877 0.831265 0
    outer loop
      vertex 104.811 10.0701 9
      vertex 105.3 10.3971 2.4
      vertex 104.811 10.0701 2.4
    endloop
  endfacet
  facet normal -0.751929 0.659244 0
    outer loop
      vertex 103.98 9.23943 2.4
      vertex 104.368 9.68198 9
      vertex 104.368 9.68198 2.4
    endloop
  endfacet
  facet normal -0.751929 0.659244 0
    outer loop
      vertex 104.368 9.68198 9
      vertex 103.98 9.23943 2.4
      vertex 103.98 9.23943 9
    endloop
  endfacet
  facet normal 0.194811 0.980841 -0
    outer loop
      vertex 108.715 10.8467 2.4
      vertex 108.137 10.9615 9
      vertex 108.715 10.8467 9
    endloop
  endfacet
  facet normal 0.194811 0.980841 0
    outer loop
      vertex 108.137 10.9615 9
      vertex 108.715 10.8467 2.4
      vertex 108.137 10.9615 2.4
    endloop
  endfacet
  facet normal 0.321628 0.946866 -0
    outer loop
      vertex 109.272 10.6575 2.4
      vertex 108.715 10.8467 9
      vertex 109.272 10.6575 9
    endloop
  endfacet
  facet normal 0.321628 0.946866 0
    outer loop
      vertex 108.715 10.8467 9
      vertex 109.272 10.6575 2.4
      vertex 108.715 10.8467 2.4
    endloop
  endfacet
  facet normal 0.442315 0.89686 -0
    outer loop
      vertex 109.8 10.3971 2.4
      vertex 109.272 10.6575 9
      vertex 109.8 10.3971 9
    endloop
  endfacet
  facet normal 0.442315 0.89686 0
    outer loop
      vertex 109.272 10.6575 9
      vertex 109.8 10.3971 2.4
      vertex 109.272 10.6575 2.4
    endloop
  endfacet
  facet normal -0.194811 0.980841 0
    outer loop
      vertex 106.963 10.9615 2.4
      vertex 106.385 10.8467 9
      vertex 106.963 10.9615 9
    endloop
  endfacet
  facet normal -0.194811 0.980841 0
    outer loop
      vertex 106.385 10.8467 9
      vertex 106.963 10.9615 2.4
      vertex 106.385 10.8467 2.4
    endloop
  endfacet
  facet normal -0.0654471 0.997856 0
    outer loop
      vertex 107.55 11 2.4
      vertex 106.963 10.9615 9
      vertex 107.55 11 9
    endloop
  endfacet
  facet normal -0.0654471 0.997856 0
    outer loop
      vertex 106.963 10.9615 9
      vertex 107.55 11 2.4
      vertex 106.963 10.9615 2.4
    endloop
  endfacet
  facet normal -0.321628 0.946866 0
    outer loop
      vertex 106.385 10.8467 2.4
      vertex 105.828 10.6575 9
      vertex 106.385 10.8467 9
    endloop
  endfacet
  facet normal -0.321628 0.946866 0
    outer loop
      vertex 105.828 10.6575 9
      vertex 106.385 10.8467 2.4
      vertex 105.828 10.6575 2.4
    endloop
  endfacet
  facet normal 0.65898 0.75216 -0
    outer loop
      vertex 110.732 9.68198 2.4
      vertex 110.289 10.0701 9
      vertex 110.732 9.68198 9
    endloop
  endfacet
  facet normal 0.65898 0.75216 0
    outer loop
      vertex 110.289 10.0701 9
      vertex 110.732 9.68198 2.4
      vertex 110.289 10.0701 2.4
    endloop
  endfacet
  facet normal -0.897103 -0.441822 0
    outer loop
      vertex 103.653 4.25 2.4
      vertex 103.393 4.77792 9
      vertex 103.393 4.77792 2.4
    endloop
  endfacet
  facet normal -0.897103 -0.441822 0
    outer loop
      vertex 103.393 4.77792 9
      vertex 103.653 4.25 2.4
      vertex 103.653 4.25 9
    endloop
  endfacet
  facet normal -1 0 0
    outer loop
      vertex 14 12.7 2.4
      vertex 14 11 2.4
      vertex 14 12.7 4.39
    endloop
  endfacet
  facet normal -1 0 0
    outer loop
      vertex 14 16.3 4.39
      vertex 14 18 2.4
      vertex 14 16.3 2.4
    endloop
  endfacet
  facet normal -1 0 0
    outer loop
      vertex 14 18 2.4
      vertex 14 16.3 4.39
      vertex 14 18 6.39
    endloop
  endfacet
  facet normal -1 0 0
    outer loop
      vertex 14 12.7 4.39
      vertex 14 18 6.39
      vertex 14 16.3 4.39
    endloop
  endfacet
  facet normal -1 0 0
    outer loop
      vertex 14 12.7 4.39
      vertex 14 11 6.39
      vertex 14 18 6.39
    endloop
  endfacet
  facet normal -1 0 0
    outer loop
      vertex 14 11 6.39
      vertex 14 12.7 4.39
      vertex 14 11 2.4
    endloop
  endfacet
  facet normal -0 0 1
    outer loop
      vertex 14 18 6.39
      vertex 26 11 6.39
      vertex 26 18 6.39
    endloop
  endfacet
  facet normal 0 0 1
    outer loop
      vertex 26 11 6.39
      vertex 14 18 6.39
      vertex 14 11 6.39
    endloop
  endfacet
  facet normal 1 0 0
    outer loop
      vertex 26 18 6.39
      vertex 26 16.3 4.39
      vertex 26 18 2.4
    endloop
  endfacet
  facet normal 1 0 0
    outer loop
      vertex 26 18 6.39
      vertex 26 12.7 4.39
      vertex 26 16.3 4.39
    endloop
  endfacet
  facet normal 1 -0 0
    outer loop
      vertex 26 11 6.39
      vertex 26 12.7 4.39
      vertex 26 18 6.39
    endloop
  endfacet
  facet normal 1 0 0
    outer loop
      vertex 26 11 2.4
      vertex 26 12.7 4.39
      vertex 26 11 6.39
    endloop
  endfacet
  facet normal 1 0 0
    outer loop
      vertex 26 12.7 4.39
      vertex 26 11 2.4
      vertex 26 12.7 2.4
    endloop
  endfacet
  facet normal 1 0 0
    outer loop
      vertex 26 18 2.4
      vertex 26 16.3 4.39
      vertex 26 16.3 2.4
    endloop
  endfacet
  facet normal 0 1 -0
    outer loop
      vertex 26 18 2.4
      vertex 14 18 6.39
      vertex 26 18 6.39
    endloop
  endfacet
  facet normal 0 1 0
    outer loop
      vertex 14 18 6.39
      vertex 26 18 2.4
      vertex 14 18 2.4
    endloop
  endfacet
  facet normal 0 -1 0
    outer loop
      vertex 14 11 2.4
      vertex 26 11 6.39
      vertex 14 11 6.39
    endloop
  endfacet
  facet normal 0 -1 -0
    outer loop
      vertex 26 11 6.39
      vertex 14 11 2.4
      vertex 26 11 2.4
    endloop
  endfacet
  facet normal 0 0 -1
    outer loop
      vertex 14 12.7 4.39
      vertex 26 16.3 4.39
      vertex 26 12.7 4.39
    endloop
  endfacet
  facet normal -0 0 -1
    outer loop
      vertex 26 16.3 4.39
      vertex 14 12.7 4.39
      vertex 14 16.3 4.39
    endloop
  endfacet
  facet normal 0 -1 0
    outer loop
      vertex 14 16.3 2.4
      vertex 26 16.3 4.39
      vertex 14 16.3 4.39
    endloop
  endfacet
  facet normal 0 -1 -0
    outer loop
      vertex 26 16.3 4.39
      vertex 14 16.3 2.4
      vertex 26 16.3 2.4
    endloop
  endfacet
  facet normal 0 1 -0
    outer loop
      vertex 26 12.7 2.4
      vertex 14 12.7 4.39
      vertex 26 12.7 4.39
    endloop
  endfacet
  facet normal 0 1 0
    outer loop
      vertex 14 12.7 4.39
      vertex 26 12.7 2.4
      vertex 14 12.7 2.4
    endloop
  endfacet
  facet normal -0.991444 -0.130533 0
    outer loop
      vertex 9 91.2 3
      vertex 8.94207 91.64 7.4
      vertex 8.94207 91.64 3
    endloop
  endfacet
  facet normal -0.991444 -0.130533 0
    outer loop
      vertex 8.94207 91.64 7.4
      vertex 9 91.2 3
      vertex 9 91.2 7.4
    endloop
  endfacet
  facet normal 0.991444 -0.130533 0
    outer loop
      vertex 5.6 91.2 7.4
      vertex 5.65793 91.64 3
      vertex 5.65793 91.64 7.4
    endloop
  endfacet
  facet normal 0.991444 -0.130533 0
    outer loop
      vertex 5.65793 91.64 3
      vertex 5.6 91.2 7.4
      vertex 5.6 91.2 3
    endloop
  endfacet
  facet normal -0.130469 -0.991452 0
    outer loop
      vertex 7.3 92.9 3
      vertex 7.73999 92.8421 7.4
      vertex 7.3 92.9 7.4
    endloop
  endfacet
  facet normal -0.130469 -0.991452 -0
    outer loop
      vertex 7.73999 92.8421 7.4
      vertex 7.3 92.9 3
      vertex 7.73999 92.8421 3
    endloop
  endfacet
  facet normal -0.608676 -0.793419 0
    outer loop
      vertex 8.15 92.6722 3
      vertex 8.50208 92.4021 7.4
      vertex 8.15 92.6722 7.4
    endloop
  endfacet
  facet normal -0.608676 -0.793419 -0
    outer loop
      vertex 8.50208 92.4021 7.4
      vertex 8.15 92.6722 3
      vertex 8.50208 92.4021 3
    endloop
  endfacet
  facet normal -0.382815 -0.923825 0
    outer loop
      vertex 7.73999 92.8421 3
      vertex 8.15 92.6722 7.4
      vertex 7.73999 92.8421 7.4
    endloop
  endfacet
  facet normal -0.382815 -0.923825 -0
    outer loop
      vertex 8.15 92.6722 7.4
      vertex 7.73999 92.8421 3
      vertex 8.15 92.6722 3
    endloop
  endfacet
  facet normal 0.608676 -0.793419 0
    outer loop
      vertex 6.09792 92.4021 3
      vertex 6.45 92.6722 7.4
      vertex 6.09792 92.4021 7.4
    endloop
  endfacet
  facet normal 0.608676 -0.793419 0
    outer loop
      vertex 6.45 92.6722 7.4
      vertex 6.09792 92.4021 3
      vertex 6.45 92.6722 3
    endloop
  endfacet
  facet normal 0.130469 -0.991452 0
    outer loop
      vertex 6.86001 92.8421 3
      vertex 7.3 92.9 7.4
      vertex 6.86001 92.8421 7.4
    endloop
  endfacet
  facet normal 0.130469 -0.991452 0
    outer loop
      vertex 7.3 92.9 7.4
      vertex 6.86001 92.8421 3
      vertex 7.3 92.9 3
    endloop
  endfacet
  facet normal -0.923878 0.382688 0
    outer loop
      vertex 8.77224 90.35 3
      vertex 8.94207 90.76 7.4
      vertex 8.94207 90.76 3
    endloop
  endfacet
  facet normal -0.923878 0.382688 0
    outer loop
      vertex 8.94207 90.76 7.4
      vertex 8.77224 90.35 3
      vertex 8.77224 90.35 7.4
    endloop
  endfacet
  facet normal 0.991444 0.130533 0
    outer loop
      vertex 5.65793 90.76 7.4
      vertex 5.6 91.2 3
      vertex 5.6 91.2 7.4
    endloop
  endfacet
  facet normal 0.991444 0.130533 0
    outer loop
      vertex 5.6 91.2 3
      vertex 5.65793 90.76 7.4
      vertex 5.65793 90.76 3
    endloop
  endfacet
  facet normal -0.793371 -0.608739 0
    outer loop
      vertex 8.77224 92.05 3
      vertex 8.50208 92.4021 7.4
      vertex 8.50208 92.4021 3
    endloop
  endfacet
  facet normal -0.793371 -0.608739 0
    outer loop
      vertex 8.50208 92.4021 7.4
      vertex 8.77224 92.05 3
      vertex 8.77224 92.05 7.4
    endloop
  endfacet
  facet normal -0.923878 -0.382688 0
    outer loop
      vertex 8.94207 91.64 3
      vertex 8.77224 92.05 7.4
      vertex 8.77224 92.05 3
    endloop
  endfacet
  facet normal -0.923878 -0.382688 0
    outer loop
      vertex 8.77224 92.05 7.4
      vertex 8.94207 91.64 3
      vertex 8.94207 91.64 7.4
    endloop
  endfacet
  facet normal 0.793371 -0.608739 0
    outer loop
      vertex 5.82776 92.05 7.4
      vertex 6.09792 92.4021 3
      vertex 6.09792 92.4021 7.4
    endloop
  endfacet
  facet normal 0.793371 -0.608739 0
    outer loop
      vertex 6.09792 92.4021 3
      vertex 5.82776 92.05 7.4
      vertex 5.82776 92.05 3
    endloop
  endfacet
  facet normal 0.923878 -0.382688 0
    outer loop
      vertex 5.65793 91.64 7.4
      vertex 5.82776 92.05 3
      vertex 5.82776 92.05 7.4
    endloop
  endfacet
  facet normal 0.923878 -0.382688 0
    outer loop
      vertex 5.82776 92.05 3
      vertex 5.65793 91.64 7.4
      vertex 5.65793 91.64 3
    endloop
  endfacet
  facet normal 0.382815 -0.923825 0
    outer loop
      vertex 6.45 92.6722 3
      vertex 6.86001 92.8421 7.4
      vertex 6.45 92.6722 7.4
    endloop
  endfacet
  facet normal 0.382815 -0.923825 0
    outer loop
      vertex 6.86001 92.8421 7.4
      vertex 6.45 92.6722 3
      vertex 6.86001 92.8421 3
    endloop
  endfacet
  facet normal -0.991444 0.130533 0
    outer loop
      vertex 8.94207 90.76 3
      vertex 9 91.2 7.4
      vertex 9 91.2 3
    endloop
  endfacet
  facet normal -0.991444 0.130533 0
    outer loop
      vertex 9 91.2 7.4
      vertex 8.94207 90.76 3
      vertex 8.94207 90.76 7.4
    endloop
  endfacet
  facet normal -0.130469 0.991452 0
    outer loop
      vertex 7.73999 89.5579 3
      vertex 7.3 89.5 7.4
      vertex 7.73999 89.5579 7.4
    endloop
  endfacet
  facet normal -0.130469 0.991452 0
    outer loop
      vertex 7.3 89.5 7.4
      vertex 7.73999 89.5579 3
      vertex 7.3 89.5 3
    endloop
  endfacet
  facet normal -0.608676 0.793419 0
    outer loop
      vertex 8.50208 89.9979 3
      vertex 8.15 89.7278 7.4
      vertex 8.50208 89.9979 7.4
    endloop
  endfacet
  facet normal -0.608676 0.793419 0
    outer loop
      vertex 8.15 89.7278 7.4
      vertex 8.50208 89.9979 3
      vertex 8.15 89.7278 3
    endloop
  endfacet
  facet normal 0.608676 0.793419 -0
    outer loop
      vertex 6.45 89.7278 3
      vertex 6.09792 89.9979 7.4
      vertex 6.45 89.7278 7.4
    endloop
  endfacet
  facet normal 0.608676 0.793419 0
    outer loop
      vertex 6.09792 89.9979 7.4
      vertex 6.45 89.7278 3
      vertex 6.09792 89.9979 3
    endloop
  endfacet
  facet normal 0.130469 0.991452 -0
    outer loop
      vertex 7.3 89.5 3
      vertex 6.86001 89.5579 7.4
      vertex 7.3 89.5 7.4
    endloop
  endfacet
  facet normal 0.130469 0.991452 0
    outer loop
      vertex 6.86001 89.5579 7.4
      vertex 7.3 89.5 3
      vertex 6.86001 89.5579 3
    endloop
  endfacet
  facet normal 0.923878 0.382688 0
    outer loop
      vertex 5.82776 90.35 7.4
      vertex 5.65793 90.76 3
      vertex 5.65793 90.76 7.4
    endloop
  endfacet
  facet normal 0.923878 0.382688 0
    outer loop
      vertex 5.65793 90.76 3
      vertex 5.82776 90.35 7.4
      vertex 5.82776 90.35 3
    endloop
  endfacet
  facet normal -0.382815 0.923825 0
    outer loop
      vertex 8.15 89.7278 3
      vertex 7.73999 89.5579 7.4
      vertex 8.15 89.7278 7.4
    endloop
  endfacet
  facet normal -0.382815 0.923825 0
    outer loop
      vertex 7.73999 89.5579 7.4
      vertex 8.15 89.7278 3
      vertex 7.73999 89.5579 3
    endloop
  endfacet
  facet normal -0.793371 0.608739 0
    outer loop
      vertex 8.50208 89.9979 3
      vertex 8.77224 90.35 7.4
      vertex 8.77224 90.35 3
    endloop
  endfacet
  facet normal -0.793371 0.608739 0
    outer loop
      vertex 8.77224 90.35 7.4
      vertex 8.50208 89.9979 3
      vertex 8.50208 89.9979 7.4
    endloop
  endfacet
  facet normal 0.382815 0.923825 -0
    outer loop
      vertex 6.86001 89.5579 3
      vertex 6.45 89.7278 7.4
      vertex 6.86001 89.5579 7.4
    endloop
  endfacet
  facet normal 0.382815 0.923825 0
    outer loop
      vertex 6.45 89.7278 7.4
      vertex 6.86001 89.5579 3
      vertex 6.45 89.7278 3
    endloop
  endfacet
  facet normal 0.793371 0.608739 0
    outer loop
      vertex 6.09792 89.9979 7.4
      vertex 5.82776 90.35 3
      vertex 5.82776 90.35 7.4
    endloop
  endfacet
  facet normal 0.793371 0.608739 0
    outer loop
      vertex 5.82776 90.35 3
      vertex 6.09792 89.9979 7.4
      vertex 6.09792 89.9979 3
    endloop
  endfacet
  facet normal -0.86603 -0.499992 0
    outer loop
      vertex 10.6486 91.2 3.8147e-07
      vertex 8.97432 94.1 3
      vertex 8.97432 94.1 3.8147e-07
    endloop
  endfacet
  facet normal -0.86603 -0.499992 0
    outer loop
      vertex 8.97432 94.1 3
      vertex 10.6486 91.2 3.8147e-07
      vertex 10.6486 91.2 3
    endloop
  endfacet
  facet normal 0.866026 -0.499999 0
    outer loop
      vertex 3.95137 91.2 3
      vertex 5.62568 94.1 3.8147e-07
      vertex 5.62568 94.1 3
    endloop
  endfacet
  facet normal 0.866026 -0.499999 0
    outer loop
      vertex 5.62568 94.1 3.8147e-07
      vertex 3.95137 91.2 3
      vertex 3.95137 91.2 3.8147e-07
    endloop
  endfacet
  facet normal 0 -1 0
    outer loop
      vertex 5.62568 94.1 3.8147e-07
      vertex 8.97432 94.1 3
      vertex 5.62568 94.1 3
    endloop
  endfacet
  facet normal 0 -1 -0
    outer loop
      vertex 8.97432 94.1 3
      vertex 5.62568 94.1 3.8147e-07
      vertex 8.97432 94.1 3.8147e-07
    endloop
  endfacet
  facet normal 0 0 -1
    outer loop
      vertex 8.77224 90.35 3
      vertex 10.6486 91.2 3
      vertex 8.97432 88.3 3
    endloop
  endfacet
  facet normal -0 0 -1
    outer loop
      vertex 10.6486 91.2 3
      vertex 8.94207 90.76 3
      vertex 9 91.2 3
    endloop
  endfacet
  facet normal 0 0 -1
    outer loop
      vertex 10.6486 91.2 3
      vertex 8.77224 90.35 3
      vertex 8.94207 90.76 3
    endloop
  endfacet
  facet normal 0 0 -1
    outer loop
      vertex 8.97432 88.3 3
      vertex 8.50208 89.9979 3
      vertex 8.77224 90.35 3
    endloop
  endfacet
  facet normal 0 0 -1
    outer loop
      vertex 8.97432 88.3 3
      vertex 8.15 89.7278 3
      vertex 8.50208 89.9979 3
    endloop
  endfacet
  facet normal 0 0 -1
    outer loop
      vertex 8.97432 88.3 3
      vertex 7.73999 89.5579 3
      vertex 8.15 89.7278 3
    endloop
  endfacet
  facet normal 0 0 -1
    outer loop
      vertex 8.97432 88.3 3
      vertex 7.3 89.5 3
      vertex 7.73999 89.5579 3
    endloop
  endfacet
  facet normal 0 0 -1
    outer loop
      vertex 5.62568 88.3 3
      vertex 7.3 89.5 3
      vertex 8.97432 88.3 3
    endloop
  endfacet
  facet normal -0 0 -1
    outer loop
      vertex 7.3 89.5 3
      vertex 5.62568 88.3 3
      vertex 6.86001 89.5579 3
    endloop
  endfacet
  facet normal -0 0 -1
    outer loop
      vertex 6.86001 89.5579 3
      vertex 5.62568 88.3 3
      vertex 6.45 89.7278 3
    endloop
  endfacet
  facet normal 0 0 -1
    outer loop
      vertex 5.62568 88.3 3
      vertex 6.09792 89.9979 3
      vertex 6.45 89.7278 3
    endloop
  endfacet
  facet normal 0 0 -1
    outer loop
      vertex 5.62568 88.3 3
      vertex 5.82776 90.35 3
      vertex 6.09792 89.9979 3
    endloop
  endfacet
  facet normal 0 0 -1
    outer loop
      vertex 3.95137 91.2 3
      vertex 5.82776 90.35 3
      vertex 5.62568 88.3 3
    endloop
  endfacet
  facet normal 0 0 -1
    outer loop
      vertex 5.82776 90.35 3
      vertex 3.95137 91.2 3
      vertex 5.65793 90.76 3
    endloop
  endfacet
  facet normal 0 0 -1
    outer loop
      vertex 5.65793 90.76 3
      vertex 3.95137 91.2 3
      vertex 5.6 91.2 3
    endloop
  endfacet
  facet normal 0 0 -1
    outer loop
      vertex 8.94207 91.64 3
      vertex 10.6486 91.2 3
      vertex 9 91.2 3
    endloop
  endfacet
  facet normal 0 0 -1
    outer loop
      vertex 8.77224 92.05 3
      vertex 10.6486 91.2 3
      vertex 8.94207 91.64 3
    endloop
  endfacet
  facet normal 0 0 -1
    outer loop
      vertex 10.6486 91.2 3
      vertex 8.77224 92.05 3
      vertex 8.97432 94.1 3
    endloop
  endfacet
  facet normal 0 0 -1
    outer loop
      vertex 8.50208 92.4021 3
      vertex 8.97432 94.1 3
      vertex 8.77224 92.05 3
    endloop
  endfacet
  facet normal 0 0 -1
    outer loop
      vertex 8.15 92.6722 3
      vertex 8.97432 94.1 3
      vertex 8.50208 92.4021 3
    endloop
  endfacet
  facet normal 0 0 -1
    outer loop
      vertex 7.73999 92.8421 3
      vertex 8.97432 94.1 3
      vertex 8.15 92.6722 3
    endloop
  endfacet
  facet normal 0 0 -1
    outer loop
      vertex 7.3 92.9 3
      vertex 8.97432 94.1 3
      vertex 7.73999 92.8421 3
    endloop
  endfacet
  facet normal 0 0 -1
    outer loop
      vertex 5.62568 94.1 3
      vertex 7.3 92.9 3
      vertex 6.86001 92.8421 3
    endloop
  endfacet
  facet normal 0 0 -1
    outer loop
      vertex 5.62568 94.1 3
      vertex 6.86001 92.8421 3
      vertex 6.45 92.6722 3
    endloop
  endfacet
  facet normal 0 0 -1
    outer loop
      vertex 7.3 92.9 3
      vertex 5.62568 94.1 3
      vertex 8.97432 94.1 3
    endloop
  endfacet
  facet normal 0 0 -1
    outer loop
      vertex 6.09792 92.4021 3
      vertex 5.62568 94.1 3
      vertex 6.45 92.6722 3
    endloop
  endfacet
  facet normal 0 0 -1
    outer loop
      vertex 5.82776 92.05 3
      vertex 5.62568 94.1 3
      vertex 6.09792 92.4021 3
    endloop
  endfacet
  facet normal 0 0 -1
    outer loop
      vertex 3.95137 91.2 3
      vertex 5.82776 92.05 3
      vertex 5.65793 91.64 3
    endloop
  endfacet
  facet normal 0 0 -1
    outer loop
      vertex 3.95137 91.2 3
      vertex 5.65793 91.64 3
      vertex 5.6 91.2 3
    endloop
  endfacet
  facet normal -0 0 -1
    outer loop
      vertex 5.82776 92.05 3
      vertex 3.95137 91.2 3
      vertex 5.62568 94.1 3
    endloop
  endfacet
  facet normal -0.86603 0.499992 0
    outer loop
      vertex 8.97432 88.3 3.8147e-07
      vertex 10.6486 91.2 3
      vertex 10.6486 91.2 3.8147e-07
    endloop
  endfacet
  facet normal -0.86603 0.499992 0
    outer loop
      vertex 10.6486 91.2 3
      vertex 8.97432 88.3 3.8147e-07
      vertex 8.97432 88.3 3
    endloop
  endfacet
  facet normal 0 1 -0
    outer loop
      vertex 8.97432 88.3 3.8147e-07
      vertex 5.62568 88.3 3
      vertex 8.97432 88.3 3
    endloop
  endfacet
  facet normal 0 1 0
    outer loop
      vertex 5.62568 88.3 3
      vertex 8.97432 88.3 3.8147e-07
      vertex 5.62568 88.3 3.8147e-07
    endloop
  endfacet
  facet normal 0.866026 0.499999 0
    outer loop
      vertex 5.62568 88.3 3
      vertex 3.95137 91.2 3.8147e-07
      vertex 3.95137 91.2 3
    endloop
  endfacet
  facet normal 0.866026 0.499999 0
    outer loop
      vertex 3.95137 91.2 3.8147e-07
      vertex 5.62568 88.3 3
      vertex 5.62568 88.3 3.8147e-07
    endloop
  endfacet
  facet normal -0.991424 -0.130688 0
    outer loop
      vertex 108.5 91.2 3
      vertex 108.442 91.64 7.4
      vertex 108.442 91.64 3
    endloop
  endfacet
  facet normal -0.991424 -0.130688 0
    outer loop
      vertex 108.442 91.64 7.4
      vertex 108.5 91.2 3
      vertex 108.5 91.2 7.4
    endloop
  endfacet
  facet normal 0.991424 -0.130688 0
    outer loop
      vertex 105.1 91.2 7.4
      vertex 105.158 91.64 3
      vertex 105.158 91.64 7.4
    endloop
  endfacet
  facet normal 0.991424 -0.130688 0
    outer loop
      vertex 105.158 91.64 3
      vertex 105.1 91.2 7.4
      vertex 105.1 91.2 3
    endloop
  endfacet
  facet normal -0.130466 -0.991453 0
    outer loop
      vertex 106.8 92.9 3
      vertex 107.24 92.8421 7.4
      vertex 106.8 92.9 7.4
    endloop
  endfacet
  facet normal -0.130466 -0.991453 -0
    outer loop
      vertex 107.24 92.8421 7.4
      vertex 106.8 92.9 3
      vertex 107.24 92.8421 3
    endloop
  endfacet
  facet normal -0.608763 -0.793352 0
    outer loop
      vertex 107.65 92.6722 3
      vertex 108.002 92.4021 7.4
      vertex 107.65 92.6722 7.4
    endloop
  endfacet
  facet normal -0.608763 -0.793352 -0
    outer loop
      vertex 108.002 92.4021 7.4
      vertex 107.65 92.6722 3
      vertex 108.002 92.4021 3
    endloop
  endfacet
  facet normal -0.382823 -0.923822 0
    outer loop
      vertex 107.24 92.8421 3
      vertex 107.65 92.6722 7.4
      vertex 107.24 92.8421 7.4
    endloop
  endfacet
  facet normal -0.382823 -0.923822 -0
    outer loop
      vertex 107.65 92.6722 7.4
      vertex 107.24 92.8421 3
      vertex 107.65 92.6722 3
    endloop
  endfacet
  facet normal 0.608763 -0.793352 0
    outer loop
      vertex 105.598 92.4021 3
      vertex 105.95 92.6722 7.4
      vertex 105.598 92.4021 7.4
    endloop
  endfacet
  facet normal 0.608763 -0.793352 0
    outer loop
      vertex 105.95 92.6722 7.4
      vertex 105.598 92.4021 3
      vertex 105.95 92.6722 3
    endloop
  endfacet
  facet normal 0.130466 -0.991453 0
    outer loop
      vertex 106.36 92.8421 3
      vertex 106.8 92.9 7.4
      vertex 106.36 92.8421 7.4
    endloop
  endfacet
  facet normal 0.130466 -0.991453 0
    outer loop
      vertex 106.8 92.9 7.4
      vertex 106.36 92.8421 3
      vertex 106.8 92.9 3
    endloop
  endfacet
  facet normal -0.923742 0.383015 0
    outer loop
      vertex 108.272 90.35 3
      vertex 108.442 90.76 7.4
      vertex 108.442 90.76 3
    endloop
  endfacet
  facet normal -0.923742 0.383015 0
    outer loop
      vertex 108.442 90.76 7.4
      vertex 108.272 90.35 3
      vertex 108.272 90.35 7.4
    endloop
  endfacet
  facet normal 0.991424 0.130688 0
    outer loop
      vertex 105.158 90.76 7.4
      vertex 105.1 91.2 3
      vertex 105.1 91.2 7.4
    endloop
  endfacet
  facet normal 0.991424 0.130688 0
    outer loop
      vertex 105.1 91.2 3
      vertex 105.158 90.76 7.4
      vertex 105.158 90.76 3
    endloop
  endfacet
  facet normal -0.793545 -0.608512 0
    outer loop
      vertex 108.272 92.05 3
      vertex 108.002 92.4021 7.4
      vertex 108.002 92.4021 3
    endloop
  endfacet
  facet normal -0.793545 -0.608512 0
    outer loop
      vertex 108.002 92.4021 7.4
      vertex 108.272 92.05 3
      vertex 108.272 92.05 7.4
    endloop
  endfacet
  facet normal -0.923742 -0.383015 0
    outer loop
      vertex 108.442 91.64 3
      vertex 108.272 92.05 7.4
      vertex 108.272 92.05 3
    endloop
  endfacet
  facet normal -0.923742 -0.383015 0
    outer loop
      vertex 108.272 92.05 7.4
      vertex 108.442 91.64 3
      vertex 108.442 91.64 7.4
    endloop
  endfacet
  facet normal 0.793545 -0.608512 0
    outer loop
      vertex 105.328 92.05 7.4
      vertex 105.598 92.4021 3
      vertex 105.598 92.4021 7.4
    endloop
  endfacet
  facet normal 0.793545 -0.608512 0
    outer loop
      vertex 105.598 92.4021 3
      vertex 105.328 92.05 7.4
      vertex 105.328 92.05 3
    endloop
  endfacet
  facet normal 0.923742 -0.383015 0
    outer loop
      vertex 105.158 91.64 7.4
      vertex 105.328 92.05 3
      vertex 105.328 92.05 7.4
    endloop
  endfacet
  facet normal 0.923742 -0.383015 0
    outer loop
      vertex 105.328 92.05 3
      vertex 105.158 91.64 7.4
      vertex 105.158 91.64 3
    endloop
  endfacet
  facet normal 0.382823 -0.923822 0
    outer loop
      vertex 105.95 92.6722 3
      vertex 106.36 92.8421 7.4
      vertex 105.95 92.6722 7.4
    endloop
  endfacet
  facet normal 0.382823 -0.923822 0
    outer loop
      vertex 106.36 92.8421 7.4
      vertex 105.95 92.6722 3
      vertex 106.36 92.8421 3
    endloop
  endfacet
  facet normal -0.991424 0.130688 0
    outer loop
      vertex 108.442 90.76 3
      vertex 108.5 91.2 7.4
      vertex 108.5 91.2 3
    endloop
  endfacet
  facet normal -0.991424 0.130688 0
    outer loop
      vertex 108.5 91.2 7.4
      vertex 108.442 90.76 3
      vertex 108.442 90.76 7.4
    endloop
  endfacet
  facet normal -0.130466 0.991453 0
    outer loop
      vertex 107.24 89.5579 3
      vertex 106.8 89.5 7.4
      vertex 107.24 89.5579 7.4
    endloop
  endfacet
  facet normal -0.130466 0.991453 0
    outer loop
      vertex 106.8 89.5 7.4
      vertex 107.24 89.5579 3
      vertex 106.8 89.5 3
    endloop
  endfacet
  facet normal -0.608763 0.793352 0
    outer loop
      vertex 108.002 89.9979 3
      vertex 107.65 89.7278 7.4
      vertex 108.002 89.9979 7.4
    endloop
  endfacet
  facet normal -0.608763 0.793352 0
    outer loop
      vertex 107.65 89.7278 7.4
      vertex 108.002 89.9979 3
      vertex 107.65 89.7278 3
    endloop
  endfacet
  facet normal 0.608763 0.793352 -0
    outer loop
      vertex 105.95 89.7278 3
      vertex 105.598 89.9979 7.4
      vertex 105.95 89.7278 7.4
    endloop
  endfacet
  facet normal 0.608763 0.793352 0
    outer loop
      vertex 105.598 89.9979 7.4
      vertex 105.95 89.7278 3
      vertex 105.598 89.9979 3
    endloop
  endfacet
  facet normal 0.130466 0.991453 -0
    outer loop
      vertex 106.8 89.5 3
      vertex 106.36 89.5579 7.4
      vertex 106.8 89.5 7.4
    endloop
  endfacet
  facet normal 0.130466 0.991453 0
    outer loop
      vertex 106.36 89.5579 7.4
      vertex 106.8 89.5 3
      vertex 106.36 89.5579 3
    endloop
  endfacet
  facet normal 0.923742 0.383015 0
    outer loop
      vertex 105.328 90.35 7.4
      vertex 105.158 90.76 3
      vertex 105.158 90.76 7.4
    endloop
  endfacet
  facet normal 0.923742 0.383015 0
    outer loop
      vertex 105.158 90.76 3
      vertex 105.328 90.35 7.4
      vertex 105.328 90.35 3
    endloop
  endfacet
  facet normal -0.382823 0.923822 0
    outer loop
      vertex 107.65 89.7278 3
      vertex 107.24 89.5579 7.4
      vertex 107.65 89.7278 7.4
    endloop
  endfacet
  facet normal -0.382823 0.923822 0
    outer loop
      vertex 107.24 89.5579 7.4
      vertex 107.65 89.7278 3
      vertex 107.24 89.5579 3
    endloop
  endfacet
  facet normal -0.793545 0.608512 0
    outer loop
      vertex 108.002 89.9979 3
      vertex 108.272 90.35 7.4
      vertex 108.272 90.35 3
    endloop
  endfacet
  facet normal -0.793545 0.608512 0
    outer loop
      vertex 108.272 90.35 7.4
      vertex 108.002 89.9979 3
      vertex 108.002 89.9979 7.4
    endloop
  endfacet
  facet normal 0.382823 0.923822 -0
    outer loop
      vertex 106.36 89.5579 3
      vertex 105.95 89.7278 7.4
      vertex 106.36 89.5579 7.4
    endloop
  endfacet
  facet normal 0.382823 0.923822 0
    outer loop
      vertex 105.95 89.7278 7.4
      vertex 106.36 89.5579 3
      vertex 105.95 89.7278 3
    endloop
  endfacet
  facet normal 0.793545 0.608512 0
    outer loop
      vertex 105.598 89.9979 7.4
      vertex 105.328 90.35 3
      vertex 105.328 90.35 7.4
    endloop
  endfacet
  facet normal 0.793545 0.608512 0
    outer loop
      vertex 105.328 90.35 3
      vertex 105.598 89.9979 7.4
      vertex 105.598 89.9979 3
    endloop
  endfacet
  facet normal -0.865937 -0.500153 0
    outer loop
      vertex 110.149 91.2 3.8147e-07
      vertex 108.474 94.1 3
      vertex 108.474 94.1 3.8147e-07
    endloop
  endfacet
  facet normal -0.865937 -0.500153 0
    outer loop
      vertex 108.474 94.1 3
      vertex 110.149 91.2 3.8147e-07
      vertex 110.149 91.2 3
    endloop
  endfacet
  facet normal 0.865937 -0.500153 0
    outer loop
      vertex 103.451 91.2 3
      vertex 105.126 94.1 3.8147e-07
      vertex 105.126 94.1 3
    endloop
  endfacet
  facet normal 0.865937 -0.500153 0
    outer loop
      vertex 105.126 94.1 3.8147e-07
      vertex 103.451 91.2 3
      vertex 103.451 91.2 3.8147e-07
    endloop
  endfacet
  facet normal 0 -1 0
    outer loop
      vertex 105.126 94.1 3.8147e-07
      vertex 108.474 94.1 3
      vertex 105.126 94.1 3
    endloop
  endfacet
  facet normal 0 -1 -0
    outer loop
      vertex 108.474 94.1 3
      vertex 105.126 94.1 3.8147e-07
      vertex 108.474 94.1 3.8147e-07
    endloop
  endfacet
  facet normal 0 0 -1
    outer loop
      vertex 108.272 90.35 3
      vertex 110.149 91.2 3
      vertex 108.474 88.3 3
    endloop
  endfacet
  facet normal -0 0 -1
    outer loop
      vertex 110.149 91.2 3
      vertex 108.442 90.76 3
      vertex 108.5 91.2 3
    endloop
  endfacet
  facet normal 0 0 -1
    outer loop
      vertex 110.149 91.2 3
      vertex 108.272 90.35 3
      vertex 108.442 90.76 3
    endloop
  endfacet
  facet normal 0 0 -1
    outer loop
      vertex 108.474 88.3 3
      vertex 108.002 89.9979 3
      vertex 108.272 90.35 3
    endloop
  endfacet
  facet normal 0 0 -1
    outer loop
      vertex 108.474 88.3 3
      vertex 107.65 89.7278 3
      vertex 108.002 89.9979 3
    endloop
  endfacet
  facet normal 0 0 -1
    outer loop
      vertex 108.474 88.3 3
      vertex 107.24 89.5579 3
      vertex 107.65 89.7278 3
    endloop
  endfacet
  facet normal 0 0 -1
    outer loop
      vertex 108.474 88.3 3
      vertex 106.8 89.5 3
      vertex 107.24 89.5579 3
    endloop
  endfacet
  facet normal 0 0 -1
    outer loop
      vertex 105.126 88.3 3
      vertex 106.8 89.5 3
      vertex 108.474 88.3 3
    endloop
  endfacet
  facet normal -0 0 -1
    outer loop
      vertex 106.8 89.5 3
      vertex 105.126 88.3 3
      vertex 106.36 89.5579 3
    endloop
  endfacet
  facet normal -0 0 -1
    outer loop
      vertex 106.36 89.5579 3
      vertex 105.126 88.3 3
      vertex 105.95 89.7278 3
    endloop
  endfacet
  facet normal 0 0 -1
    outer loop
      vertex 105.126 88.3 3
      vertex 105.598 89.9979 3
      vertex 105.95 89.7278 3
    endloop
  endfacet
  facet normal 0 0 -1
    outer loop
      vertex 105.126 88.3 3
      vertex 105.328 90.35 3
      vertex 105.598 89.9979 3
    endloop
  endfacet
  facet normal 0 0 -1
    outer loop
      vertex 103.451 91.2 3
      vertex 105.328 90.35 3
      vertex 105.126 88.3 3
    endloop
  endfacet
  facet normal 0 0 -1
    outer loop
      vertex 105.328 90.35 3
      vertex 103.451 91.2 3
      vertex 105.158 90.76 3
    endloop
  endfacet
  facet normal 0 0 -1
    outer loop
      vertex 105.158 90.76 3
      vertex 103.451 91.2 3
      vertex 105.1 91.2 3
    endloop
  endfacet
  facet normal 0 0 -1
    outer loop
      vertex 108.442 91.64 3
      vertex 110.149 91.2 3
      vertex 108.5 91.2 3
    endloop
  endfacet
  facet normal 0 0 -1
    outer loop
      vertex 108.272 92.05 3
      vertex 110.149 91.2 3
      vertex 108.442 91.64 3
    endloop
  endfacet
  facet normal 0 0 -1
    outer loop
      vertex 110.149 91.2 3
      vertex 108.272 92.05 3
      vertex 108.474 94.1 3
    endloop
  endfacet
  facet normal 0 0 -1
    outer loop
      vertex 108.002 92.4021 3
      vertex 108.474 94.1 3
      vertex 108.272 92.05 3
    endloop
  endfacet
  facet normal 0 0 -1
    outer loop
      vertex 107.65 92.6722 3
      vertex 108.474 94.1 3
      vertex 108.002 92.4021 3
    endloop
  endfacet
  facet normal 0 0 -1
    outer loop
      vertex 107.24 92.8421 3
      vertex 108.474 94.1 3
      vertex 107.65 92.6722 3
    endloop
  endfacet
  facet normal 0 0 -1
    outer loop
      vertex 106.8 92.9 3
      vertex 108.474 94.1 3
      vertex 107.24 92.8421 3
    endloop
  endfacet
  facet normal 0 0 -1
    outer loop
      vertex 105.126 94.1 3
      vertex 106.8 92.9 3
      vertex 106.36 92.8421 3
    endloop
  endfacet
  facet normal 0 0 -1
    outer loop
      vertex 105.126 94.1 3
      vertex 106.36 92.8421 3
      vertex 105.95 92.6722 3
    endloop
  endfacet
  facet normal 0 0 -1
    outer loop
      vertex 106.8 92.9 3
      vertex 105.126 94.1 3
      vertex 108.474 94.1 3
    endloop
  endfacet
  facet normal 0 0 -1
    outer loop
      vertex 105.598 92.4021 3
      vertex 105.126 94.1 3
      vertex 105.95 92.6722 3
    endloop
  endfacet
  facet normal 0 0 -1
    outer loop
      vertex 105.328 92.05 3
      vertex 105.126 94.1 3
      vertex 105.598 92.4021 3
    endloop
  endfacet
  facet normal 0 0 -1
    outer loop
      vertex 103.451 91.2 3
      vertex 105.328 92.05 3
      vertex 105.158 91.64 3
    endloop
  endfacet
  facet normal 0 0 -1
    outer loop
      vertex 103.451 91.2 3
      vertex 105.158 91.64 3
      vertex 105.1 91.2 3
    endloop
  endfacet
  facet normal -0 0 -1
    outer loop
      vertex 105.328 92.05 3
      vertex 103.451 91.2 3
      vertex 105.126 94.1 3
    endloop
  endfacet
  facet normal -0.865937 0.500153 0
    outer loop
      vertex 108.474 88.3 3.8147e-07
      vertex 110.149 91.2 3
      vertex 110.149 91.2 3.8147e-07
    endloop
  endfacet
  facet normal -0.865937 0.500153 0
    outer loop
      vertex 110.149 91.2 3
      vertex 108.474 88.3 3.8147e-07
      vertex 108.474 88.3 3
    endloop
  endfacet
  facet normal 0 1 -0
    outer loop
      vertex 108.474 88.3 3.8147e-07
      vertex 105.126 88.3 3
      vertex 108.474 88.3 3
    endloop
  endfacet
  facet normal 0 1 0
    outer loop
      vertex 105.126 88.3 3
      vertex 108.474 88.3 3.8147e-07
      vertex 105.126 88.3 3.8147e-07
    endloop
  endfacet
  facet normal 0.865937 0.500153 0
    outer loop
      vertex 105.126 88.3 3
      vertex 103.451 91.2 3.8147e-07
      vertex 103.451 91.2 3
    endloop
  endfacet
  facet normal 0.865937 0.500153 0
    outer loop
      vertex 103.451 91.2 3.8147e-07
      vertex 105.126 88.3 3
      vertex 105.126 88.3 3.8147e-07
    endloop
  endfacet
  facet normal -0.991453 -0.130466 0
    outer loop
      vertex 20.2 120 3
      vertex 20.1421 120.44 7.4
      vertex 20.1421 120.44 3
    endloop
  endfacet
  facet normal -0.991453 -0.130466 0
    outer loop
      vertex 20.1421 120.44 7.4
      vertex 20.2 120 3
      vertex 20.2 120 7.4
    endloop
  endfacet
  facet normal 0.991453 -0.130466 0
    outer loop
      vertex 16.8 120 7.4
      vertex 16.8579 120.44 3
      vertex 16.8579 120.44 7.4
    endloop
  endfacet
  facet normal 0.991453 -0.130466 0
    outer loop
      vertex 16.8579 120.44 3
      vertex 16.8 120 7.4
      vertex 16.8 120 3
    endloop
  endfacet
  facet normal -0.130688 -0.991424 0
    outer loop
      vertex 18.5 121.7 3
      vertex 18.94 121.642 7.4
      vertex 18.5 121.7 7.4
    endloop
  endfacet
  facet normal -0.130688 -0.991424 -0
    outer loop
      vertex 18.94 121.642 7.4
      vertex 18.5 121.7 3
      vertex 18.94 121.642 3
    endloop
  endfacet
  facet normal -0.608512 -0.793545 0
    outer loop
      vertex 19.35 121.472 3
      vertex 19.7021 121.202 7.4
      vertex 19.35 121.472 7.4
    endloop
  endfacet
  facet normal -0.608512 -0.793545 -0
    outer loop
      vertex 19.7021 121.202 7.4
      vertex 19.35 121.472 3
      vertex 19.7021 121.202 3
    endloop
  endfacet
  facet normal -0.383015 -0.923742 0
    outer loop
      vertex 18.94 121.642 3
      vertex 19.35 121.472 7.4
      vertex 18.94 121.642 7.4
    endloop
  endfacet
  facet normal -0.383015 -0.923742 -0
    outer loop
      vertex 19.35 121.472 7.4
      vertex 18.94 121.642 3
      vertex 19.35 121.472 3
    endloop
  endfacet
  facet normal 0.608512 -0.793545 0
    outer loop
      vertex 17.2979 121.202 3
      vertex 17.65 121.472 7.4
      vertex 17.2979 121.202 7.4
    endloop
  endfacet
  facet normal 0.608512 -0.793545 0
    outer loop
      vertex 17.65 121.472 7.4
      vertex 17.2979 121.202 3
      vertex 17.65 121.472 3
    endloop
  endfacet
  facet normal 0.130688 -0.991424 0
    outer loop
      vertex 18.06 121.642 3
      vertex 18.5 121.7 7.4
      vertex 18.06 121.642 7.4
    endloop
  endfacet
  facet normal 0.130688 -0.991424 0
    outer loop
      vertex 18.5 121.7 7.4
      vertex 18.06 121.642 3
      vertex 18.5 121.7 3
    endloop
  endfacet
  facet normal -0.923822 0.382823 0
    outer loop
      vertex 19.9722 119.15 3
      vertex 20.1421 119.56 7.4
      vertex 20.1421 119.56 3
    endloop
  endfacet
  facet normal -0.923822 0.382823 0
    outer loop
      vertex 20.1421 119.56 7.4
      vertex 19.9722 119.15 3
      vertex 19.9722 119.15 7.4
    endloop
  endfacet
  facet normal 0.991453 0.130466 0
    outer loop
      vertex 16.8579 119.56 7.4
      vertex 16.8 120 3
      vertex 16.8 120 7.4
    endloop
  endfacet
  facet normal 0.991453 0.130466 0
    outer loop
      vertex 16.8 120 3
      vertex 16.8579 119.56 7.4
      vertex 16.8579 119.56 3
    endloop
  endfacet
  facet normal -0.793352 -0.608763 0
    outer loop
      vertex 19.9722 120.85 3
      vertex 19.7021 121.202 7.4
      vertex 19.7021 121.202 3
    endloop
  endfacet
  facet normal -0.793352 -0.608763 0
    outer loop
      vertex 19.7021 121.202 7.4
      vertex 19.9722 120.85 3
      vertex 19.9722 120.85 7.4
    endloop
  endfacet
  facet normal -0.923822 -0.382823 0
    outer loop
      vertex 20.1421 120.44 3
      vertex 19.9722 120.85 7.4
      vertex 19.9722 120.85 3
    endloop
  endfacet
  facet normal -0.923822 -0.382823 0
    outer loop
      vertex 19.9722 120.85 7.4
      vertex 20.1421 120.44 3
      vertex 20.1421 120.44 7.4
    endloop
  endfacet
  facet normal 0.793352 -0.608763 0
    outer loop
      vertex 17.0278 120.85 7.4
      vertex 17.2979 121.202 3
      vertex 17.2979 121.202 7.4
    endloop
  endfacet
  facet normal 0.793352 -0.608763 0
    outer loop
      vertex 17.2979 121.202 3
      vertex 17.0278 120.85 7.4
      vertex 17.0278 120.85 3
    endloop
  endfacet
  facet normal 0.923822 -0.382823 0
    outer loop
      vertex 16.8579 120.44 7.4
      vertex 17.0278 120.85 3
      vertex 17.0278 120.85 7.4
    endloop
  endfacet
  facet normal 0.923822 -0.382823 0
    outer loop
      vertex 17.0278 120.85 3
      vertex 16.8579 120.44 7.4
      vertex 16.8579 120.44 3
    endloop
  endfacet
  facet normal 0.383015 -0.923742 0
    outer loop
      vertex 17.65 121.472 3
      vertex 18.06 121.642 7.4
      vertex 17.65 121.472 7.4
    endloop
  endfacet
  facet normal 0.383015 -0.923742 0
    outer loop
      vertex 18.06 121.642 7.4
      vertex 17.65 121.472 3
      vertex 18.06 121.642 3
    endloop
  endfacet
  facet normal -0.991453 0.130466 0
    outer loop
      vertex 20.1421 119.56 3
      vertex 20.2 120 7.4
      vertex 20.2 120 3
    endloop
  endfacet
  facet normal -0.991453 0.130466 0
    outer loop
      vertex 20.2 120 7.4
      vertex 20.1421 119.56 3
      vertex 20.1421 119.56 7.4
    endloop
  endfacet
  facet normal -0.130688 0.991424 0
    outer loop
      vertex 18.94 118.358 3
      vertex 18.5 118.3 7.4
      vertex 18.94 118.358 7.4
    endloop
  endfacet
  facet normal -0.130688 0.991424 0
    outer loop
      vertex 18.5 118.3 7.4
      vertex 18.94 118.358 3
      vertex 18.5 118.3 3
    endloop
  endfacet
  facet normal -0.608512 0.793545 0
    outer loop
      vertex 19.7021 118.798 3
      vertex 19.35 118.528 7.4
      vertex 19.7021 118.798 7.4
    endloop
  endfacet
  facet normal -0.608512 0.793545 0
    outer loop
      vertex 19.35 118.528 7.4
      vertex 19.7021 118.798 3
      vertex 19.35 118.528 3
    endloop
  endfacet
  facet normal 0.608512 0.793545 -0
    outer loop
      vertex 17.65 118.528 3
      vertex 17.2979 118.798 7.4
      vertex 17.65 118.528 7.4
    endloop
  endfacet
  facet normal 0.608512 0.793545 0
    outer loop
      vertex 17.2979 118.798 7.4
      vertex 17.65 118.528 3
      vertex 17.2979 118.798 3
    endloop
  endfacet
  facet normal 0.130688 0.991424 -0
    outer loop
      vertex 18.5 118.3 3
      vertex 18.06 118.358 7.4
      vertex 18.5 118.3 7.4
    endloop
  endfacet
  facet normal 0.130688 0.991424 0
    outer loop
      vertex 18.06 118.358 7.4
      vertex 18.5 118.3 3
      vertex 18.06 118.358 3
    endloop
  endfacet
  facet normal 0.923822 0.382823 0
    outer loop
      vertex 17.0278 119.15 7.4
      vertex 16.8579 119.56 3
      vertex 16.8579 119.56 7.4
    endloop
  endfacet
  facet normal 0.923822 0.382823 0
    outer loop
      vertex 16.8579 119.56 3
      vertex 17.0278 119.15 7.4
      vertex 17.0278 119.15 3
    endloop
  endfacet
  facet normal -0.383015 0.923742 0
    outer loop
      vertex 19.35 118.528 3
      vertex 18.94 118.358 7.4
      vertex 19.35 118.528 7.4
    endloop
  endfacet
  facet normal -0.383015 0.923742 0
    outer loop
      vertex 18.94 118.358 7.4
      vertex 19.35 118.528 3
      vertex 18.94 118.358 3
    endloop
  endfacet
  facet normal -0.793352 0.608763 0
    outer loop
      vertex 19.7021 118.798 3
      vertex 19.9722 119.15 7.4
      vertex 19.9722 119.15 3
    endloop
  endfacet
  facet normal -0.793352 0.608763 0
    outer loop
      vertex 19.9722 119.15 7.4
      vertex 19.7021 118.798 3
      vertex 19.7021 118.798 7.4
    endloop
  endfacet
  facet normal 0.383015 0.923742 -0
    outer loop
      vertex 18.06 118.358 3
      vertex 17.65 118.528 7.4
      vertex 18.06 118.358 7.4
    endloop
  endfacet
  facet normal 0.383015 0.923742 0
    outer loop
      vertex 17.65 118.528 7.4
      vertex 18.06 118.358 3
      vertex 17.65 118.528 3
    endloop
  endfacet
  facet normal 0.793352 0.608763 0
    outer loop
      vertex 17.2979 118.798 7.4
      vertex 17.0278 119.15 3
      vertex 17.0278 119.15 7.4
    endloop
  endfacet
  facet normal 0.793352 0.608763 0
    outer loop
      vertex 17.0278 119.15 3
      vertex 17.2979 118.798 7.4
      vertex 17.2979 118.798 3
    endloop
  endfacet
  facet normal -0.866027 -0.499996 0
    outer loop
      vertex 21.8486 120 3.8147e-07
      vertex 20.1743 122.9 3
      vertex 20.1743 122.9 3.8147e-07
    endloop
  endfacet
  facet normal -0.866027 -0.499996 0
    outer loop
      vertex 20.1743 122.9 3
      vertex 21.8486 120 3.8147e-07
      vertex 21.8486 120 3
    endloop
  endfacet
  facet normal 0.866027 -0.499996 0
    outer loop
      vertex 15.1514 120 3
      vertex 16.8257 122.9 3.8147e-07
      vertex 16.8257 122.9 3
    endloop
  endfacet
  facet normal 0.866027 -0.499996 0
    outer loop
      vertex 16.8257 122.9 3.8147e-07
      vertex 15.1514 120 3
      vertex 15.1514 120 3.8147e-07
    endloop
  endfacet
  facet normal 0 -1 0
    outer loop
      vertex 16.8257 122.9 3.8147e-07
      vertex 20.1743 122.9 3
      vertex 16.8257 122.9 3
    endloop
  endfacet
  facet normal 0 -1 -0
    outer loop
      vertex 20.1743 122.9 3
      vertex 16.8257 122.9 3.8147e-07
      vertex 20.1743 122.9 3.8147e-07
    endloop
  endfacet
  facet normal 0 0 -1
    outer loop
      vertex 19.9722 119.15 3
      vertex 21.8486 120 3
      vertex 20.1743 117.1 3
    endloop
  endfacet
  facet normal -0 0 -1
    outer loop
      vertex 21.8486 120 3
      vertex 20.1421 119.56 3
      vertex 20.2 120 3
    endloop
  endfacet
  facet normal 0 0 -1
    outer loop
      vertex 21.8486 120 3
      vertex 19.9722 119.15 3
      vertex 20.1421 119.56 3
    endloop
  endfacet
  facet normal 0 0 -1
    outer loop
      vertex 20.1743 117.1 3
      vertex 19.7021 118.798 3
      vertex 19.9722 119.15 3
    endloop
  endfacet
  facet normal 0 0 -1
    outer loop
      vertex 20.1743 117.1 3
      vertex 19.35 118.528 3
      vertex 19.7021 118.798 3
    endloop
  endfacet
  facet normal 0 0 -1
    outer loop
      vertex 20.1743 117.1 3
      vertex 18.94 118.358 3
      vertex 19.35 118.528 3
    endloop
  endfacet
  facet normal 0 0 -1
    outer loop
      vertex 20.1743 117.1 3
      vertex 18.5 118.3 3
      vertex 18.94 118.358 3
    endloop
  endfacet
  facet normal 0 0 -1
    outer loop
      vertex 16.8257 117.1 3
      vertex 18.5 118.3 3
      vertex 20.1743 117.1 3
    endloop
  endfacet
  facet normal -0 0 -1
    outer loop
      vertex 18.5 118.3 3
      vertex 16.8257 117.1 3
      vertex 18.06 118.358 3
    endloop
  endfacet
  facet normal -0 0 -1
    outer loop
      vertex 18.06 118.358 3
      vertex 16.8257 117.1 3
      vertex 17.65 118.528 3
    endloop
  endfacet
  facet normal 0 0 -1
    outer loop
      vertex 16.8257 117.1 3
      vertex 17.2979 118.798 3
      vertex 17.65 118.528 3
    endloop
  endfacet
  facet normal 0 0 -1
    outer loop
      vertex 16.8257 117.1 3
      vertex 17.0278 119.15 3
      vertex 17.2979 118.798 3
    endloop
  endfacet
  facet normal 0 0 -1
    outer loop
      vertex 15.1514 120 3
      vertex 17.0278 119.15 3
      vertex 16.8257 117.1 3
    endloop
  endfacet
  facet normal 0 0 -1
    outer loop
      vertex 17.0278 119.15 3
      vertex 15.1514 120 3
      vertex 16.8579 119.56 3
    endloop
  endfacet
  facet normal 0 0 -1
    outer loop
      vertex 16.8579 119.56 3
      vertex 15.1514 120 3
      vertex 16.8 120 3
    endloop
  endfacet
  facet normal 0 0 -1
    outer loop
      vertex 20.1421 120.44 3
      vertex 21.8486 120 3
      vertex 20.2 120 3
    endloop
  endfacet
  facet normal 0 0 -1
    outer loop
      vertex 19.9722 120.85 3
      vertex 21.8486 120 3
      vertex 20.1421 120.44 3
    endloop
  endfacet
  facet normal 0 0 -1
    outer loop
      vertex 21.8486 120 3
      vertex 19.9722 120.85 3
      vertex 20.1743 122.9 3
    endloop
  endfacet
  facet normal 0 0 -1
    outer loop
      vertex 19.7021 121.202 3
      vertex 20.1743 122.9 3
      vertex 19.9722 120.85 3
    endloop
  endfacet
  facet normal 0 0 -1
    outer loop
      vertex 19.35 121.472 3
      vertex 20.1743 122.9 3
      vertex 19.7021 121.202 3
    endloop
  endfacet
  facet normal 0 0 -1
    outer loop
      vertex 18.94 121.642 3
      vertex 20.1743 122.9 3
      vertex 19.35 121.472 3
    endloop
  endfacet
  facet normal 0 0 -1
    outer loop
      vertex 18.5 121.7 3
      vertex 20.1743 122.9 3
      vertex 18.94 121.642 3
    endloop
  endfacet
  facet normal 0 0 -1
    outer loop
      vertex 16.8257 122.9 3
      vertex 18.5 121.7 3
      vertex 18.06 121.642 3
    endloop
  endfacet
  facet normal 0 0 -1
    outer loop
      vertex 16.8257 122.9 3
      vertex 18.06 121.642 3
      vertex 17.65 121.472 3
    endloop
  endfacet
  facet normal 0 0 -1
    outer loop
      vertex 18.5 121.7 3
      vertex 16.8257 122.9 3
      vertex 20.1743 122.9 3
    endloop
  endfacet
  facet normal 0 0 -1
    outer loop
      vertex 17.2979 121.202 3
      vertex 16.8257 122.9 3
      vertex 17.65 121.472 3
    endloop
  endfacet
  facet normal 0 0 -1
    outer loop
      vertex 17.0278 120.85 3
      vertex 16.8257 122.9 3
      vertex 17.2979 121.202 3
    endloop
  endfacet
  facet normal 0 0 -1
    outer loop
      vertex 15.1514 120 3
      vertex 17.0278 120.85 3
      vertex 16.8579 120.44 3
    endloop
  endfacet
  facet normal 0 0 -1
    outer loop
      vertex 15.1514 120 3
      vertex 16.8579 120.44 3
      vertex 16.8 120 3
    endloop
  endfacet
  facet normal -0 0 -1
    outer loop
      vertex 17.0278 120.85 3
      vertex 15.1514 120 3
      vertex 16.8257 122.9 3
    endloop
  endfacet
  facet normal -0.866027 0.499996 0
    outer loop
      vertex 20.1743 117.1 3.8147e-07
      vertex 21.8486 120 3
      vertex 21.8486 120 3.8147e-07
    endloop
  endfacet
  facet normal -0.866027 0.499996 0
    outer loop
      vertex 21.8486 120 3
      vertex 20.1743 117.1 3.8147e-07
      vertex 20.1743 117.1 3
    endloop
  endfacet
  facet normal 0 1 -0
    outer loop
      vertex 20.1743 117.1 3.8147e-07
      vertex 16.8257 117.1 3
      vertex 20.1743 117.1 3
    endloop
  endfacet
  facet normal 0 1 0
    outer loop
      vertex 16.8257 117.1 3
      vertex 20.1743 117.1 3.8147e-07
      vertex 16.8257 117.1 3.8147e-07
    endloop
  endfacet
  facet normal 0.866027 0.499996 0
    outer loop
      vertex 16.8257 117.1 3
      vertex 15.1514 120 3.8147e-07
      vertex 15.1514 120 3
    endloop
  endfacet
  facet normal 0.866027 0.499996 0
    outer loop
      vertex 15.1514 120 3.8147e-07
      vertex 16.8257 117.1 3
      vertex 16.8257 117.1 3.8147e-07
    endloop
  endfacet
  facet normal -0.991424 -0.130688 0
    outer loop
      vertex 108.5 128.7 3
      vertex 108.442 129.14 7.4
      vertex 108.442 129.14 3
    endloop
  endfacet
  facet normal -0.991424 -0.130688 0
    outer loop
      vertex 108.442 129.14 7.4
      vertex 108.5 128.7 3
      vertex 108.5 128.7 7.4
    endloop
  endfacet
  facet normal 0.991424 -0.130688 0
    outer loop
      vertex 105.1 128.7 7.4
      vertex 105.158 129.14 3
      vertex 105.158 129.14 7.4
    endloop
  endfacet
  facet normal 0.991424 -0.130688 0
    outer loop
      vertex 105.158 129.14 3
      vertex 105.1 128.7 7.4
      vertex 105.1 128.7 3
    endloop
  endfacet
  facet normal -0.130688 -0.991424 0
    outer loop
      vertex 106.8 130.4 3
      vertex 107.24 130.342 7.4
      vertex 106.8 130.4 7.4
    endloop
  endfacet
  facet normal -0.130688 -0.991424 -0
    outer loop
      vertex 107.24 130.342 7.4
      vertex 106.8 130.4 3
      vertex 107.24 130.342 3
    endloop
  endfacet
  facet normal -0.608621 -0.793461 0
    outer loop
      vertex 107.65 130.172 3
      vertex 108.002 129.902 7.4
      vertex 107.65 130.172 7.4
    endloop
  endfacet
  facet normal -0.608621 -0.793461 -0
    outer loop
      vertex 108.002 129.902 7.4
      vertex 107.65 130.172 3
      vertex 108.002 129.902 3
    endloop
  endfacet
  facet normal -0.383015 -0.923742 0
    outer loop
      vertex 107.24 130.342 3
      vertex 107.65 130.172 7.4
      vertex 107.24 130.342 7.4
    endloop
  endfacet
  facet normal -0.383015 -0.923742 -0
    outer loop
      vertex 107.65 130.172 7.4
      vertex 107.24 130.342 3
      vertex 107.65 130.172 3
    endloop
  endfacet
  facet normal 0.608621 -0.793461 0
    outer loop
      vertex 105.598 129.902 3
      vertex 105.95 130.172 7.4
      vertex 105.598 129.902 7.4
    endloop
  endfacet
  facet normal 0.608621 -0.793461 0
    outer loop
      vertex 105.95 130.172 7.4
      vertex 105.598 129.902 3
      vertex 105.95 130.172 3
    endloop
  endfacet
  facet normal 0.130688 -0.991424 0
    outer loop
      vertex 106.36 130.342 3
      vertex 106.8 130.4 7.4
      vertex 106.36 130.342 7.4
    endloop
  endfacet
  facet normal 0.130688 -0.991424 0
    outer loop
      vertex 106.8 130.4 7.4
      vertex 106.36 130.342 3
      vertex 106.8 130.4 3
    endloop
  endfacet
  facet normal -0.793461 0.608621 0
    outer loop
      vertex 108.002 127.498 3
      vertex 108.272 127.85 7.4
      vertex 108.272 127.85 3
    endloop
  endfacet
  facet normal -0.793461 0.608621 0
    outer loop
      vertex 108.272 127.85 7.4
      vertex 108.002 127.498 3
      vertex 108.002 127.498 7.4
    endloop
  endfacet
  facet normal -0.923742 0.383015 0
    outer loop
      vertex 108.272 127.85 3
      vertex 108.442 128.26 7.4
      vertex 108.442 128.26 3
    endloop
  endfacet
  facet normal -0.923742 0.383015 0
    outer loop
      vertex 108.442 128.26 7.4
      vertex 108.272 127.85 3
      vertex 108.272 127.85 7.4
    endloop
  endfacet
  facet normal 0.991424 0.130688 0
    outer loop
      vertex 105.158 128.26 7.4
      vertex 105.1 128.7 3
      vertex 105.1 128.7 7.4
    endloop
  endfacet
  facet normal 0.991424 0.130688 0
    outer loop
      vertex 105.1 128.7 3
      vertex 105.158 128.26 7.4
      vertex 105.158 128.26 3
    endloop
  endfacet
  facet normal -0.793461 -0.608621 0
    outer loop
      vertex 108.272 129.55 3
      vertex 108.002 129.902 7.4
      vertex 108.002 129.902 3
    endloop
  endfacet
  facet normal -0.793461 -0.608621 0
    outer loop
      vertex 108.002 129.902 7.4
      vertex 108.272 129.55 3
      vertex 108.272 129.55 7.4
    endloop
  endfacet
  facet normal -0.923742 -0.383015 0
    outer loop
      vertex 108.442 129.14 3
      vertex 108.272 129.55 7.4
      vertex 108.272 129.55 3
    endloop
  endfacet
  facet normal -0.923742 -0.383015 0
    outer loop
      vertex 108.272 129.55 7.4
      vertex 108.442 129.14 3
      vertex 108.442 129.14 7.4
    endloop
  endfacet
  facet normal 0.793461 -0.608621 0
    outer loop
      vertex 105.328 129.55 7.4
      vertex 105.598 129.902 3
      vertex 105.598 129.902 7.4
    endloop
  endfacet
  facet normal 0.793461 -0.608621 0
    outer loop
      vertex 105.598 129.902 3
      vertex 105.328 129.55 7.4
      vertex 105.328 129.55 3
    endloop
  endfacet
  facet normal 0.923742 -0.383015 0
    outer loop
      vertex 105.158 129.14 7.4
      vertex 105.328 129.55 3
      vertex 105.328 129.55 7.4
    endloop
  endfacet
  facet normal 0.923742 -0.383015 0
    outer loop
      vertex 105.328 129.55 3
      vertex 105.158 129.14 7.4
      vertex 105.158 129.14 3
    endloop
  endfacet
  facet normal 0.383015 -0.923742 0
    outer loop
      vertex 105.95 130.172 3
      vertex 106.36 130.342 7.4
      vertex 105.95 130.172 7.4
    endloop
  endfacet
  facet normal 0.383015 -0.923742 0
    outer loop
      vertex 106.36 130.342 7.4
      vertex 105.95 130.172 3
      vertex 106.36 130.342 3
    endloop
  endfacet
  facet normal -0.130688 0.991424 0
    outer loop
      vertex 107.24 127.058 3
      vertex 106.8 127 7.4
      vertex 107.24 127.058 7.4
    endloop
  endfacet
  facet normal -0.130688 0.991424 0
    outer loop
      vertex 106.8 127 7.4
      vertex 107.24 127.058 3
      vertex 106.8 127 3
    endloop
  endfacet
  facet normal -0.608621 0.793461 0
    outer loop
      vertex 108.002 127.498 3
      vertex 107.65 127.228 7.4
      vertex 108.002 127.498 7.4
    endloop
  endfacet
  facet normal -0.608621 0.793461 0
    outer loop
      vertex 107.65 127.228 7.4
      vertex 108.002 127.498 3
      vertex 107.65 127.228 3
    endloop
  endfacet
  facet normal -0.991424 0.130688 0
    outer loop
      vertex 108.442 128.26 3
      vertex 108.5 128.7 7.4
      vertex 108.5 128.7 3
    endloop
  endfacet
  facet normal -0.991424 0.130688 0
    outer loop
      vertex 108.5 128.7 7.4
      vertex 108.442 128.26 3
      vertex 108.442 128.26 7.4
    endloop
  endfacet
  facet normal 0.608621 0.793461 -0
    outer loop
      vertex 105.95 127.228 3
      vertex 105.598 127.498 7.4
      vertex 105.95 127.228 7.4
    endloop
  endfacet
  facet normal 0.608621 0.793461 0
    outer loop
      vertex 105.598 127.498 7.4
      vertex 105.95 127.228 3
      vertex 105.598 127.498 3
    endloop
  endfacet
  facet normal 0.130688 0.991424 -0
    outer loop
      vertex 106.8 127 3
      vertex 106.36 127.058 7.4
      vertex 106.8 127 7.4
    endloop
  endfacet
  facet normal 0.130688 0.991424 0
    outer loop
      vertex 106.36 127.058 7.4
      vertex 106.8 127 3
      vertex 106.36 127.058 3
    endloop
  endfacet
  facet normal 0.923742 0.383015 0
    outer loop
      vertex 105.328 127.85 7.4
      vertex 105.158 128.26 3
      vertex 105.158 128.26 7.4
    endloop
  endfacet
  facet normal 0.923742 0.383015 0
    outer loop
      vertex 105.158 128.26 3
      vertex 105.328 127.85 7.4
      vertex 105.328 127.85 3
    endloop
  endfacet
  facet normal -0.383015 0.923742 0
    outer loop
      vertex 107.65 127.228 3
      vertex 107.24 127.058 7.4
      vertex 107.65 127.228 7.4
    endloop
  endfacet
  facet normal -0.383015 0.923742 0
    outer loop
      vertex 107.24 127.058 7.4
      vertex 107.65 127.228 3
      vertex 107.24 127.058 3
    endloop
  endfacet
  facet normal 0.383015 0.923742 -0
    outer loop
      vertex 106.36 127.058 3
      vertex 105.95 127.228 7.4
      vertex 106.36 127.058 7.4
    endloop
  endfacet
  facet normal 0.383015 0.923742 0
    outer loop
      vertex 105.95 127.228 7.4
      vertex 106.36 127.058 3
      vertex 105.95 127.228 3
    endloop
  endfacet
  facet normal 0.793461 0.608621 0
    outer loop
      vertex 105.598 127.498 7.4
      vertex 105.328 127.85 3
      vertex 105.328 127.85 7.4
    endloop
  endfacet
  facet normal 0.793461 0.608621 0
    outer loop
      vertex 105.328 127.85 3
      vertex 105.598 127.498 7.4
      vertex 105.598 127.498 3
    endloop
  endfacet
  facet normal -0.865937 -0.500153 0
    outer loop
      vertex 110.149 128.7 3.8147e-07
      vertex 108.474 131.6 3
      vertex 108.474 131.6 3.8147e-07
    endloop
  endfacet
  facet normal -0.865937 -0.500153 0
    outer loop
      vertex 108.474 131.6 3
      vertex 110.149 128.7 3.8147e-07
      vertex 110.149 128.7 3
    endloop
  endfacet
  facet normal 0.865937 -0.500153 0
    outer loop
      vertex 103.451 128.7 3
      vertex 105.126 131.6 3.8147e-07
      vertex 105.126 131.6 3
    endloop
  endfacet
  facet normal 0.865937 -0.500153 0
    outer loop
      vertex 105.126 131.6 3.8147e-07
      vertex 103.451 128.7 3
      vertex 103.451 128.7 3.8147e-07
    endloop
  endfacet
  facet normal 0 -1 0
    outer loop
      vertex 105.126 131.6 3.8147e-07
      vertex 108.474 131.6 3
      vertex 105.126 131.6 3
    endloop
  endfacet
  facet normal 0 -1 -0
    outer loop
      vertex 108.474 131.6 3
      vertex 105.126 131.6 3.8147e-07
      vertex 108.474 131.6 3.8147e-07
    endloop
  endfacet
  facet normal 0 0 -1
    outer loop
      vertex 108.272 127.85 3
      vertex 110.149 128.7 3
      vertex 108.474 125.8 3
    endloop
  endfacet
  facet normal -0 0 -1
    outer loop
      vertex 110.149 128.7 3
      vertex 108.442 128.26 3
      vertex 108.5 128.7 3
    endloop
  endfacet
  facet normal 0 0 -1
    outer loop
      vertex 110.149 128.7 3
      vertex 108.272 127.85 3
      vertex 108.442 128.26 3
    endloop
  endfacet
  facet normal 0 0 -1
    outer loop
      vertex 108.474 125.8 3
      vertex 108.002 127.498 3
      vertex 108.272 127.85 3
    endloop
  endfacet
  facet normal 0 0 -1
    outer loop
      vertex 108.474 125.8 3
      vertex 107.65 127.228 3
      vertex 108.002 127.498 3
    endloop
  endfacet
  facet normal 0 0 -1
    outer loop
      vertex 108.474 125.8 3
      vertex 107.24 127.058 3
      vertex 107.65 127.228 3
    endloop
  endfacet
  facet normal 0 0 -1
    outer loop
      vertex 108.474 125.8 3
      vertex 106.8 127 3
      vertex 107.24 127.058 3
    endloop
  endfacet
  facet normal 0 0 -1
    outer loop
      vertex 105.126 125.8 3
      vertex 106.8 127 3
      vertex 108.474 125.8 3
    endloop
  endfacet
  facet normal -0 0 -1
    outer loop
      vertex 106.8 127 3
      vertex 105.126 125.8 3
      vertex 106.36 127.058 3
    endloop
  endfacet
  facet normal -0 0 -1
    outer loop
      vertex 106.36 127.058 3
      vertex 105.126 125.8 3
      vertex 105.95 127.228 3
    endloop
  endfacet
  facet normal 0 0 -1
    outer loop
      vertex 105.126 125.8 3
      vertex 105.598 127.498 3
      vertex 105.95 127.228 3
    endloop
  endfacet
  facet normal 0 0 -1
    outer loop
      vertex 105.126 125.8 3
      vertex 105.328 127.85 3
      vertex 105.598 127.498 3
    endloop
  endfacet
  facet normal 0 0 -1
    outer loop
      vertex 103.451 128.7 3
      vertex 105.328 127.85 3
      vertex 105.126 125.8 3
    endloop
  endfacet
  facet normal 0 0 -1
    outer loop
      vertex 105.328 127.85 3
      vertex 103.451 128.7 3
      vertex 105.158 128.26 3
    endloop
  endfacet
  facet normal 0 0 -1
    outer loop
      vertex 105.158 128.26 3
      vertex 103.451 128.7 3
      vertex 105.1 128.7 3
    endloop
  endfacet
  facet normal 0 0 -1
    outer loop
      vertex 108.442 129.14 3
      vertex 110.149 128.7 3
      vertex 108.5 128.7 3
    endloop
  endfacet
  facet normal 0 0 -1
    outer loop
      vertex 108.272 129.55 3
      vertex 110.149 128.7 3
      vertex 108.442 129.14 3
    endloop
  endfacet
  facet normal 0 0 -1
    outer loop
      vertex 110.149 128.7 3
      vertex 108.272 129.55 3
      vertex 108.474 131.6 3
    endloop
  endfacet
  facet normal 0 0 -1
    outer loop
      vertex 108.002 129.902 3
      vertex 108.474 131.6 3
      vertex 108.272 129.55 3
    endloop
  endfacet
  facet normal 0 0 -1
    outer loop
      vertex 107.65 130.172 3
      vertex 108.474 131.6 3
      vertex 108.002 129.902 3
    endloop
  endfacet
  facet normal 0 0 -1
    outer loop
      vertex 107.24 130.342 3
      vertex 108.474 131.6 3
      vertex 107.65 130.172 3
    endloop
  endfacet
  facet normal 0 0 -1
    outer loop
      vertex 106.8 130.4 3
      vertex 108.474 131.6 3
      vertex 107.24 130.342 3
    endloop
  endfacet
  facet normal 0 0 -1
    outer loop
      vertex 105.126 131.6 3
      vertex 106.8 130.4 3
      vertex 106.36 130.342 3
    endloop
  endfacet
  facet normal 0 0 -1
    outer loop
      vertex 105.126 131.6 3
      vertex 106.36 130.342 3
      vertex 105.95 130.172 3
    endloop
  endfacet
  facet normal 0 0 -1
    outer loop
      vertex 106.8 130.4 3
      vertex 105.126 131.6 3
      vertex 108.474 131.6 3
    endloop
  endfacet
  facet normal 0 0 -1
    outer loop
      vertex 105.598 129.902 3
      vertex 105.126 131.6 3
      vertex 105.95 130.172 3
    endloop
  endfacet
  facet normal 0 0 -1
    outer loop
      vertex 105.328 129.55 3
      vertex 105.126 131.6 3
      vertex 105.598 129.902 3
    endloop
  endfacet
  facet normal 0 0 -1
    outer loop
      vertex 103.451 128.7 3
      vertex 105.328 129.55 3
      vertex 105.158 129.14 3
    endloop
  endfacet
  facet normal 0 0 -1
    outer loop
      vertex 103.451 128.7 3
      vertex 105.158 129.14 3
      vertex 105.1 128.7 3
    endloop
  endfacet
  facet normal -0 0 -1
    outer loop
      vertex 105.328 129.55 3
      vertex 103.451 128.7 3
      vertex 105.126 131.6 3
    endloop
  endfacet
  facet normal 0.865937 0.500153 0
    outer loop
      vertex 105.126 125.8 3
      vertex 103.451 128.7 3.8147e-07
      vertex 103.451 128.7 3
    endloop
  endfacet
  facet normal 0.865937 0.500153 0
    outer loop
      vertex 103.451 128.7 3.8147e-07
      vertex 105.126 125.8 3
      vertex 105.126 125.8 3.8147e-07
    endloop
  endfacet
  facet normal -0.865937 0.500153 0
    outer loop
      vertex 108.474 125.8 3.8147e-07
      vertex 110.149 128.7 3
      vertex 110.149 128.7 3.8147e-07
    endloop
  endfacet
  facet normal -0.865937 0.500153 0
    outer loop
      vertex 110.149 128.7 3
      vertex 108.474 125.8 3.8147e-07
      vertex 108.474 125.8 3
    endloop
  endfacet
  facet normal 0 1 -0
    outer loop
      vertex 108.474 125.8 3.8147e-07
      vertex 105.126 125.8 3
      vertex 108.474 125.8 3
    endloop
  endfacet
  facet normal 0 1 0
    outer loop
      vertex 105.126 125.8 3
      vertex 108.474 125.8 3.8147e-07
      vertex 105.126 125.8 3.8147e-07
    endloop
  endfacet
  facet normal -0.991444 -0.130536 0
    outer loop
      vertex 8.2 6.5 3
      vertex 8.14207 6.93999 9
      vertex 8.14207 6.93999 3
    endloop
  endfacet
  facet normal -0.991444 -0.130536 0
    outer loop
      vertex 8.14207 6.93999 9
      vertex 8.2 6.5 3
      vertex 8.2 6.5 9
    endloop
  endfacet
  facet normal 0.991444 -0.130536 0
    outer loop
      vertex 4.8 6.5 9
      vertex 4.85793 6.93999 3
      vertex 4.85793 6.93999 9
    endloop
  endfacet
  facet normal 0.991444 -0.130536 0
    outer loop
      vertex 4.85793 6.93999 3
      vertex 4.8 6.5 9
      vertex 4.8 6.5 3
    endloop
  endfacet
  facet normal -0.130536 -0.991444 0
    outer loop
      vertex 6.5 8.2 3
      vertex 6.93999 8.14207 9
      vertex 6.5 8.2 9
    endloop
  endfacet
  facet normal -0.130536 -0.991444 -0
    outer loop
      vertex 6.93999 8.14207 9
      vertex 6.5 8.2 3
      vertex 6.93999 8.14207 3
    endloop
  endfacet
  facet normal 0.793354 0.608761 0
    outer loop
      vertex 5.29792 5.29792 9
      vertex 5.02776 5.65 3
      vertex 5.02776 5.65 9
    endloop
  endfacet
  facet normal 0.793354 0.608761 0
    outer loop
      vertex 5.02776 5.65 3
      vertex 5.29792 5.29792 9
      vertex 5.29792 5.29792 3
    endloop
  endfacet
  facet normal -0.608761 -0.793354 0
    outer loop
      vertex 7.35 7.97224 3
      vertex 7.70208 7.70208 9
      vertex 7.35 7.97224 9
    endloop
  endfacet
  facet normal -0.608761 -0.793354 -0
    outer loop
      vertex 7.70208 7.70208 9
      vertex 7.35 7.97224 3
      vertex 7.70208 7.70208 3
    endloop
  endfacet
  facet normal -0.38268 -0.923881 0
    outer loop
      vertex 6.93999 8.14207 3
      vertex 7.35 7.97224 9
      vertex 6.93999 8.14207 9
    endloop
  endfacet
  facet normal -0.38268 -0.923881 -0
    outer loop
      vertex 7.35 7.97224 9
      vertex 6.93999 8.14207 3
      vertex 7.35 7.97224 3
    endloop
  endfacet
  facet normal 0.608761 -0.793354 0
    outer loop
      vertex 5.29792 7.70208 3
      vertex 5.65 7.97224 9
      vertex 5.29792 7.70208 9
    endloop
  endfacet
  facet normal 0.608761 -0.793354 0
    outer loop
      vertex 5.65 7.97224 9
      vertex 5.29792 7.70208 3
      vertex 5.65 7.97224 3
    endloop
  endfacet
  facet normal 0.130536 -0.991444 0
    outer loop
      vertex 6.06001 8.14207 3
      vertex 6.5 8.2 9
      vertex 6.06001 8.14207 9
    endloop
  endfacet
  facet normal 0.130536 -0.991444 0
    outer loop
      vertex 6.5 8.2 9
      vertex 6.06001 8.14207 3
      vertex 6.5 8.2 3
    endloop
  endfacet
  facet normal -0.923881 0.38268 0
    outer loop
      vertex 7.97224 5.65 3
      vertex 8.14207 6.06001 9
      vertex 8.14207 6.06001 3
    endloop
  endfacet
  facet normal -0.923881 0.38268 0
    outer loop
      vertex 8.14207 6.06001 9
      vertex 7.97224 5.65 3
      vertex 7.97224 5.65 9
    endloop
  endfacet
  facet normal 0.991444 0.130536 0
    outer loop
      vertex 4.85793 6.06001 9
      vertex 4.8 6.5 3
      vertex 4.8 6.5 9
    endloop
  endfacet
  facet normal 0.991444 0.130536 0
    outer loop
      vertex 4.8 6.5 3
      vertex 4.85793 6.06001 9
      vertex 4.85793 6.06001 3
    endloop
  endfacet
  facet normal -0.793354 -0.608761 0
    outer loop
      vertex 7.97224 7.35 3
      vertex 7.70208 7.70208 9
      vertex 7.70208 7.70208 3
    endloop
  endfacet
  facet normal -0.793354 -0.608761 0
    outer loop
      vertex 7.70208 7.70208 9
      vertex 7.97224 7.35 3
      vertex 7.97224 7.35 9
    endloop
  endfacet
  facet normal -0.923881 -0.38268 0
    outer loop
      vertex 8.14207 6.93999 3
      vertex 7.97224 7.35 9
      vertex 7.97224 7.35 3
    endloop
  endfacet
  facet normal -0.923881 -0.38268 0
    outer loop
      vertex 7.97224 7.35 9
      vertex 8.14207 6.93999 3
      vertex 8.14207 6.93999 9
    endloop
  endfacet
  facet normal 0.793354 -0.608761 0
    outer loop
      vertex 5.02776 7.35 9
      vertex 5.29792 7.70208 3
      vertex 5.29792 7.70208 9
    endloop
  endfacet
  facet normal 0.793354 -0.608761 0
    outer loop
      vertex 5.29792 7.70208 3
      vertex 5.02776 7.35 9
      vertex 5.02776 7.35 3
    endloop
  endfacet
  facet normal 0.923881 -0.38268 0
    outer loop
      vertex 4.85793 6.93999 9
      vertex 5.02776 7.35 3
      vertex 5.02776 7.35 9
    endloop
  endfacet
  facet normal 0.923881 -0.38268 0
    outer loop
      vertex 5.02776 7.35 3
      vertex 4.85793 6.93999 9
      vertex 4.85793 6.93999 3
    endloop
  endfacet
  facet normal 0.38268 -0.923881 0
    outer loop
      vertex 5.65 7.97224 3
      vertex 6.06001 8.14207 9
      vertex 5.65 7.97224 9
    endloop
  endfacet
  facet normal 0.38268 -0.923881 0
    outer loop
      vertex 6.06001 8.14207 9
      vertex 5.65 7.97224 3
      vertex 6.06001 8.14207 3
    endloop
  endfacet
  facet normal -0.130536 0.991444 0
    outer loop
      vertex 6.93999 4.85793 3
      vertex 6.5 4.8 9
      vertex 6.93999 4.85793 9
    endloop
  endfacet
  facet normal -0.130536 0.991444 0
    outer loop
      vertex 6.5 4.8 9
      vertex 6.93999 4.85793 3
      vertex 6.5 4.8 3
    endloop
  endfacet
  facet normal -0.608761 0.793354 0
    outer loop
      vertex 7.70208 5.29792 3
      vertex 7.35 5.02776 9
      vertex 7.70208 5.29792 9
    endloop
  endfacet
  facet normal -0.608761 0.793354 0
    outer loop
      vertex 7.35 5.02776 9
      vertex 7.70208 5.29792 3
      vertex 7.35 5.02776 3
    endloop
  endfacet
  facet normal -0.991444 0.130536 0
    outer loop
      vertex 8.14207 6.06001 3
      vertex 8.2 6.5 9
      vertex 8.2 6.5 3
    endloop
  endfacet
  facet normal -0.991444 0.130536 0
    outer loop
      vertex 8.2 6.5 9
      vertex 8.14207 6.06001 3
      vertex 8.14207 6.06001 9
    endloop
  endfacet
  facet normal 0.608761 0.793354 -0
    outer loop
      vertex 5.65 5.02776 3
      vertex 5.29792 5.29792 9
      vertex 5.65 5.02776 9
    endloop
  endfacet
  facet normal 0.608761 0.793354 0
    outer loop
      vertex 5.29792 5.29792 9
      vertex 5.65 5.02776 3
      vertex 5.29792 5.29792 3
    endloop
  endfacet
  facet normal 0.130536 0.991444 -0
    outer loop
      vertex 6.5 4.8 3
      vertex 6.06001 4.85793 9
      vertex 6.5 4.8 9
    endloop
  endfacet
  facet normal 0.130536 0.991444 0
    outer loop
      vertex 6.06001 4.85793 9
      vertex 6.5 4.8 3
      vertex 6.06001 4.85793 3
    endloop
  endfacet
  facet normal 0.923881 0.38268 0
    outer loop
      vertex 5.02776 5.65 9
      vertex 4.85793 6.06001 3
      vertex 4.85793 6.06001 9
    endloop
  endfacet
  facet normal 0.923881 0.38268 0
    outer loop
      vertex 4.85793 6.06001 3
      vertex 5.02776 5.65 9
      vertex 5.02776 5.65 3
    endloop
  endfacet
  facet normal -0.38268 0.923881 0
    outer loop
      vertex 7.35 5.02776 3
      vertex 6.93999 4.85793 9
      vertex 7.35 5.02776 9
    endloop
  endfacet
  facet normal -0.38268 0.923881 0
    outer loop
      vertex 6.93999 4.85793 9
      vertex 7.35 5.02776 3
      vertex 6.93999 4.85793 3
    endloop
  endfacet
  facet normal -0.793354 0.608761 0
    outer loop
      vertex 7.70208 5.29792 3
      vertex 7.97224 5.65 9
      vertex 7.97224 5.65 3
    endloop
  endfacet
  facet normal -0.793354 0.608761 0
    outer loop
      vertex 7.97224 5.65 9
      vertex 7.70208 5.29792 3
      vertex 7.70208 5.29792 9
    endloop
  endfacet
  facet normal 0.38268 0.923881 -0
    outer loop
      vertex 6.06001 4.85793 3
      vertex 5.65 5.02776 9
      vertex 6.06001 4.85793 9
    endloop
  endfacet
  facet normal 0.38268 0.923881 0
    outer loop
      vertex 5.65 5.02776 9
      vertex 6.06001 4.85793 3
      vertex 5.65 5.02776 3
    endloop
  endfacet
  facet normal -0.866026 -0.499999 0
    outer loop
      vertex 9.84863 6.5 3.8147e-07
      vertex 8.17432 9.4 3
      vertex 8.17432 9.4 3.8147e-07
    endloop
  endfacet
  facet normal -0.866026 -0.499999 0
    outer loop
      vertex 8.17432 9.4 3
      vertex 9.84863 6.5 3.8147e-07
      vertex 9.84863 6.5 3
    endloop
  endfacet
  facet normal 0.866026 -0.499999 0
    outer loop
      vertex 3.15137 6.5 3
      vertex 4.82568 9.4 3.8147e-07
      vertex 4.82568 9.4 3
    endloop
  endfacet
  facet normal 0.866026 -0.499999 0
    outer loop
      vertex 4.82568 9.4 3.8147e-07
      vertex 3.15137 6.5 3
      vertex 3.15137 6.5 3.8147e-07
    endloop
  endfacet
  facet normal 0 -1 0
    outer loop
      vertex 4.82568 9.4 3.8147e-07
      vertex 8.17432 9.4 3
      vertex 4.82568 9.4 3
    endloop
  endfacet
  facet normal 0 -1 -0
    outer loop
      vertex 8.17432 9.4 3
      vertex 4.82568 9.4 3.8147e-07
      vertex 8.17432 9.4 3.8147e-07
    endloop
  endfacet
  facet normal 0 0 -1
    outer loop
      vertex 7.97224 5.65 3
      vertex 9.84863 6.5 3
      vertex 8.17432 3.6 3
    endloop
  endfacet
  facet normal -0 0 -1
    outer loop
      vertex 9.84863 6.5 3
      vertex 8.14207 6.06001 3
      vertex 8.2 6.5 3
    endloop
  endfacet
  facet normal 0 0 -1
    outer loop
      vertex 9.84863 6.5 3
      vertex 7.97224 5.65 3
      vertex 8.14207 6.06001 3
    endloop
  endfacet
  facet normal 0 0 -1
    outer loop
      vertex 8.17432 3.6 3
      vertex 7.70208 5.29792 3
      vertex 7.97224 5.65 3
    endloop
  endfacet
  facet normal 0 0 -1
    outer loop
      vertex 8.17432 3.6 3
      vertex 7.35 5.02776 3
      vertex 7.70208 5.29792 3
    endloop
  endfacet
  facet normal 0 0 -1
    outer loop
      vertex 8.17432 3.6 3
      vertex 6.93999 4.85793 3
      vertex 7.35 5.02776 3
    endloop
  endfacet
  facet normal 0 0 -1
    outer loop
      vertex 8.17432 3.6 3
      vertex 6.5 4.8 3
      vertex 6.93999 4.85793 3
    endloop
  endfacet
  facet normal 0 0 -1
    outer loop
      vertex 4.82568 3.6 3
      vertex 6.5 4.8 3
      vertex 8.17432 3.6 3
    endloop
  endfacet
  facet normal -0 0 -1
    outer loop
      vertex 6.5 4.8 3
      vertex 4.82568 3.6 3
      vertex 6.06001 4.85793 3
    endloop
  endfacet
  facet normal -0 0 -1
    outer loop
      vertex 6.06001 4.85793 3
      vertex 4.82568 3.6 3
      vertex 5.65 5.02776 3
    endloop
  endfacet
  facet normal 0 0 -1
    outer loop
      vertex 4.82568 3.6 3
      vertex 5.29792 5.29792 3
      vertex 5.65 5.02776 3
    endloop
  endfacet
  facet normal 0 0 -1
    outer loop
      vertex 4.82568 3.6 3
      vertex 5.02776 5.65 3
      vertex 5.29792 5.29792 3
    endloop
  endfacet
  facet normal 0 0 -1
    outer loop
      vertex 3.15137 6.5 3
      vertex 5.02776 5.65 3
      vertex 4.82568 3.6 3
    endloop
  endfacet
  facet normal 0 0 -1
    outer loop
      vertex 5.02776 5.65 3
      vertex 3.15137 6.5 3
      vertex 4.85793 6.06001 3
    endloop
  endfacet
  facet normal 0 0 -1
    outer loop
      vertex 4.85793 6.06001 3
      vertex 3.15137 6.5 3
      vertex 4.8 6.5 3
    endloop
  endfacet
  facet normal 0 0 -1
    outer loop
      vertex 8.14207 6.93999 3
      vertex 9.84863 6.5 3
      vertex 8.2 6.5 3
    endloop
  endfacet
  facet normal 0 0 -1
    outer loop
      vertex 7.97224 7.35 3
      vertex 9.84863 6.5 3
      vertex 8.14207 6.93999 3
    endloop
  endfacet
  facet normal 0 0 -1
    outer loop
      vertex 9.84863 6.5 3
      vertex 7.97224 7.35 3
      vertex 8.17432 9.4 3
    endloop
  endfacet
  facet normal 0 0 -1
    outer loop
      vertex 7.70208 7.70208 3
      vertex 8.17432 9.4 3
      vertex 7.97224 7.35 3
    endloop
  endfacet
  facet normal 0 0 -1
    outer loop
      vertex 7.35 7.97224 3
      vertex 8.17432 9.4 3
      vertex 7.70208 7.70208 3
    endloop
  endfacet
  facet normal 0 0 -1
    outer loop
      vertex 6.93999 8.14207 3
      vertex 8.17432 9.4 3
      vertex 7.35 7.97224 3
    endloop
  endfacet
  facet normal 0 0 -1
    outer loop
      vertex 6.5 8.2 3
      vertex 8.17432 9.4 3
      vertex 6.93999 8.14207 3
    endloop
  endfacet
  facet normal 0 0 -1
    outer loop
      vertex 4.82568 9.4 3
      vertex 6.5 8.2 3
      vertex 6.06001 8.14207 3
    endloop
  endfacet
  facet normal 0 0 -1
    outer loop
      vertex 4.82568 9.4 3
      vertex 6.06001 8.14207 3
      vertex 5.65 7.97224 3
    endloop
  endfacet
  facet normal 0 0 -1
    outer loop
      vertex 6.5 8.2 3
      vertex 4.82568 9.4 3
      vertex 8.17432 9.4 3
    endloop
  endfacet
  facet normal 0 0 -1
    outer loop
      vertex 5.29792 7.70208 3
      vertex 4.82568 9.4 3
      vertex 5.65 7.97224 3
    endloop
  endfacet
  facet normal 0 0 -1
    outer loop
      vertex 5.02776 7.35 3
      vertex 4.82568 9.4 3
      vertex 5.29792 7.70208 3
    endloop
  endfacet
  facet normal 0 0 -1
    outer loop
      vertex 3.15137 6.5 3
      vertex 5.02776 7.35 3
      vertex 4.85793 6.93999 3
    endloop
  endfacet
  facet normal 0 0 -1
    outer loop
      vertex 3.15137 6.5 3
      vertex 4.85793 6.93999 3
      vertex 4.8 6.5 3
    endloop
  endfacet
  facet normal -0 0 -1
    outer loop
      vertex 5.02776 7.35 3
      vertex 3.15137 6.5 3
      vertex 4.82568 9.4 3
    endloop
  endfacet
  facet normal 0.866026 0.499999 0
    outer loop
      vertex 4.82568 3.6 3
      vertex 3.15137 6.5 3.8147e-07
      vertex 3.15137 6.5 3
    endloop
  endfacet
  facet normal 0.866026 0.499999 0
    outer loop
      vertex 3.15137 6.5 3.8147e-07
      vertex 4.82568 3.6 3
      vertex 4.82568 3.6 3.8147e-07
    endloop
  endfacet
  facet normal 0 1 -0
    outer loop
      vertex 8.17432 3.6 3.8147e-07
      vertex 4.82568 3.6 3
      vertex 8.17432 3.6 3
    endloop
  endfacet
  facet normal 0 1 0
    outer loop
      vertex 4.82568 3.6 3
      vertex 8.17432 3.6 3.8147e-07
      vertex 4.82568 3.6 3.8147e-07
    endloop
  endfacet
  facet normal -0.866026 0.499999 0
    outer loop
      vertex 8.17432 3.6 3.8147e-07
      vertex 9.84863 6.5 3
      vertex 9.84863 6.5 3.8147e-07
    endloop
  endfacet
  facet normal -0.866026 0.499999 0
    outer loop
      vertex 9.84863 6.5 3
      vertex 8.17432 3.6 3.8147e-07
      vertex 8.17432 3.6 3
    endloop
  endfacet
  facet normal -0.991423 -0.130691 0
    outer loop
      vertex 109.25 6.5 3
      vertex 109.192 6.93999 9
      vertex 109.192 6.93999 3
    endloop
  endfacet
  facet normal -0.991423 -0.130691 0
    outer loop
      vertex 109.192 6.93999 9
      vertex 109.25 6.5 3
      vertex 109.25 6.5 9
    endloop
  endfacet
  facet normal 0.991423 -0.130691 0
    outer loop
      vertex 105.85 6.5 9
      vertex 105.908 6.93999 3
      vertex 105.908 6.93999 9
    endloop
  endfacet
  facet normal 0.991423 -0.130691 0
    outer loop
      vertex 105.908 6.93999 3
      vertex 105.85 6.5 9
      vertex 105.85 6.5 3
    endloop
  endfacet
  facet normal -0.130533 -0.991444 0
    outer loop
      vertex 107.55 8.2 3
      vertex 107.99 8.14207 9
      vertex 107.55 8.2 9
    endloop
  endfacet
  facet normal -0.130533 -0.991444 -0
    outer loop
      vertex 107.99 8.14207 9
      vertex 107.55 8.2 3
      vertex 107.99 8.14207 3
    endloop
  endfacet
  facet normal -0.608848 -0.793287 0
    outer loop
      vertex 108.4 7.97224 3
      vertex 108.752 7.70208 9
      vertex 108.4 7.97224 9
    endloop
  endfacet
  facet normal -0.608848 -0.793287 -0
    outer loop
      vertex 108.752 7.70208 9
      vertex 108.4 7.97224 3
      vertex 108.752 7.70208 3
    endloop
  endfacet
  facet normal -0.382688 -0.923878 0
    outer loop
      vertex 107.99 8.14207 3
      vertex 108.4 7.97224 9
      vertex 107.99 8.14207 9
    endloop
  endfacet
  facet normal -0.382688 -0.923878 -0
    outer loop
      vertex 108.4 7.97224 9
      vertex 107.99 8.14207 3
      vertex 108.4 7.97224 3
    endloop
  endfacet
  facet normal 0.608848 -0.793287 0
    outer loop
      vertex 106.348 7.70208 3
      vertex 106.7 7.97224 9
      vertex 106.348 7.70208 9
    endloop
  endfacet
  facet normal 0.608848 -0.793287 0
    outer loop
      vertex 106.7 7.97224 9
      vertex 106.348 7.70208 3
      vertex 106.7 7.97224 3
    endloop
  endfacet
  facet normal 0.130533 -0.991444 0
    outer loop
      vertex 107.11 8.14207 3
      vertex 107.55 8.2 9
      vertex 107.11 8.14207 9
    endloop
  endfacet
  facet normal 0.130533 -0.991444 0
    outer loop
      vertex 107.55 8.2 9
      vertex 107.11 8.14207 3
      vertex 107.55 8.2 3
    endloop
  endfacet
  facet normal -0.923745 0.383007 0
    outer loop
      vertex 109.022 5.65 3
      vertex 109.192 6.06001 9
      vertex 109.192 6.06001 3
    endloop
  endfacet
  facet normal -0.923745 0.383007 0
    outer loop
      vertex 109.192 6.06001 9
      vertex 109.022 5.65 3
      vertex 109.022 5.65 9
    endloop
  endfacet
  facet normal 0.991423 0.130691 0
    outer loop
      vertex 105.908 6.06001 9
      vertex 105.85 6.5 3
      vertex 105.85 6.5 9
    endloop
  endfacet
  facet normal 0.991423 0.130691 0
    outer loop
      vertex 105.85 6.5 3
      vertex 105.908 6.06001 9
      vertex 105.908 6.06001 3
    endloop
  endfacet
  facet normal -0.793528 -0.608534 0
    outer loop
      vertex 109.022 7.35 3
      vertex 108.752 7.70208 9
      vertex 108.752 7.70208 3
    endloop
  endfacet
  facet normal -0.793528 -0.608534 0
    outer loop
      vertex 108.752 7.70208 9
      vertex 109.022 7.35 3
      vertex 109.022 7.35 9
    endloop
  endfacet
  facet normal -0.923745 -0.383007 0
    outer loop
      vertex 109.192 6.93999 3
      vertex 109.022 7.35 9
      vertex 109.022 7.35 3
    endloop
  endfacet
  facet normal -0.923745 -0.383007 0
    outer loop
      vertex 109.022 7.35 9
      vertex 109.192 6.93999 3
      vertex 109.192 6.93999 9
    endloop
  endfacet
  facet normal 0.793528 -0.608534 0
    outer loop
      vertex 106.078 7.35 9
      vertex 106.348 7.70208 3
      vertex 106.348 7.70208 9
    endloop
  endfacet
  facet normal 0.793528 -0.608534 0
    outer loop
      vertex 106.348 7.70208 3
      vertex 106.078 7.35 9
      vertex 106.078 7.35 3
    endloop
  endfacet
  facet normal 0.923745 -0.383007 0
    outer loop
      vertex 105.908 6.93999 9
      vertex 106.078 7.35 3
      vertex 106.078 7.35 9
    endloop
  endfacet
  facet normal 0.923745 -0.383007 0
    outer loop
      vertex 106.078 7.35 3
      vertex 105.908 6.93999 9
      vertex 105.908 6.93999 3
    endloop
  endfacet
  facet normal 0.382688 -0.923878 0
    outer loop
      vertex 106.7 7.97224 3
      vertex 107.11 8.14207 9
      vertex 106.7 7.97224 9
    endloop
  endfacet
  facet normal 0.382688 -0.923878 0
    outer loop
      vertex 107.11 8.14207 9
      vertex 106.7 7.97224 3
      vertex 107.11 8.14207 3
    endloop
  endfacet
  facet normal -0.130533 0.991444 0
    outer loop
      vertex 107.99 4.85793 3
      vertex 107.55 4.8 9
      vertex 107.99 4.85793 9
    endloop
  endfacet
  facet normal -0.130533 0.991444 0
    outer loop
      vertex 107.55 4.8 9
      vertex 107.99 4.85793 3
      vertex 107.55 4.8 3
    endloop
  endfacet
  facet normal -0.608848 0.793287 0
    outer loop
      vertex 108.752 5.29792 3
      vertex 108.4 5.02776 9
      vertex 108.752 5.29792 9
    endloop
  endfacet
  facet normal -0.608848 0.793287 0
    outer loop
      vertex 108.4 5.02776 9
      vertex 108.752 5.29792 3
      vertex 108.4 5.02776 3
    endloop
  endfacet
  facet normal -0.991423 0.130691 0
    outer loop
      vertex 109.192 6.06001 3
      vertex 109.25 6.5 9
      vertex 109.25 6.5 3
    endloop
  endfacet
  facet normal -0.991423 0.130691 0
    outer loop
      vertex 109.25 6.5 9
      vertex 109.192 6.06001 3
      vertex 109.192 6.06001 9
    endloop
  endfacet
  facet normal 0.608848 0.793287 -0
    outer loop
      vertex 106.7 5.02776 3
      vertex 106.348 5.29792 9
      vertex 106.7 5.02776 9
    endloop
  endfacet
  facet normal 0.608848 0.793287 0
    outer loop
      vertex 106.348 5.29792 9
      vertex 106.7 5.02776 3
      vertex 106.348 5.29792 3
    endloop
  endfacet
  facet normal 0.130533 0.991444 -0
    outer loop
      vertex 107.55 4.8 3
      vertex 107.11 4.85793 9
      vertex 107.55 4.8 9
    endloop
  endfacet
  facet normal 0.130533 0.991444 0
    outer loop
      vertex 107.11 4.85793 9
      vertex 107.55 4.8 3
      vertex 107.11 4.85793 3
    endloop
  endfacet
  facet normal 0.923745 0.383007 0
    outer loop
      vertex 106.078 5.65 9
      vertex 105.908 6.06001 3
      vertex 105.908 6.06001 9
    endloop
  endfacet
  facet normal 0.923745 0.383007 0
    outer loop
      vertex 105.908 6.06001 3
      vertex 106.078 5.65 9
      vertex 106.078 5.65 3
    endloop
  endfacet
  facet normal -0.382688 0.923878 0
    outer loop
      vertex 108.4 5.02776 3
      vertex 107.99 4.85793 9
      vertex 108.4 5.02776 9
    endloop
  endfacet
  facet normal -0.382688 0.923878 0
    outer loop
      vertex 107.99 4.85793 9
      vertex 108.4 5.02776 3
      vertex 107.99 4.85793 3
    endloop
  endfacet
  facet normal -0.793528 0.608534 0
    outer loop
      vertex 108.752 5.29792 3
      vertex 109.022 5.65 9
      vertex 109.022 5.65 3
    endloop
  endfacet
  facet normal -0.793528 0.608534 0
    outer loop
      vertex 109.022 5.65 9
      vertex 108.752 5.29792 3
      vertex 108.752 5.29792 9
    endloop
  endfacet
  facet normal 0.382688 0.923878 -0
    outer loop
      vertex 107.11 4.85793 3
      vertex 106.7 5.02776 9
      vertex 107.11 4.85793 9
    endloop
  endfacet
  facet normal 0.382688 0.923878 0
    outer loop
      vertex 106.7 5.02776 9
      vertex 107.11 4.85793 3
      vertex 106.7 5.02776 3
    endloop
  endfacet
  facet normal 0.793528 0.608534 0
    outer loop
      vertex 106.348 5.29792 9
      vertex 106.078 5.65 3
      vertex 106.078 5.65 9
    endloop
  endfacet
  facet normal 0.793528 0.608534 0
    outer loop
      vertex 106.078 5.65 3
      vertex 106.348 5.29792 9
      vertex 106.348 5.29792 3
    endloop
  endfacet
  facet normal -0.865937 -0.500153 0
    outer loop
      vertex 110.899 6.5 3.8147e-07
      vertex 109.224 9.4 3
      vertex 109.224 9.4 3.8147e-07
    endloop
  endfacet
  facet normal -0.865937 -0.500153 0
    outer loop
      vertex 109.224 9.4 3
      vertex 110.899 6.5 3.8147e-07
      vertex 110.899 6.5 3
    endloop
  endfacet
  facet normal 0.865937 -0.500153 0
    outer loop
      vertex 104.201 6.5 3
      vertex 105.876 9.4 3.8147e-07
      vertex 105.876 9.4 3
    endloop
  endfacet
  facet normal 0.865937 -0.500153 0
    outer loop
      vertex 105.876 9.4 3.8147e-07
      vertex 104.201 6.5 3
      vertex 104.201 6.5 3.8147e-07
    endloop
  endfacet
  facet normal 0 -1 0
    outer loop
      vertex 105.876 9.4 3.8147e-07
      vertex 109.224 9.4 3
      vertex 105.876 9.4 3
    endloop
  endfacet
  facet normal 0 -1 -0
    outer loop
      vertex 109.224 9.4 3
      vertex 105.876 9.4 3.8147e-07
      vertex 109.224 9.4 3.8147e-07
    endloop
  endfacet
  facet normal 0 0 -1
    outer loop
      vertex 109.022 5.65 3
      vertex 110.899 6.5 3
      vertex 109.224 3.6 3
    endloop
  endfacet
  facet normal -0 0 -1
    outer loop
      vertex 110.899 6.5 3
      vertex 109.192 6.06001 3
      vertex 109.25 6.5 3
    endloop
  endfacet
  facet normal 0 0 -1
    outer loop
      vertex 110.899 6.5 3
      vertex 109.022 5.65 3
      vertex 109.192 6.06001 3
    endloop
  endfacet
  facet normal 0 0 -1
    outer loop
      vertex 109.224 3.6 3
      vertex 108.752 5.29792 3
      vertex 109.022 5.65 3
    endloop
  endfacet
  facet normal 0 0 -1
    outer loop
      vertex 109.224 3.6 3
      vertex 108.4 5.02776 3
      vertex 108.752 5.29792 3
    endloop
  endfacet
  facet normal 0 0 -1
    outer loop
      vertex 109.224 3.6 3
      vertex 107.99 4.85793 3
      vertex 108.4 5.02776 3
    endloop
  endfacet
  facet normal 0 0 -1
    outer loop
      vertex 109.224 3.6 3
      vertex 107.55 4.8 3
      vertex 107.99 4.85793 3
    endloop
  endfacet
  facet normal 0 0 -1
    outer loop
      vertex 105.876 3.6 3
      vertex 107.55 4.8 3
      vertex 109.224 3.6 3
    endloop
  endfacet
  facet normal -0 0 -1
    outer loop
      vertex 107.55 4.8 3
      vertex 105.876 3.6 3
      vertex 107.11 4.85793 3
    endloop
  endfacet
  facet normal -0 0 -1
    outer loop
      vertex 107.11 4.85793 3
      vertex 105.876 3.6 3
      vertex 106.7 5.02776 3
    endloop
  endfacet
  facet normal 0 0 -1
    outer loop
      vertex 105.876 3.6 3
      vertex 106.348 5.29792 3
      vertex 106.7 5.02776 3
    endloop
  endfacet
  facet normal 0 0 -1
    outer loop
      vertex 105.876 3.6 3
      vertex 106.078 5.65 3
      vertex 106.348 5.29792 3
    endloop
  endfacet
  facet normal 0 0 -1
    outer loop
      vertex 104.201 6.5 3
      vertex 106.078 5.65 3
      vertex 105.876 3.6 3
    endloop
  endfacet
  facet normal 0 0 -1
    outer loop
      vertex 106.078 5.65 3
      vertex 104.201 6.5 3
      vertex 105.908 6.06001 3
    endloop
  endfacet
  facet normal 0 0 -1
    outer loop
      vertex 105.908 6.06001 3
      vertex 104.201 6.5 3
      vertex 105.85 6.5 3
    endloop
  endfacet
  facet normal 0 0 -1
    outer loop
      vertex 109.192 6.93999 3
      vertex 110.899 6.5 3
      vertex 109.25 6.5 3
    endloop
  endfacet
  facet normal 0 0 -1
    outer loop
      vertex 109.022 7.35 3
      vertex 110.899 6.5 3
      vertex 109.192 6.93999 3
    endloop
  endfacet
  facet normal 0 0 -1
    outer loop
      vertex 110.899 6.5 3
      vertex 109.022 7.35 3
      vertex 109.224 9.4 3
    endloop
  endfacet
  facet normal 0 0 -1
    outer loop
      vertex 108.752 7.70208 3
      vertex 109.224 9.4 3
      vertex 109.022 7.35 3
    endloop
  endfacet
  facet normal 0 0 -1
    outer loop
      vertex 108.4 7.97224 3
      vertex 109.224 9.4 3
      vertex 108.752 7.70208 3
    endloop
  endfacet
  facet normal 0 0 -1
    outer loop
      vertex 107.99 8.14207 3
      vertex 109.224 9.4 3
      vertex 108.4 7.97224 3
    endloop
  endfacet
  facet normal 0 0 -1
    outer loop
      vertex 107.55 8.2 3
      vertex 109.224 9.4 3
      vertex 107.99 8.14207 3
    endloop
  endfacet
  facet normal 0 0 -1
    outer loop
      vertex 105.876 9.4 3
      vertex 107.55 8.2 3
      vertex 107.11 8.14207 3
    endloop
  endfacet
  facet normal 0 0 -1
    outer loop
      vertex 105.876 9.4 3
      vertex 107.11 8.14207 3
      vertex 106.7 7.97224 3
    endloop
  endfacet
  facet normal 0 0 -1
    outer loop
      vertex 107.55 8.2 3
      vertex 105.876 9.4 3
      vertex 109.224 9.4 3
    endloop
  endfacet
  facet normal 0 0 -1
    outer loop
      vertex 106.348 7.70208 3
      vertex 105.876 9.4 3
      vertex 106.7 7.97224 3
    endloop
  endfacet
  facet normal 0 0 -1
    outer loop
      vertex 106.078 7.35 3
      vertex 105.876 9.4 3
      vertex 106.348 7.70208 3
    endloop
  endfacet
  facet normal 0 0 -1
    outer loop
      vertex 104.201 6.5 3
      vertex 106.078 7.35 3
      vertex 105.908 6.93999 3
    endloop
  endfacet
  facet normal 0 0 -1
    outer loop
      vertex 104.201 6.5 3
      vertex 105.908 6.93999 3
      vertex 105.85 6.5 3
    endloop
  endfacet
  facet normal -0 0 -1
    outer loop
      vertex 106.078 7.35 3
      vertex 104.201 6.5 3
      vertex 105.876 9.4 3
    endloop
  endfacet
  facet normal -0.865937 0.500153 0
    outer loop
      vertex 109.224 3.6 3.8147e-07
      vertex 110.899 6.5 3
      vertex 110.899 6.5 3.8147e-07
    endloop
  endfacet
  facet normal -0.865937 0.500153 0
    outer loop
      vertex 110.899 6.5 3
      vertex 109.224 3.6 3.8147e-07
      vertex 109.224 3.6 3
    endloop
  endfacet
  facet normal 0 1 -0
    outer loop
      vertex 109.224 3.6 3.8147e-07
      vertex 105.876 3.6 3
      vertex 109.224 3.6 3
    endloop
  endfacet
  facet normal 0 1 0
    outer loop
      vertex 105.876 3.6 3
      vertex 109.224 3.6 3.8147e-07
      vertex 105.876 3.6 3.8147e-07
    endloop
  endfacet
  facet normal 0.865937 0.500153 0
    outer loop
      vertex 105.876 3.6 3
      vertex 104.201 6.5 3.8147e-07
      vertex 104.201 6.5 3
    endloop
  endfacet
  facet normal 0.865937 0.500153 0
    outer loop
      vertex 104.201 6.5 3.8147e-07
      vertex 105.876 3.6 3
      vertex 105.876 3.6 3.8147e-07
    endloop
  endfacet
  facet normal -0.980787 -0.195084 0
    outer loop
      vertex 35.9 7 2.9
      vertex 35.8353 7.32528 7.4
      vertex 35.8353 7.32528 2.9
    endloop
  endfacet
  facet normal -0.980787 -0.195084 0
    outer loop
      vertex 35.8353 7.32528 7.4
      vertex 35.9 7 2.9
      vertex 35.9 7 7.4
    endloop
  endfacet
  facet normal 0.195072 -0.980789 0
    outer loop
      vertex 34.7247 7.7853 2.9
      vertex 35.05 7.85 7.4
      vertex 34.7247 7.7853 7.4
    endloop
  endfacet
  facet normal 0.195072 -0.980789 0
    outer loop
      vertex 35.05 7.85 7.4
      vertex 34.7247 7.7853 2.9
      vertex 35.05 7.85 2.9
    endloop
  endfacet
  facet normal -0.195072 0.980789 0
    outer loop
      vertex 35.3753 6.2147 2.9
      vertex 35.05 6.15 7.4
      vertex 35.3753 6.2147 7.4
    endloop
  endfacet
  facet normal -0.195072 0.980789 0
    outer loop
      vertex 35.05 6.15 7.4
      vertex 35.3753 6.2147 2.9
      vertex 35.05 6.15 2.9
    endloop
  endfacet
  facet normal -0.55566 -0.831409 0
    outer loop
      vertex 35.3753 7.7853 2.9
      vertex 35.651 7.60104 7.4
      vertex 35.3753 7.7853 7.4
    endloop
  endfacet
  facet normal -0.55566 -0.831409 -0
    outer loop
      vertex 35.651 7.60104 7.4
      vertex 35.3753 7.7853 2.9
      vertex 35.651 7.60104 2.9
    endloop
  endfacet
  facet normal -0.83141 -0.55566 0
    outer loop
      vertex 35.8353 7.32528 2.9
      vertex 35.651 7.60104 7.4
      vertex 35.651 7.60104 2.9
    endloop
  endfacet
  facet normal -0.83141 -0.55566 0
    outer loop
      vertex 35.651 7.60104 7.4
      vertex 35.8353 7.32528 2.9
      vertex 35.8353 7.32528 7.4
    endloop
  endfacet
  facet normal -0.195072 -0.980789 0
    outer loop
      vertex 35.05 7.85 2.9
      vertex 35.3753 7.7853 7.4
      vertex 35.05 7.85 7.4
    endloop
  endfacet
  facet normal -0.195072 -0.980789 -0
    outer loop
      vertex 35.3753 7.7853 7.4
      vertex 35.05 7.85 2.9
      vertex 35.3753 7.7853 2.9
    endloop
  endfacet
  facet normal 0.83141 -0.55566 0
    outer loop
      vertex 34.2647 7.32528 7.4
      vertex 34.449 7.60104 2.9
      vertex 34.449 7.60104 7.4
    endloop
  endfacet
  facet normal 0.83141 -0.55566 0
    outer loop
      vertex 34.449 7.60104 2.9
      vertex 34.2647 7.32528 7.4
      vertex 34.2647 7.32528 2.9
    endloop
  endfacet
  facet normal 0 0 1
    outer loop
      vertex 35.8353 7.32528 2.9
      vertex 35.8353 6.67472 2.9
      vertex 35.9 7 2.9
    endloop
  endfacet
  facet normal 0 0 1
    outer loop
      vertex 35.651 7.60104 2.9
      vertex 35.8353 6.67472 2.9
      vertex 35.8353 7.32528 2.9
    endloop
  endfacet
  facet normal 0 0 1
    outer loop
      vertex 35.651 7.60104 2.9
      vertex 35.651 6.39896 2.9
      vertex 35.8353 6.67472 2.9
    endloop
  endfacet
  facet normal 0 0 1
    outer loop
      vertex 35.3753 7.7853 2.9
      vertex 35.651 6.39896 2.9
      vertex 35.651 7.60104 2.9
    endloop
  endfacet
  facet normal 0 0 1
    outer loop
      vertex 35.3753 7.7853 2.9
      vertex 35.3753 6.2147 2.9
      vertex 35.651 6.39896 2.9
    endloop
  endfacet
  facet normal 0 0 1
    outer loop
      vertex 35.05 7.85 2.9
      vertex 35.3753 6.2147 2.9
      vertex 35.3753 7.7853 2.9
    endloop
  endfacet
  facet normal 0 0 1
    outer loop
      vertex 35.05 7.85 2.9
      vertex 35.05 6.15 2.9
      vertex 35.3753 6.2147 2.9
    endloop
  endfacet
  facet normal -0 0 1
    outer loop
      vertex 34.7247 7.7853 2.9
      vertex 35.05 6.15 2.9
      vertex 35.05 7.85 2.9
    endloop
  endfacet
  facet normal 0 0 1
    outer loop
      vertex 34.7247 7.7853 2.9
      vertex 34.7247 6.2147 2.9
      vertex 35.05 6.15 2.9
    endloop
  endfacet
  facet normal -0 0 1
    outer loop
      vertex 34.449 7.60104 2.9
      vertex 34.7247 6.2147 2.9
      vertex 34.7247 7.7853 2.9
    endloop
  endfacet
  facet normal 0 0 1
    outer loop
      vertex 34.449 7.60104 2.9
      vertex 34.449 6.39896 2.9
      vertex 34.7247 6.2147 2.9
    endloop
  endfacet
  facet normal -0 0 1
    outer loop
      vertex 34.2647 7.32528 2.9
      vertex 34.449 6.39896 2.9
      vertex 34.449 7.60104 2.9
    endloop
  endfacet
  facet normal 0 0 1
    outer loop
      vertex 34.2647 7.32528 2.9
      vertex 34.2647 6.67472 2.9
      vertex 34.449 6.39896 2.9
    endloop
  endfacet
  facet normal 0 -0 1
    outer loop
      vertex 34.2647 6.67472 2.9
      vertex 34.2647 7.32528 2.9
      vertex 34.2 7 2.9
    endloop
  endfacet
  facet normal 0.980787 -0.195084 0
    outer loop
      vertex 34.2 7 7.4
      vertex 34.2647 7.32528 2.9
      vertex 34.2647 7.32528 7.4
    endloop
  endfacet
  facet normal 0.980787 -0.195084 0
    outer loop
      vertex 34.2647 7.32528 2.9
      vertex 34.2 7 7.4
      vertex 34.2 7 2.9
    endloop
  endfacet
  facet normal 0.55566 -0.831409 0
    outer loop
      vertex 34.449 7.60104 2.9
      vertex 34.7247 7.7853 7.4
      vertex 34.449 7.60104 7.4
    endloop
  endfacet
  facet normal 0.55566 -0.831409 0
    outer loop
      vertex 34.7247 7.7853 7.4
      vertex 34.449 7.60104 2.9
      vertex 34.7247 7.7853 2.9
    endloop
  endfacet
  facet normal -0.980787 0.195084 0
    outer loop
      vertex 35.8353 6.67472 2.9
      vertex 35.9 7 7.4
      vertex 35.9 7 2.9
    endloop
  endfacet
  facet normal -0.980787 0.195084 0
    outer loop
      vertex 35.9 7 7.4
      vertex 35.8353 6.67472 2.9
      vertex 35.8353 6.67472 7.4
    endloop
  endfacet
  facet normal -0.55566 0.831409 0
    outer loop
      vertex 35.651 6.39896 2.9
      vertex 35.3753 6.2147 7.4
      vertex 35.651 6.39896 7.4
    endloop
  endfacet
  facet normal -0.55566 0.831409 0
    outer loop
      vertex 35.3753 6.2147 7.4
      vertex 35.651 6.39896 2.9
      vertex 35.3753 6.2147 2.9
    endloop
  endfacet
  facet normal 0.195072 0.980789 -0
    outer loop
      vertex 35.05 6.15 2.9
      vertex 34.7247 6.2147 7.4
      vertex 35.05 6.15 7.4
    endloop
  endfacet
  facet normal 0.195072 0.980789 0
    outer loop
      vertex 34.7247 6.2147 7.4
      vertex 35.05 6.15 2.9
      vertex 34.7247 6.2147 2.9
    endloop
  endfacet
  facet normal 0.83141 0.55566 0
    outer loop
      vertex 34.449 6.39896 7.4
      vertex 34.2647 6.67472 2.9
      vertex 34.2647 6.67472 7.4
    endloop
  endfacet
  facet normal 0.83141 0.55566 0
    outer loop
      vertex 34.2647 6.67472 2.9
      vertex 34.449 6.39896 7.4
      vertex 34.449 6.39896 2.9
    endloop
  endfacet
  facet normal 0.980787 0.195084 0
    outer loop
      vertex 34.2647 6.67472 7.4
      vertex 34.2 7 2.9
      vertex 34.2 7 7.4
    endloop
  endfacet
  facet normal 0.980787 0.195084 0
    outer loop
      vertex 34.2 7 2.9
      vertex 34.2647 6.67472 7.4
      vertex 34.2647 6.67472 2.9
    endloop
  endfacet
  facet normal -0.83141 0.55566 0
    outer loop
      vertex 35.651 6.39896 2.9
      vertex 35.8353 6.67472 7.4
      vertex 35.8353 6.67472 2.9
    endloop
  endfacet
  facet normal -0.83141 0.55566 0
    outer loop
      vertex 35.8353 6.67472 7.4
      vertex 35.651 6.39896 2.9
      vertex 35.651 6.39896 7.4
    endloop
  endfacet
  facet normal 0.55566 0.831409 -0
    outer loop
      vertex 34.7247 6.2147 2.9
      vertex 34.449 6.39896 7.4
      vertex 34.7247 6.2147 7.4
    endloop
  endfacet
  facet normal 0.55566 0.831409 0
    outer loop
      vertex 34.449 6.39896 7.4
      vertex 34.7247 6.2147 2.9
      vertex 34.449 6.39896 2.9
    endloop
  endfacet
  facet normal -0.980787 -0.195084 0
    outer loop
      vertex 99.9 7 2.9
      vertex 99.8353 7.32528 7.4
      vertex 99.8353 7.32528 2.9
    endloop
  endfacet
  facet normal -0.980787 -0.195084 0
    outer loop
      vertex 99.8353 7.32528 7.4
      vertex 99.9 7 2.9
      vertex 99.9 7 7.4
    endloop
  endfacet
  facet normal 0.195072 -0.980789 0
    outer loop
      vertex 98.7247 7.7853 2.9
      vertex 99.05 7.85 7.4
      vertex 98.7247 7.7853 7.4
    endloop
  endfacet
  facet normal 0.195072 -0.980789 0
    outer loop
      vertex 99.05 7.85 7.4
      vertex 98.7247 7.7853 2.9
      vertex 99.05 7.85 2.9
    endloop
  endfacet
  facet normal -0.195072 0.980789 0
    outer loop
      vertex 99.3753 6.2147 2.9
      vertex 99.05 6.15 7.4
      vertex 99.3753 6.2147 7.4
    endloop
  endfacet
  facet normal -0.195072 0.980789 0
    outer loop
      vertex 99.05 6.15 7.4
      vertex 99.3753 6.2147 2.9
      vertex 99.05 6.15 2.9
    endloop
  endfacet
  facet normal -0.55566 -0.831409 0
    outer loop
      vertex 99.3753 7.7853 2.9
      vertex 99.651 7.60104 7.4
      vertex 99.3753 7.7853 7.4
    endloop
  endfacet
  facet normal -0.55566 -0.831409 -0
    outer loop
      vertex 99.651 7.60104 7.4
      vertex 99.3753 7.7853 2.9
      vertex 99.651 7.60104 2.9
    endloop
  endfacet
  facet normal -0.83141 -0.55566 0
    outer loop
      vertex 99.8353 7.32528 2.9
      vertex 99.651 7.60104 7.4
      vertex 99.651 7.60104 2.9
    endloop
  endfacet
  facet normal -0.83141 -0.55566 0
    outer loop
      vertex 99.651 7.60104 7.4
      vertex 99.8353 7.32528 2.9
      vertex 99.8353 7.32528 7.4
    endloop
  endfacet
  facet normal -0.195072 -0.980789 0
    outer loop
      vertex 99.05 7.85 2.9
      vertex 99.3753 7.7853 7.4
      vertex 99.05 7.85 7.4
    endloop
  endfacet
  facet normal -0.195072 -0.980789 -0
    outer loop
      vertex 99.3753 7.7853 7.4
      vertex 99.05 7.85 2.9
      vertex 99.3753 7.7853 2.9
    endloop
  endfacet
  facet normal 0.83141 -0.55566 0
    outer loop
      vertex 98.2647 7.32528 7.4
      vertex 98.449 7.60104 2.9
      vertex 98.449 7.60104 7.4
    endloop
  endfacet
  facet normal 0.83141 -0.55566 0
    outer loop
      vertex 98.449 7.60104 2.9
      vertex 98.2647 7.32528 7.4
      vertex 98.2647 7.32528 2.9
    endloop
  endfacet
  facet normal 0 0 1
    outer loop
      vertex 99.8353 7.32528 2.9
      vertex 99.8353 6.67472 2.9
      vertex 99.9 7 2.9
    endloop
  endfacet
  facet normal 0 0 1
    outer loop
      vertex 99.651 7.60104 2.9
      vertex 99.8353 6.67472 2.9
      vertex 99.8353 7.32528 2.9
    endloop
  endfacet
  facet normal 0 0 1
    outer loop
      vertex 99.651 7.60104 2.9
      vertex 99.651 6.39896 2.9
      vertex 99.8353 6.67472 2.9
    endloop
  endfacet
  facet normal 0 0 1
    outer loop
      vertex 99.3753 7.7853 2.9
      vertex 99.651 6.39896 2.9
      vertex 99.651 7.60104 2.9
    endloop
  endfacet
  facet normal 0 0 1
    outer loop
      vertex 99.3753 7.7853 2.9
      vertex 99.3753 6.2147 2.9
      vertex 99.651 6.39896 2.9
    endloop
  endfacet
  facet normal 0 0 1
    outer loop
      vertex 99.05 7.85 2.9
      vertex 99.3753 6.2147 2.9
      vertex 99.3753 7.7853 2.9
    endloop
  endfacet
  facet normal 0 0 1
    outer loop
      vertex 99.05 7.85 2.9
      vertex 99.05 6.15 2.9
      vertex 99.3753 6.2147 2.9
    endloop
  endfacet
  facet normal -0 0 1
    outer loop
      vertex 98.7247 7.7853 2.9
      vertex 99.05 6.15 2.9
      vertex 99.05 7.85 2.9
    endloop
  endfacet
  facet normal 0 0 1
    outer loop
      vertex 98.7247 7.7853 2.9
      vertex 98.7247 6.2147 2.9
      vertex 99.05 6.15 2.9
    endloop
  endfacet
  facet normal -0 0 1
    outer loop
      vertex 98.449 7.60104 2.9
      vertex 98.7247 6.2147 2.9
      vertex 98.7247 7.7853 2.9
    endloop
  endfacet
  facet normal 0 0 1
    outer loop
      vertex 98.449 7.60104 2.9
      vertex 98.449 6.39896 2.9
      vertex 98.7247 6.2147 2.9
    endloop
  endfacet
  facet normal -0 0 1
    outer loop
      vertex 98.2647 7.32528 2.9
      vertex 98.449 6.39896 2.9
      vertex 98.449 7.60104 2.9
    endloop
  endfacet
  facet normal 0 0 1
    outer loop
      vertex 98.2647 7.32528 2.9
      vertex 98.2647 6.67472 2.9
      vertex 98.449 6.39896 2.9
    endloop
  endfacet
  facet normal 0 -0 1
    outer loop
      vertex 98.2647 6.67472 2.9
      vertex 98.2647 7.32528 2.9
      vertex 98.2 7 2.9
    endloop
  endfacet
  facet normal 0.980787 -0.195084 0
    outer loop
      vertex 98.2 7 7.4
      vertex 98.2647 7.32528 2.9
      vertex 98.2647 7.32528 7.4
    endloop
  endfacet
  facet normal 0.980787 -0.195084 0
    outer loop
      vertex 98.2647 7.32528 2.9
      vertex 98.2 7 7.4
      vertex 98.2 7 2.9
    endloop
  endfacet
  facet normal 0.55566 -0.831409 0
    outer loop
      vertex 98.449 7.60104 2.9
      vertex 98.7247 7.7853 7.4
      vertex 98.449 7.60104 7.4
    endloop
  endfacet
  facet normal 0.55566 -0.831409 0
    outer loop
      vertex 98.7247 7.7853 7.4
      vertex 98.449 7.60104 2.9
      vertex 98.7247 7.7853 2.9
    endloop
  endfacet
  facet normal -0.980787 0.195084 0
    outer loop
      vertex 99.8353 6.67472 2.9
      vertex 99.9 7 7.4
      vertex 99.9 7 2.9
    endloop
  endfacet
  facet normal -0.980787 0.195084 0
    outer loop
      vertex 99.9 7 7.4
      vertex 99.8353 6.67472 2.9
      vertex 99.8353 6.67472 7.4
    endloop
  endfacet
  facet normal -0.55566 0.831409 0
    outer loop
      vertex 99.651 6.39896 2.9
      vertex 99.3753 6.2147 7.4
      vertex 99.651 6.39896 7.4
    endloop
  endfacet
  facet normal -0.55566 0.831409 0
    outer loop
      vertex 99.3753 6.2147 7.4
      vertex 99.651 6.39896 2.9
      vertex 99.3753 6.2147 2.9
    endloop
  endfacet
  facet normal 0.195072 0.980789 -0
    outer loop
      vertex 99.05 6.15 2.9
      vertex 98.7247 6.2147 7.4
      vertex 99.05 6.15 7.4
    endloop
  endfacet
  facet normal 0.195072 0.980789 0
    outer loop
      vertex 98.7247 6.2147 7.4
      vertex 99.05 6.15 2.9
      vertex 98.7247 6.2147 2.9
    endloop
  endfacet
  facet normal 0.83141 0.55566 0
    outer loop
      vertex 98.449 6.39896 7.4
      vertex 98.2647 6.67472 2.9
      vertex 98.2647 6.67472 7.4
    endloop
  endfacet
  facet normal 0.83141 0.55566 0
    outer loop
      vertex 98.2647 6.67472 2.9
      vertex 98.449 6.39896 7.4
      vertex 98.449 6.39896 2.9
    endloop
  endfacet
  facet normal 0.980787 0.195084 0
    outer loop
      vertex 98.2647 6.67472 7.4
      vertex 98.2 7 2.9
      vertex 98.2 7 7.4
    endloop
  endfacet
  facet normal 0.980787 0.195084 0
    outer loop
      vertex 98.2 7 2.9
      vertex 98.2647 6.67472 7.4
      vertex 98.2647 6.67472 2.9
    endloop
  endfacet
  facet normal -0.83141 0.55566 0
    outer loop
      vertex 99.651 6.39896 2.9
      vertex 99.8353 6.67472 7.4
      vertex 99.8353 6.67472 2.9
    endloop
  endfacet
  facet normal -0.83141 0.55566 0
    outer loop
      vertex 99.8353 6.67472 7.4
      vertex 99.651 6.39896 2.9
      vertex 99.651 6.39896 7.4
    endloop
  endfacet
  facet normal 0.55566 0.831409 -0
    outer loop
      vertex 98.7247 6.2147 2.9
      vertex 98.449 6.39896 7.4
      vertex 98.7247 6.2147 7.4
    endloop
  endfacet
  facet normal 0.55566 0.831409 0
    outer loop
      vertex 98.449 6.39896 7.4
      vertex 98.7247 6.2147 2.9
      vertex 98.449 6.39896 2.9
    endloop
  endfacet
  facet normal -0.980789 -0.195072 0
    outer loop
      vertex 35.9 51 2.9
      vertex 35.8353 51.3253 7.4
      vertex 35.8353 51.3253 2.9
    endloop
  endfacet
  facet normal -0.980789 -0.195072 0
    outer loop
      vertex 35.8353 51.3253 7.4
      vertex 35.9 51 2.9
      vertex 35.9 51 7.4
    endloop
  endfacet
  facet normal 0.195072 -0.980789 0
    outer loop
      vertex 34.7247 51.7853 2.9
      vertex 35.05 51.85 7.4
      vertex 34.7247 51.7853 7.4
    endloop
  endfacet
  facet normal 0.195072 -0.980789 0
    outer loop
      vertex 35.05 51.85 7.4
      vertex 34.7247 51.7853 2.9
      vertex 35.05 51.85 2.9
    endloop
  endfacet
  facet normal -0.555744 -0.831354 0
    outer loop
      vertex 35.3753 51.7853 2.9
      vertex 35.651 51.601 7.4
      vertex 35.3753 51.7853 7.4
    endloop
  endfacet
  facet normal -0.555744 -0.831354 -0
    outer loop
      vertex 35.651 51.601 7.4
      vertex 35.3753 51.7853 2.9
      vertex 35.651 51.601 2.9
    endloop
  endfacet
  facet normal -0.831354 -0.555744 0
    outer loop
      vertex 35.8353 51.3253 2.9
      vertex 35.651 51.601 7.4
      vertex 35.651 51.601 2.9
    endloop
  endfacet
  facet normal -0.831354 -0.555744 0
    outer loop
      vertex 35.651 51.601 7.4
      vertex 35.8353 51.3253 2.9
      vertex 35.8353 51.3253 7.4
    endloop
  endfacet
  facet normal -0.195072 -0.980789 0
    outer loop
      vertex 35.05 51.85 2.9
      vertex 35.3753 51.7853 7.4
      vertex 35.05 51.85 7.4
    endloop
  endfacet
  facet normal -0.195072 -0.980789 -0
    outer loop
      vertex 35.3753 51.7853 7.4
      vertex 35.05 51.85 2.9
      vertex 35.3753 51.7853 2.9
    endloop
  endfacet
  facet normal 0.831354 -0.555744 0
    outer loop
      vertex 34.2647 51.3253 7.4
      vertex 34.449 51.601 2.9
      vertex 34.449 51.601 7.4
    endloop
  endfacet
  facet normal 0.831354 -0.555744 0
    outer loop
      vertex 34.449 51.601 2.9
      vertex 34.2647 51.3253 7.4
      vertex 34.2647 51.3253 2.9
    endloop
  endfacet
  facet normal 0 0 1
    outer loop
      vertex 35.8353 51.3253 2.9
      vertex 35.8353 50.6747 2.9
      vertex 35.9 51 2.9
    endloop
  endfacet
  facet normal 0 0 1
    outer loop
      vertex 35.651 51.601 2.9
      vertex 35.8353 50.6747 2.9
      vertex 35.8353 51.3253 2.9
    endloop
  endfacet
  facet normal 0 0 1
    outer loop
      vertex 35.651 51.601 2.9
      vertex 35.651 50.399 2.9
      vertex 35.8353 50.6747 2.9
    endloop
  endfacet
  facet normal 0 0 1
    outer loop
      vertex 35.3753 51.7853 2.9
      vertex 35.651 50.399 2.9
      vertex 35.651 51.601 2.9
    endloop
  endfacet
  facet normal 0 0 1
    outer loop
      vertex 35.3753 51.7853 2.9
      vertex 35.3753 50.2147 2.9
      vertex 35.651 50.399 2.9
    endloop
  endfacet
  facet normal 0 0 1
    outer loop
      vertex 35.05 51.85 2.9
      vertex 35.3753 50.2147 2.9
      vertex 35.3753 51.7853 2.9
    endloop
  endfacet
  facet normal 0 0 1
    outer loop
      vertex 35.05 51.85 2.9
      vertex 35.05 50.15 2.9
      vertex 35.3753 50.2147 2.9
    endloop
  endfacet
  facet normal -0 0 1
    outer loop
      vertex 34.7247 51.7853 2.9
      vertex 35.05 50.15 2.9
      vertex 35.05 51.85 2.9
    endloop
  endfacet
  facet normal 0 0 1
    outer loop
      vertex 34.7247 51.7853 2.9
      vertex 34.7247 50.2147 2.9
      vertex 35.05 50.15 2.9
    endloop
  endfacet
  facet normal -0 0 1
    outer loop
      vertex 34.449 51.601 2.9
      vertex 34.7247 50.2147 2.9
      vertex 34.7247 51.7853 2.9
    endloop
  endfacet
  facet normal 0 0 1
    outer loop
      vertex 34.449 51.601 2.9
      vertex 34.449 50.399 2.9
      vertex 34.7247 50.2147 2.9
    endloop
  endfacet
  facet normal -0 0 1
    outer loop
      vertex 34.2647 51.3253 2.9
      vertex 34.449 50.399 2.9
      vertex 34.449 51.601 2.9
    endloop
  endfacet
  facet normal 0 0 1
    outer loop
      vertex 34.2647 51.3253 2.9
      vertex 34.2647 50.6747 2.9
      vertex 34.449 50.399 2.9
    endloop
  endfacet
  facet normal 0 -0 1
    outer loop
      vertex 34.2647 50.6747 2.9
      vertex 34.2647 51.3253 2.9
      vertex 34.2 51 2.9
    endloop
  endfacet
  facet normal 0.980789 -0.195072 0
    outer loop
      vertex 34.2 51 7.4
      vertex 34.2647 51.3253 2.9
      vertex 34.2647 51.3253 7.4
    endloop
  endfacet
  facet normal 0.980789 -0.195072 0
    outer loop
      vertex 34.2647 51.3253 2.9
      vertex 34.2 51 7.4
      vertex 34.2 51 2.9
    endloop
  endfacet
  facet normal 0.555744 -0.831354 0
    outer loop
      vertex 34.449 51.601 2.9
      vertex 34.7247 51.7853 7.4
      vertex 34.449 51.601 7.4
    endloop
  endfacet
  facet normal 0.555744 -0.831354 0
    outer loop
      vertex 34.7247 51.7853 7.4
      vertex 34.449 51.601 2.9
      vertex 34.7247 51.7853 2.9
    endloop
  endfacet
  facet normal -0.980789 0.195072 0
    outer loop
      vertex 35.8353 50.6747 2.9
      vertex 35.9 51 7.4
      vertex 35.9 51 2.9
    endloop
  endfacet
  facet normal -0.980789 0.195072 0
    outer loop
      vertex 35.9 51 7.4
      vertex 35.8353 50.6747 2.9
      vertex 35.8353 50.6747 7.4
    endloop
  endfacet
  facet normal -0.555744 0.831354 0
    outer loop
      vertex 35.651 50.399 2.9
      vertex 35.3753 50.2147 7.4
      vertex 35.651 50.399 7.4
    endloop
  endfacet
  facet normal -0.555744 0.831354 0
    outer loop
      vertex 35.3753 50.2147 7.4
      vertex 35.651 50.399 2.9
      vertex 35.3753 50.2147 2.9
    endloop
  endfacet
  facet normal 0.195072 0.980789 -0
    outer loop
      vertex 35.05 50.15 2.9
      vertex 34.7247 50.2147 7.4
      vertex 35.05 50.15 7.4
    endloop
  endfacet
  facet normal 0.195072 0.980789 0
    outer loop
      vertex 34.7247 50.2147 7.4
      vertex 35.05 50.15 2.9
      vertex 34.7247 50.2147 2.9
    endloop
  endfacet
  facet normal 0.831354 0.555744 0
    outer loop
      vertex 34.449 50.399 7.4
      vertex 34.2647 50.6747 2.9
      vertex 34.2647 50.6747 7.4
    endloop
  endfacet
  facet normal 0.831354 0.555744 0
    outer loop
      vertex 34.2647 50.6747 2.9
      vertex 34.449 50.399 7.4
      vertex 34.449 50.399 2.9
    endloop
  endfacet
  facet normal 0.980789 0.195072 0
    outer loop
      vertex 34.2647 50.6747 7.4
      vertex 34.2 51 2.9
      vertex 34.2 51 7.4
    endloop
  endfacet
  facet normal 0.980789 0.195072 0
    outer loop
      vertex 34.2 51 2.9
      vertex 34.2647 50.6747 7.4
      vertex 34.2647 50.6747 2.9
    endloop
  endfacet
  facet normal -0.831354 0.555744 0
    outer loop
      vertex 35.651 50.399 2.9
      vertex 35.8353 50.6747 7.4
      vertex 35.8353 50.6747 2.9
    endloop
  endfacet
  facet normal -0.831354 0.555744 0
    outer loop
      vertex 35.8353 50.6747 7.4
      vertex 35.651 50.399 2.9
      vertex 35.651 50.399 7.4
    endloop
  endfacet
  facet normal -0.195072 0.980789 0
    outer loop
      vertex 35.3753 50.2147 2.9
      vertex 35.05 50.15 7.4
      vertex 35.3753 50.2147 7.4
    endloop
  endfacet
  facet normal -0.195072 0.980789 0
    outer loop
      vertex 35.05 50.15 7.4
      vertex 35.3753 50.2147 2.9
      vertex 35.05 50.15 2.9
    endloop
  endfacet
  facet normal 0.555744 0.831354 -0
    outer loop
      vertex 34.7247 50.2147 2.9
      vertex 34.449 50.399 7.4
      vertex 34.7247 50.2147 7.4
    endloop
  endfacet
  facet normal 0.555744 0.831354 0
    outer loop
      vertex 34.449 50.399 7.4
      vertex 34.7247 50.2147 2.9
      vertex 34.449 50.399 2.9
    endloop
  endfacet
  facet normal -0.980789 -0.195072 0
    outer loop
      vertex 99.9 51 2.9
      vertex 99.8353 51.3253 7.4
      vertex 99.8353 51.3253 2.9
    endloop
  endfacet
  facet normal -0.980789 -0.195072 0
    outer loop
      vertex 99.8353 51.3253 7.4
      vertex 99.9 51 2.9
      vertex 99.9 51 7.4
    endloop
  endfacet
  facet normal 0.195072 -0.980789 0
    outer loop
      vertex 98.7247 51.7853 2.9
      vertex 99.05 51.85 7.4
      vertex 98.7247 51.7853 7.4
    endloop
  endfacet
  facet normal 0.195072 -0.980789 0
    outer loop
      vertex 99.05 51.85 7.4
      vertex 98.7247 51.7853 2.9
      vertex 99.05 51.85 2.9
    endloop
  endfacet
  facet normal -0.195072 0.980789 0
    outer loop
      vertex 99.3753 50.2147 2.9
      vertex 99.05 50.15 7.4
      vertex 99.3753 50.2147 7.4
    endloop
  endfacet
  facet normal -0.195072 0.980789 0
    outer loop
      vertex 99.05 50.15 7.4
      vertex 99.3753 50.2147 2.9
      vertex 99.05 50.15 2.9
    endloop
  endfacet
  facet normal -0.555744 -0.831354 0
    outer loop
      vertex 99.3753 51.7853 2.9
      vertex 99.651 51.601 7.4
      vertex 99.3753 51.7853 7.4
    endloop
  endfacet
  facet normal -0.555744 -0.831354 -0
    outer loop
      vertex 99.651 51.601 7.4
      vertex 99.3753 51.7853 2.9
      vertex 99.651 51.601 2.9
    endloop
  endfacet
  facet normal -0.831354 -0.555744 0
    outer loop
      vertex 99.8353 51.3253 2.9
      vertex 99.651 51.601 7.4
      vertex 99.651 51.601 2.9
    endloop
  endfacet
  facet normal -0.831354 -0.555744 0
    outer loop
      vertex 99.651 51.601 7.4
      vertex 99.8353 51.3253 2.9
      vertex 99.8353 51.3253 7.4
    endloop
  endfacet
  facet normal -0.195072 -0.980789 0
    outer loop
      vertex 99.05 51.85 2.9
      vertex 99.3753 51.7853 7.4
      vertex 99.05 51.85 7.4
    endloop
  endfacet
  facet normal -0.195072 -0.980789 -0
    outer loop
      vertex 99.3753 51.7853 7.4
      vertex 99.05 51.85 2.9
      vertex 99.3753 51.7853 2.9
    endloop
  endfacet
  facet normal 0.831354 -0.555744 0
    outer loop
      vertex 98.2647 51.3253 7.4
      vertex 98.449 51.601 2.9
      vertex 98.449 51.601 7.4
    endloop
  endfacet
  facet normal 0.831354 -0.555744 0
    outer loop
      vertex 98.449 51.601 2.9
      vertex 98.2647 51.3253 7.4
      vertex 98.2647 51.3253 2.9
    endloop
  endfacet
  facet normal 0 0 1
    outer loop
      vertex 99.8353 51.3253 2.9
      vertex 99.8353 50.6747 2.9
      vertex 99.9 51 2.9
    endloop
  endfacet
  facet normal 0 0 1
    outer loop
      vertex 99.651 51.601 2.9
      vertex 99.8353 50.6747 2.9
      vertex 99.8353 51.3253 2.9
    endloop
  endfacet
  facet normal 0 0 1
    outer loop
      vertex 99.651 51.601 2.9
      vertex 99.651 50.399 2.9
      vertex 99.8353 50.6747 2.9
    endloop
  endfacet
  facet normal 0 0 1
    outer loop
      vertex 99.3753 51.7853 2.9
      vertex 99.651 50.399 2.9
      vertex 99.651 51.601 2.9
    endloop
  endfacet
  facet normal 0 0 1
    outer loop
      vertex 99.3753 51.7853 2.9
      vertex 99.3753 50.2147 2.9
      vertex 99.651 50.399 2.9
    endloop
  endfacet
  facet normal 0 0 1
    outer loop
      vertex 99.05 51.85 2.9
      vertex 99.3753 50.2147 2.9
      vertex 99.3753 51.7853 2.9
    endloop
  endfacet
  facet normal 0 0 1
    outer loop
      vertex 99.05 51.85 2.9
      vertex 99.05 50.15 2.9
      vertex 99.3753 50.2147 2.9
    endloop
  endfacet
  facet normal -0 0 1
    outer loop
      vertex 98.7247 51.7853 2.9
      vertex 99.05 50.15 2.9
      vertex 99.05 51.85 2.9
    endloop
  endfacet
  facet normal 0 0 1
    outer loop
      vertex 98.7247 51.7853 2.9
      vertex 98.7247 50.2147 2.9
      vertex 99.05 50.15 2.9
    endloop
  endfacet
  facet normal -0 0 1
    outer loop
      vertex 98.449 51.601 2.9
      vertex 98.7247 50.2147 2.9
      vertex 98.7247 51.7853 2.9
    endloop
  endfacet
  facet normal 0 0 1
    outer loop
      vertex 98.449 51.601 2.9
      vertex 98.449 50.399 2.9
      vertex 98.7247 50.2147 2.9
    endloop
  endfacet
  facet normal -0 0 1
    outer loop
      vertex 98.2647 51.3253 2.9
      vertex 98.449 50.399 2.9
      vertex 98.449 51.601 2.9
    endloop
  endfacet
  facet normal 0 0 1
    outer loop
      vertex 98.2647 51.3253 2.9
      vertex 98.2647 50.6747 2.9
      vertex 98.449 50.399 2.9
    endloop
  endfacet
  facet normal 0 -0 1
    outer loop
      vertex 98.2647 50.6747 2.9
      vertex 98.2647 51.3253 2.9
      vertex 98.2 51 2.9
    endloop
  endfacet
  facet normal 0.980789 -0.195072 0
    outer loop
      vertex 98.2 51 7.4
      vertex 98.2647 51.3253 2.9
      vertex 98.2647 51.3253 7.4
    endloop
  endfacet
  facet normal 0.980789 -0.195072 0
    outer loop
      vertex 98.2647 51.3253 2.9
      vertex 98.2 51 7.4
      vertex 98.2 51 2.9
    endloop
  endfacet
  facet normal 0.555744 -0.831354 0
    outer loop
      vertex 98.449 51.601 2.9
      vertex 98.7247 51.7853 7.4
      vertex 98.449 51.601 7.4
    endloop
  endfacet
  facet normal 0.555744 -0.831354 0
    outer loop
      vertex 98.7247 51.7853 7.4
      vertex 98.449 51.601 2.9
      vertex 98.7247 51.7853 2.9
    endloop
  endfacet
  facet normal -0.555744 0.831354 0
    outer loop
      vertex 99.651 50.399 2.9
      vertex 99.3753 50.2147 7.4
      vertex 99.651 50.399 7.4
    endloop
  endfacet
  facet normal -0.555744 0.831354 0
    outer loop
      vertex 99.3753 50.2147 7.4
      vertex 99.651 50.399 2.9
      vertex 99.3753 50.2147 2.9
    endloop
  endfacet
  facet normal -0.980789 0.195072 0
    outer loop
      vertex 99.8353 50.6747 2.9
      vertex 99.9 51 7.4
      vertex 99.9 51 2.9
    endloop
  endfacet
  facet normal -0.980789 0.195072 0
    outer loop
      vertex 99.9 51 7.4
      vertex 99.8353 50.6747 2.9
      vertex 99.8353 50.6747 7.4
    endloop
  endfacet
  facet normal 0.195072 0.980789 -0
    outer loop
      vertex 99.05 50.15 2.9
      vertex 98.7247 50.2147 7.4
      vertex 99.05 50.15 7.4
    endloop
  endfacet
  facet normal 0.195072 0.980789 0
    outer loop
      vertex 98.7247 50.2147 7.4
      vertex 99.05 50.15 2.9
      vertex 98.7247 50.2147 2.9
    endloop
  endfacet
  facet normal 0.831354 0.555744 0
    outer loop
      vertex 98.449 50.399 7.4
      vertex 98.2647 50.6747 2.9
      vertex 98.2647 50.6747 7.4
    endloop
  endfacet
  facet normal 0.831354 0.555744 0
    outer loop
      vertex 98.2647 50.6747 2.9
      vertex 98.449 50.399 7.4
      vertex 98.449 50.399 2.9
    endloop
  endfacet
  facet normal 0.980789 0.195072 0
    outer loop
      vertex 98.2647 50.6747 7.4
      vertex 98.2 51 2.9
      vertex 98.2 51 7.4
    endloop
  endfacet
  facet normal 0.980789 0.195072 0
    outer loop
      vertex 98.2 51 2.9
      vertex 98.2647 50.6747 7.4
      vertex 98.2647 50.6747 2.9
    endloop
  endfacet
  facet normal -0.831354 0.555744 0
    outer loop
      vertex 99.651 50.399 2.9
      vertex 99.8353 50.6747 7.4
      vertex 99.8353 50.6747 2.9
    endloop
  endfacet
  facet normal -0.831354 0.555744 0
    outer loop
      vertex 99.8353 50.6747 7.4
      vertex 99.651 50.399 2.9
      vertex 99.651 50.399 7.4
    endloop
  endfacet
  facet normal 0.555744 0.831354 -0
    outer loop
      vertex 98.7247 50.2147 2.9
      vertex 98.449 50.399 7.4
      vertex 98.7247 50.2147 7.4
    endloop
  endfacet
  facet normal 0.555744 0.831354 0
    outer loop
      vertex 98.449 50.399 7.4
      vertex 98.7247 50.2147 2.9
      vertex 98.449 50.399 2.9
    endloop
  endfacet
  facet normal 0.321384 0 0.946949
    outer loop
      vertex 6.39385 146.77 8.16091
      vertex 6.49294 145.57 8.12728
      vertex 6.49294 146.77 8.12728
    endloop
  endfacet
  facet normal 0.321384 0 0.946949
    outer loop
      vertex 6.49294 145.57 8.12728
      vertex 6.39385 146.77 8.16091
      vertex 6.39385 145.57 8.16091
    endloop
  endfacet
  facet normal 1 -0 0
    outer loop
      vertex 5.9 145.57 9
      vertex 5.9 146.77 8.90001
      vertex 5.9 146.77 9
    endloop
  endfacet
  facet normal 1 0 0
    outer loop
      vertex 5.9 146.77 8.90001
      vertex 5.9 145.57 9
      vertex 5.9 145.57 8.90001
    endloop
  endfacet
  facet normal -0 0 1
    outer loop
      vertex 6.7 146.77 8.10001
      vertex 19.1 145.57 8.10001
      vertex 19.1 146.77 8.10001
    endloop
  endfacet
  facet normal 0 0 1
    outer loop
      vertex 19.1 145.57 8.10001
      vertex 6.7 146.77 8.10001
      vertex 6.7 145.57 8.10001
    endloop
  endfacet
  facet normal -1 0 0
    outer loop
      vertex 19.9 145.57 8.90001
      vertex 19.9 146.77 9
      vertex 19.9 146.77 8.90001
    endloop
  endfacet
  facet normal -1 -0 0
    outer loop
      vertex 19.9 146.77 9
      vertex 19.9 145.57 8.90001
      vertex 19.9 145.57 9
    endloop
  endfacet
  facet normal 0.997855 -0 0.065466
    outer loop
      vertex 5.9 145.57 8.90001
      vertex 5.90685 146.77 8.7956
      vertex 5.9 146.77 8.90001
    endloop
  endfacet
  facet normal 0.997855 0 0.065466
    outer loop
      vertex 5.90685 146.77 8.7956
      vertex 5.9 145.57 8.90001
      vertex 5.90685 145.57 8.7956
    endloop
  endfacet
  facet normal 0.980782 -0 0.195105
    outer loop
      vertex 5.90685 145.57 8.7956
      vertex 5.92727 146.77 8.69295
      vertex 5.90685 146.77 8.7956
    endloop
  endfacet
  facet normal 0.980782 0 0.195105
    outer loop
      vertex 5.92727 146.77 8.69295
      vertex 5.90685 145.57 8.7956
      vertex 5.92727 145.57 8.69295
    endloop
  endfacet
  facet normal -0.0654722 0 0.997854
    outer loop
      vertex 19.1 146.77 8.10001
      vertex 19.2044 145.57 8.10686
      vertex 19.2044 146.77 8.10686
    endloop
  endfacet
  facet normal -0.0654722 0 0.997854
    outer loop
      vertex 19.2044 145.57 8.10686
      vertex 19.1 146.77 8.10001
      vertex 19.1 145.57 8.10001
    endloop
  endfacet
  facet normal -0.195014 0 0.9808
    outer loop
      vertex 19.2044 146.77 8.10686
      vertex 19.3071 145.57 8.12728
      vertex 19.3071 146.77 8.12728
    endloop
  endfacet
  facet normal -0.195014 0 0.9808
    outer loop
      vertex 19.3071 145.57 8.12728
      vertex 19.2044 146.77 8.10686
      vertex 19.2044 145.57 8.10686
    endloop
  endfacet
  facet normal 0.195105 0 0.980782
    outer loop
      vertex 6.49294 146.77 8.12728
      vertex 6.59559 145.57 8.10686
      vertex 6.59559 146.77 8.10686
    endloop
  endfacet
  facet normal 0.195105 0 0.980782
    outer loop
      vertex 6.59559 145.57 8.10686
      vertex 6.49294 146.77 8.12728
      vertex 6.49294 145.57 8.12728
    endloop
  endfacet
  facet normal 0.065466 0 0.997855
    outer loop
      vertex 6.59559 146.77 8.10686
      vertex 6.7 145.57 8.10001
      vertex 6.7 146.77 8.10001
    endloop
  endfacet
  facet normal 0.065466 0 0.997855
    outer loop
      vertex 6.7 145.57 8.10001
      vertex 6.59559 146.77 8.10686
      vertex 6.59559 145.57 8.10686
    endloop
  endfacet
  facet normal -0.831668 0 0.555273
    outer loop
      vertex 19.7347 145.57 8.413
      vertex 19.7928 146.77 8.50002
      vertex 19.7347 146.77 8.413
    endloop
  endfacet
  facet normal -0.831668 0 0.555273
    outer loop
      vertex 19.7928 146.77 8.50002
      vertex 19.7347 145.57 8.413
      vertex 19.7928 145.57 8.50002
    endloop
  endfacet
  facet normal -0.321646 0 0.94686
    outer loop
      vertex 19.3071 146.77 8.12728
      vertex 19.4061 145.57 8.16091
      vertex 19.4061 146.77 8.16091
    endloop
  endfacet
  facet normal -0.321646 0 0.94686
    outer loop
      vertex 19.4061 145.57 8.16091
      vertex 19.3071 146.77 8.12728
      vertex 19.3071 145.57 8.12728
    endloop
  endfacet
  facet normal 0.751801 -0 0.65939
    outer loop
      vertex 6.06531 145.57 8.413
      vertex 6.13431 146.77 8.33433
      vertex 6.06531 146.77 8.413
    endloop
  endfacet
  facet normal 0.751801 0 0.65939
    outer loop
      vertex 6.13431 146.77 8.33433
      vertex 6.06531 145.57 8.413
      vertex 6.13431 145.57 8.33433
    endloop
  endfacet
  facet normal -0.947036 0 0.321126
    outer loop
      vertex 19.8391 145.57 8.59386
      vertex 19.8727 146.77 8.69295
      vertex 19.8391 146.77 8.59386
    endloop
  endfacet
  facet normal -0.947036 0 0.321126
    outer loop
      vertex 19.8727 146.77 8.69295
      vertex 19.8391 145.57 8.59386
      vertex 19.8727 145.57 8.69295
    endloop
  endfacet
  facet normal -0.896785 0 0.442467
    outer loop
      vertex 19.7928 145.57 8.50002
      vertex 19.8391 146.77 8.59386
      vertex 19.7928 146.77 8.50002
    endloop
  endfacet
  facet normal -0.896785 0 0.442467
    outer loop
      vertex 19.8391 146.77 8.59386
      vertex 19.7928 145.57 8.50002
      vertex 19.8391 145.57 8.59386
    endloop
  endfacet
  facet normal -0.659248 0 0.751925
    outer loop
      vertex 19.587 146.77 8.26533
      vertex 19.6657 145.57 8.33433
      vertex 19.6657 146.77 8.33433
    endloop
  endfacet
  facet normal -0.659248 0 0.751925
    outer loop
      vertex 19.6657 145.57 8.33433
      vertex 19.587 146.77 8.26533
      vertex 19.587 145.57 8.26533
    endloop
  endfacet
  facet normal -0.751801 0 0.65939
    outer loop
      vertex 19.6657 145.57 8.33433
      vertex 19.7347 146.77 8.413
      vertex 19.6657 146.77 8.33433
    endloop
  endfacet
  facet normal -0.751801 0 0.65939
    outer loop
      vertex 19.7347 146.77 8.413
      vertex 19.6657 145.57 8.33433
      vertex 19.7347 145.57 8.413
    endloop
  endfacet
  facet normal 0.946949 -0 0.321384
    outer loop
      vertex 5.92727 145.57 8.69295
      vertex 5.9609 146.77 8.59386
      vertex 5.92727 146.77 8.69295
    endloop
  endfacet
  facet normal 0.946949 0 0.321384
    outer loop
      vertex 5.9609 146.77 8.59386
      vertex 5.92727 145.57 8.69295
      vertex 5.9609 145.57 8.59386
    endloop
  endfacet
  facet normal 0.89686 -0 0.442314
    outer loop
      vertex 5.9609 145.57 8.59386
      vertex 6.00718 146.77 8.50002
      vertex 5.9609 146.77 8.59386
    endloop
  endfacet
  facet normal 0.89686 0 0.442314
    outer loop
      vertex 6.00718 146.77 8.50002
      vertex 5.9609 145.57 8.59386
      vertex 6.00718 145.57 8.50002
    endloop
  endfacet
  facet normal 0.831535 -0 0.555472
    outer loop
      vertex 6.00718 145.57 8.50002
      vertex 6.06531 146.77 8.413
      vertex 6.00718 146.77 8.50002
    endloop
  endfacet
  facet normal 0.831535 0 0.555472
    outer loop
      vertex 6.06531 146.77 8.413
      vertex 6.00718 145.57 8.50002
      vertex 6.06531 145.57 8.413
    endloop
  endfacet
  facet normal 0.659343 0 0.751842
    outer loop
      vertex 6.13431 146.77 8.33433
      vertex 6.21299 145.57 8.26533
      vertex 6.21299 146.77 8.26533
    endloop
  endfacet
  facet normal 0.659343 0 0.751842
    outer loop
      vertex 6.21299 145.57 8.26533
      vertex 6.13431 146.77 8.33433
      vertex 6.13431 145.57 8.33433
    endloop
  endfacet
  facet normal 0.555538 0 0.831491
    outer loop
      vertex 6.21299 146.77 8.26533
      vertex 6.30001 145.57 8.20719
      vertex 6.30001 146.77 8.20719
    endloop
  endfacet
  facet normal 0.555538 0 0.831491
    outer loop
      vertex 6.30001 145.57 8.20719
      vertex 6.21299 146.77 8.26533
      vertex 6.21299 145.57 8.26533
    endloop
  endfacet
  facet normal 0.442314 0 0.89686
    outer loop
      vertex 6.30001 146.77 8.20719
      vertex 6.39385 145.57 8.16091
      vertex 6.39385 146.77 8.16091
    endloop
  endfacet
  facet normal 0.442314 0 0.89686
    outer loop
      vertex 6.39385 145.57 8.16091
      vertex 6.30001 146.77 8.20719
      vertex 6.30001 145.57 8.20719
    endloop
  endfacet
  facet normal -0.980819 0 0.194922
    outer loop
      vertex 19.8727 145.57 8.69295
      vertex 19.8931 146.77 8.7956
      vertex 19.8727 146.77 8.69295
    endloop
  endfacet
  facet normal -0.980819 0 0.194922
    outer loop
      vertex 19.8931 146.77 8.7956
      vertex 19.8727 145.57 8.69295
      vertex 19.8931 145.57 8.7956
    endloop
  endfacet
  facet normal -0.997823 0 0.0659418
    outer loop
      vertex 19.8931 145.57 8.7956
      vertex 19.9 146.77 8.90001
      vertex 19.8931 146.77 8.7956
    endloop
  endfacet
  facet normal -0.997823 0 0.0659418
    outer loop
      vertex 19.9 146.77 8.90001
      vertex 19.8931 145.57 8.7956
      vertex 19.9 145.57 8.90001
    endloop
  endfacet
  facet normal -0.442086 0 0.896973
    outer loop
      vertex 19.4061 146.77 8.16091
      vertex 19.5 145.57 8.20719
      vertex 19.5 146.77 8.20719
    endloop
  endfacet
  facet normal -0.442086 0 0.896973
    outer loop
      vertex 19.5 145.57 8.20719
      vertex 19.4061 146.77 8.16091
      vertex 19.4061 145.57 8.16091
    endloop
  endfacet
  facet normal -0.555626 0 0.831432
    outer loop
      vertex 19.5 146.77 8.20719
      vertex 19.587 145.57 8.26533
      vertex 19.587 146.77 8.26533
    endloop
  endfacet
  facet normal -0.555626 0 0.831432
    outer loop
      vertex 19.587 145.57 8.26533
      vertex 19.5 146.77 8.20719
      vertex 19.5 145.57 8.20719
    endloop
  endfacet
  facet normal -0.555476 0 0.831533
    outer loop
      vertex 38.85 147.57 8.38397
      vertex 38.9588 145.57 8.45665
      vertex 38.9588 147.57 8.45665
    endloop
  endfacet
  facet normal -0.555476 0 0.831533
    outer loop
      vertex 38.9588 145.57 8.45665
      vertex 38.85 147.57 8.38397
      vertex 38.85 145.57 8.38397
    endloop
  endfacet
  facet normal -0.0654532 0 0.997856
    outer loop
      vertex 38.35 147.57 8.25
      vertex 38.4805 145.57 8.25856
      vertex 38.4805 147.57 8.25856
    endloop
  endfacet
  facet normal -0.0654532 0 0.997856
    outer loop
      vertex 38.4805 145.57 8.25856
      vertex 38.35 147.57 8.25
      vertex 38.35 145.57 8.25
    endloop
  endfacet
  facet normal -0 0 1
    outer loop
      vertex 24.85 147.57 8.25
      vertex 38.35 145.57 8.25
      vertex 38.35 147.57 8.25
    endloop
  endfacet
  facet normal 0 0 1
    outer loop
      vertex 38.35 145.57 8.25
      vertex 24.85 147.57 8.25
      vertex 24.85 145.57 8.25
    endloop
  endfacet
  facet normal -0.321451 0 0.946926
    outer loop
      vertex 38.6088 147.57 8.28407
      vertex 38.7327 145.57 8.32613
      vertex 38.7327 147.57 8.32613
    endloop
  endfacet
  facet normal -0.321451 0 0.946926
    outer loop
      vertex 38.7327 145.57 8.32613
      vertex 38.6088 147.57 8.28407
      vertex 38.6088 145.57 8.28407
    endloop
  endfacet
  facet normal -0.195013 0 0.980801
    outer loop
      vertex 38.4805 147.57 8.25856
      vertex 38.6088 145.57 8.28407
      vertex 38.6088 147.57 8.28407
    endloop
  endfacet
  facet normal -0.195013 0 0.980801
    outer loop
      vertex 38.6088 145.57 8.28407
      vertex 38.4805 147.57 8.25856
      vertex 38.4805 145.57 8.25856
    endloop
  endfacet
  facet normal -0.442252 0 0.896891
    outer loop
      vertex 38.7327 147.57 8.32613
      vertex 38.85 145.57 8.38397
      vertex 38.85 147.57 8.38397
    endloop
  endfacet
  facet normal -0.442252 0 0.896891
    outer loop
      vertex 38.85 145.57 8.38397
      vertex 38.7327 147.57 8.32613
      vertex 38.7327 145.57 8.32613
    endloop
  endfacet
  facet normal 0.321451 0 0.946926
    outer loop
      vertex 24.4673 147.57 8.32613
      vertex 24.5912 145.57 8.28407
      vertex 24.5912 147.57 8.28407
    endloop
  endfacet
  facet normal 0.321451 0 0.946926
    outer loop
      vertex 24.5912 145.57 8.28407
      vertex 24.4673 147.57 8.32613
      vertex 24.4673 145.57 8.32613
    endloop
  endfacet
  facet normal -0.896724 0 0.442591
    outer loop
      vertex 39.216 145.57 8.75
      vertex 39.2739 147.57 8.86731
      vertex 39.216 147.57 8.75
    endloop
  endfacet
  facet normal -0.896724 0 0.442591
    outer loop
      vertex 39.2739 147.57 8.86731
      vertex 39.216 145.57 8.75
      vertex 39.2739 145.57 8.86731
    endloop
  endfacet
  facet normal -0.979804 0 0.19996
    outer loop
      vertex 39.3159 145.57 8.99118
      vertex 39.3177 147.57 9
      vertex 39.3159 147.57 8.99118
    endloop
  endfacet
  facet normal -0.979804 0 0.19996
    outer loop
      vertex 39.3177 147.57 9
      vertex 39.3159 145.57 8.99118
      vertex 39.3177 145.57 9
    endloop
  endfacet
  facet normal 0.75162 -0 0.659597
    outer loop
      vertex 24.0566 145.57 8.64123
      vertex 24.1429 147.57 8.54289
      vertex 24.0566 147.57 8.64123
    endloop
  endfacet
  facet normal 0.75162 0 0.659597
    outer loop
      vertex 24.1429 147.57 8.54289
      vertex 24.0566 145.57 8.64123
      vertex 24.1429 145.57 8.54289
    endloop
  endfacet
  facet normal 0.442252 0 0.896891
    outer loop
      vertex 24.35 147.57 8.38397
      vertex 24.4673 145.57 8.32613
      vertex 24.4673 147.57 8.32613
    endloop
  endfacet
  facet normal 0.442252 0 0.896891
    outer loop
      vertex 24.4673 145.57 8.32613
      vertex 24.35 147.57 8.38397
      vertex 24.35 145.57 8.38397
    endloop
  endfacet
  facet normal -0.751998 0 0.659165
    outer loop
      vertex 39.0571 145.57 8.54289
      vertex 39.1433 147.57 8.64123
      vertex 39.0571 147.57 8.54289
    endloop
  endfacet
  facet normal -0.751998 0 0.659165
    outer loop
      vertex 39.1433 147.57 8.64123
      vertex 39.0571 145.57 8.54289
      vertex 39.1433 145.57 8.64123
    endloop
  endfacet
  facet normal -0.947042 0 0.321109
    outer loop
      vertex 39.2739 145.57 8.86731
      vertex 39.3159 147.57 8.99118
      vertex 39.2739 147.57 8.86731
    endloop
  endfacet
  facet normal -0.947042 0 0.321109
    outer loop
      vertex 39.3159 147.57 8.99118
      vertex 39.2739 145.57 8.86731
      vertex 39.3159 145.57 8.99118
    endloop
  endfacet
  facet normal -0.831391 0 0.555688
    outer loop
      vertex 39.1433 145.57 8.64123
      vertex 39.216 147.57 8.75
      vertex 39.1433 147.57 8.64123
    endloop
  endfacet
  facet normal -0.831391 0 0.555688
    outer loop
      vertex 39.216 147.57 8.75
      vertex 39.1433 145.57 8.64123
      vertex 39.216 145.57 8.75
    endloop
  endfacet
  facet normal -0.659489 0 0.751714
    outer loop
      vertex 38.9588 147.57 8.45665
      vertex 39.0571 145.57 8.54289
      vertex 39.0571 147.57 8.54289
    endloop
  endfacet
  facet normal -0.659489 0 0.751714
    outer loop
      vertex 39.0571 145.57 8.54289
      vertex 38.9588 147.57 8.45665
      vertex 38.9588 145.57 8.45665
    endloop
  endfacet
  facet normal 0.979804 -0 0.19996
    outer loop
      vertex 23.8823 145.57 9
      vertex 23.8841 146.77 8.99118
      vertex 23.8823 146.77 9
    endloop
  endfacet
  facet normal 0.979804 0 0.19996
    outer loop
      vertex 23.8841 146.77 8.99118
      vertex 23.8823 145.57 9
      vertex 23.8841 145.57 8.99118
    endloop
  endfacet
  facet normal 0.831744 -0 0.555159
    outer loop
      vertex 23.984 145.57 8.75
      vertex 24.0566 147.57 8.64123
      vertex 23.984 147.57 8.75
    endloop
  endfacet
  facet normal 0.831744 0 0.555159
    outer loop
      vertex 24.0566 147.57 8.64123
      vertex 23.984 145.57 8.75
      vertex 24.0566 145.57 8.64123
    endloop
  endfacet
  facet normal 0.947097 0 0.320947
    outer loop
      vertex 23.8841 146.77 8.99118
      vertex 23.8841 145.57 8.99118
      vertex 23.9 146.77 8.94426
    endloop
  endfacet
  facet normal 0.947009 -0 0.321208
    outer loop
      vertex 23.9 146.77 8.94426
      vertex 23.9261 147.57 8.86731
      vertex 23.9 147.57 8.94426
    endloop
  endfacet
  facet normal 0.947042 7.05293e-06 0.321109
    outer loop
      vertex 23.9261 145.57 8.86731
      vertex 23.9 146.77 8.94426
      vertex 23.8841 145.57 8.99118
    endloop
  endfacet
  facet normal 0.947009 0 0.321208
    outer loop
      vertex 23.9 146.77 8.94426
      vertex 23.9261 145.57 8.86731
      vertex 23.9261 147.57 8.86731
    endloop
  endfacet
  facet normal 0.195013 0 0.980801
    outer loop
      vertex 24.5912 147.57 8.28407
      vertex 24.7195 145.57 8.25856
      vertex 24.7195 147.57 8.25856
    endloop
  endfacet
  facet normal 0.195013 0 0.980801
    outer loop
      vertex 24.7195 145.57 8.25856
      vertex 24.5912 147.57 8.28407
      vertex 24.5912 145.57 8.28407
    endloop
  endfacet
  facet normal 0.0654532 0 0.997856
    outer loop
      vertex 24.7195 147.57 8.25856
      vertex 24.85 145.57 8.25
      vertex 24.85 147.57 8.25
    endloop
  endfacet
  facet normal 0.0654532 0 0.997856
    outer loop
      vertex 24.85 145.57 8.25
      vertex 24.7195 147.57 8.25856
      vertex 24.7195 145.57 8.25856
    endloop
  endfacet
  facet normal 0.896724 -0 0.442591
    outer loop
      vertex 23.9261 145.57 8.86731
      vertex 23.984 147.57 8.75
      vertex 23.9261 147.57 8.86731
    endloop
  endfacet
  facet normal 0.896724 0 0.442591
    outer loop
      vertex 23.984 147.57 8.75
      vertex 23.9261 145.57 8.86731
      vertex 23.984 145.57 8.75
    endloop
  endfacet
  facet normal 0.659489 0 0.751714
    outer loop
      vertex 24.1429 147.57 8.54289
      vertex 24.2412 145.57 8.45665
      vertex 24.2412 147.57 8.45665
    endloop
  endfacet
  facet normal 0.659489 0 0.751714
    outer loop
      vertex 24.2412 145.57 8.45665
      vertex 24.1429 147.57 8.54289
      vertex 24.1429 145.57 8.54289
    endloop
  endfacet
  facet normal 0.555476 0 0.831533
    outer loop
      vertex 24.2412 147.57 8.45665
      vertex 24.35 145.57 8.38397
      vertex 24.35 147.57 8.38397
    endloop
  endfacet
  facet normal 0.555476 0 0.831533
    outer loop
      vertex 24.35 145.57 8.38397
      vertex 24.2412 147.57 8.45665
      vertex 24.2412 145.57 8.45665
    endloop
  endfacet
  facet normal 0.0654139 0 0.997858
    outer loop
      vertex 47.1345 147.57 8.12986
      vertex 47.59 145.57 8.1
      vertex 47.59 147.57 8.1
    endloop
  endfacet
  facet normal 0.0654139 0 0.997858
    outer loop
      vertex 47.59 145.57 8.1
      vertex 47.1345 147.57 8.12986
      vertex 47.1345 145.57 8.12986
    endloop
  endfacet
  facet normal 0.4423 0 0.896867
    outer loop
      vertex 45.845 147.57 8.56757
      vertex 46.2544 145.57 8.36567
      vertex 46.2544 147.57 8.36567
    endloop
  endfacet
  facet normal 0.4423 0 0.896867
    outer loop
      vertex 46.2544 145.57 8.36567
      vertex 45.845 147.57 8.56757
      vertex 45.845 145.57 8.56757
    endloop
  endfacet
  facet normal -0.4423 0 0.896867
    outer loop
      vertex 48.9456 147.57 8.36567
      vertex 49.355 145.57 8.56757
      vertex 49.355 147.57 8.56757
    endloop
  endfacet
  facet normal -0.4423 0 0.896867
    outer loop
      vertex 49.355 145.57 8.56757
      vertex 48.9456 147.57 8.36567
      vertex 48.9456 145.57 8.36567
    endloop
  endfacet
  facet normal 0.321428 0 0.946934
    outer loop
      vertex 46.2544 147.57 8.36567
      vertex 46.6867 145.57 8.21893
      vertex 46.6867 147.57 8.21893
    endloop
  endfacet
  facet normal 0.321428 0 0.946934
    outer loop
      vertex 46.6867 145.57 8.21893
      vertex 46.2544 147.57 8.36567
      vertex 46.2544 145.57 8.36567
    endloop
  endfacet
  facet normal 0.195084 0 0.980787
    outer loop
      vertex 46.6867 147.57 8.21893
      vertex 47.1345 145.57 8.12986
      vertex 47.1345 147.57 8.12986
    endloop
  endfacet
  facet normal 0.195084 0 0.980787
    outer loop
      vertex 47.1345 145.57 8.12986
      vertex 46.6867 147.57 8.21893
      vertex 46.6867 145.57 8.21893
    endloop
  endfacet
  facet normal -0.321428 0 0.946934
    outer loop
      vertex 48.5133 147.57 8.21893
      vertex 48.9456 145.57 8.36567
      vertex 48.9456 147.57 8.36567
    endloop
  endfacet
  facet normal -0.321428 0 0.946934
    outer loop
      vertex 48.9456 145.57 8.36567
      vertex 48.5133 147.57 8.21893
      vertex 48.5133 145.57 8.21893
    endloop
  endfacet
  facet normal -0.555569 0 0.83147
    outer loop
      vertex 49.355 147.57 8.56757
      vertex 49.7346 145.57 8.82121
      vertex 49.7346 147.57 8.82121
    endloop
  endfacet
  facet normal -0.555569 0 0.83147
    outer loop
      vertex 49.7346 145.57 8.82121
      vertex 49.355 147.57 8.56757
      vertex 49.355 145.57 8.56757
    endloop
  endfacet
  facet normal 0.659475 0 0.751726
    outer loop
      vertex 45.2616 147.57 9
      vertex 45.4654 145.57 8.82121
      vertex 45.4654 147.57 8.82121
    endloop
  endfacet
  facet normal 0.659475 0 0.751726
    outer loop
      vertex 45.4654 145.57 8.82121
      vertex 45.2616 147.57 9
      vertex 45.2616 145.57 9
    endloop
  endfacet
  facet normal 0.555569 0 0.83147
    outer loop
      vertex 45.4654 147.57 8.82121
      vertex 45.845 145.57 8.56757
      vertex 45.845 147.57 8.56757
    endloop
  endfacet
  facet normal 0.555569 0 0.83147
    outer loop
      vertex 45.845 145.57 8.56757
      vertex 45.4654 147.57 8.82121
      vertex 45.4654 145.57 8.82121
    endloop
  endfacet
  facet normal -0 0 1
    outer loop
      vertex 47.59 147.57 8.1
      vertex 47.61 145.57 8.1
      vertex 47.61 147.57 8.1
    endloop
  endfacet
  facet normal 0 0 1
    outer loop
      vertex 47.61 145.57 8.1
      vertex 47.59 147.57 8.1
      vertex 47.59 145.57 8.1
    endloop
  endfacet
  facet normal -0.0654139 0 0.997858
    outer loop
      vertex 47.61 147.57 8.1
      vertex 48.0655 145.57 8.12986
      vertex 48.0655 147.57 8.12986
    endloop
  endfacet
  facet normal -0.0654139 0 0.997858
    outer loop
      vertex 48.0655 145.57 8.12986
      vertex 47.61 147.57 8.1
      vertex 47.61 145.57 8.1
    endloop
  endfacet
  facet normal -0.195084 0 0.980787
    outer loop
      vertex 48.0655 147.57 8.12986
      vertex 48.5133 145.57 8.21893
      vertex 48.5133 147.57 8.21893
    endloop
  endfacet
  facet normal -0.195084 0 0.980787
    outer loop
      vertex 48.5133 145.57 8.21893
      vertex 48.0655 147.57 8.12986
      vertex 48.0655 145.57 8.12986
    endloop
  endfacet
  facet normal -0.659475 0 0.751726
    outer loop
      vertex 49.7346 147.57 8.82121
      vertex 49.9384 145.57 9
      vertex 49.9384 147.57 9
    endloop
  endfacet
  facet normal -0.659475 0 0.751726
    outer loop
      vertex 49.9384 145.57 9
      vertex 49.7346 147.57 8.82121
      vertex 49.7346 145.57 8.82121
    endloop
  endfacet
  facet normal 0.0653771 0 0.997861
    outer loop
      vertex 62.389 147.57 8.2671
      vertex 62.65 145.57 8.25
      vertex 62.65 147.57 8.25
    endloop
  endfacet
  facet normal 0.0653771 0 0.997861
    outer loop
      vertex 62.65 145.57 8.25
      vertex 62.389 147.57 8.2671
      vertex 62.389 145.57 8.2671
    endloop
  endfacet
  facet normal -0.442314 0 0.89686
    outer loop
      vertex 79.9154 147.57 8.40224
      vertex 80.15 145.57 8.51794
      vertex 80.15 147.57 8.51794
    endloop
  endfacet
  facet normal -0.442314 0 0.89686
    outer loop
      vertex 80.15 145.57 8.51794
      vertex 79.9154 147.57 8.40224
      vertex 79.9154 145.57 8.40224
    endloop
  endfacet
  facet normal -0 0 1
    outer loop
      vertex 62.65 147.57 8.25
      vertex 79.15 145.57 8.25
      vertex 79.15 147.57 8.25
    endloop
  endfacet
  facet normal 0 0 1
    outer loop
      vertex 79.15 145.57 8.25
      vertex 62.65 147.57 8.25
      vertex 62.65 145.57 8.25
    endloop
  endfacet
  facet normal -0.0653771 0 0.997861
    outer loop
      vertex 79.15 147.57 8.25
      vertex 79.411 145.57 8.2671
      vertex 79.411 147.57 8.2671
    endloop
  endfacet
  facet normal -0.0653771 0 0.997861
    outer loop
      vertex 79.411 145.57 8.2671
      vertex 79.15 147.57 8.25
      vertex 79.15 145.57 8.25
    endloop
  endfacet
  facet normal -0.321382 0 0.94695
    outer loop
      vertex 79.6676 147.57 8.31814
      vertex 79.9154 145.57 8.40224
      vertex 79.9154 147.57 8.40224
    endloop
  endfacet
  facet normal -0.321382 0 0.94695
    outer loop
      vertex 79.9154 145.57 8.40224
      vertex 79.6676 147.57 8.31814
      vertex 79.6676 145.57 8.31814
    endloop
  endfacet
  facet normal -0.195087 0 0.980786
    outer loop
      vertex 79.411 147.57 8.2671
      vertex 79.6676 145.57 8.31814
      vertex 79.6676 147.57 8.31814
    endloop
  endfacet
  facet normal -0.195087 0 0.980786
    outer loop
      vertex 79.6676 145.57 8.31814
      vertex 79.411 147.57 8.2671
      vertex 79.411 145.57 8.2671
    endloop
  endfacet
  facet normal 0.6593 0 0.75188
    outer loop
      vertex 61.2358 147.57 8.83578
      vertex 61.4325 145.57 8.6633
      vertex 61.4325 147.57 8.6633
    endloop
  endfacet
  facet normal 0.6593 0 0.75188
    outer loop
      vertex 61.4325 145.57 8.6633
      vertex 61.2358 147.57 8.83578
      vertex 61.2358 145.57 8.83578
    endloop
  endfacet
  facet normal 0.751879 -0 0.659302
    outer loop
      vertex 61.0918 145.57 9
      vertex 61.2358 147.57 8.83578
      vertex 61.0918 147.57 9
    endloop
  endfacet
  facet normal 0.751879 0 0.659302
    outer loop
      vertex 61.2358 147.57 8.83578
      vertex 61.0918 145.57 9
      vertex 61.2358 145.57 8.83578
    endloop
  endfacet
  facet normal 0.555653 0 0.831415
    outer loop
      vertex 61.4325 147.57 8.6633
      vertex 61.65 145.57 8.51794
      vertex 61.65 147.57 8.51794
    endloop
  endfacet
  facet normal 0.555653 0 0.831415
    outer loop
      vertex 61.65 145.57 8.51794
      vertex 61.4325 147.57 8.6633
      vertex 61.4325 145.57 8.6633
    endloop
  endfacet
  facet normal 0.442314 0 0.89686
    outer loop
      vertex 61.65 147.57 8.51794
      vertex 61.8846 145.57 8.40224
      vertex 61.8846 147.57 8.40224
    endloop
  endfacet
  facet normal 0.442314 0 0.89686
    outer loop
      vertex 61.8846 145.57 8.40224
      vertex 61.65 147.57 8.51794
      vertex 61.65 145.57 8.51794
    endloop
  endfacet
  facet normal -0.751879 0 0.659302
    outer loop
      vertex 80.5642 145.57 8.83578
      vertex 80.7082 147.57 9
      vertex 80.5642 147.57 8.83578
    endloop
  endfacet
  facet normal -0.751879 0 0.659302
    outer loop
      vertex 80.7082 147.57 9
      vertex 80.5642 145.57 8.83578
      vertex 80.7082 145.57 9
    endloop
  endfacet
  facet normal -0.6593 0 0.75188
    outer loop
      vertex 80.3675 147.57 8.6633
      vertex 80.5642 145.57 8.83578
      vertex 80.5642 147.57 8.83578
    endloop
  endfacet
  facet normal -0.6593 0 0.75188
    outer loop
      vertex 80.5642 145.57 8.83578
      vertex 80.3675 147.57 8.6633
      vertex 80.3675 145.57 8.6633
    endloop
  endfacet
  facet normal -0.555653 0 0.831415
    outer loop
      vertex 80.15 147.57 8.51794
      vertex 80.3675 145.57 8.6633
      vertex 80.3675 147.57 8.6633
    endloop
  endfacet
  facet normal -0.555653 0 0.831415
    outer loop
      vertex 80.3675 145.57 8.6633
      vertex 80.15 147.57 8.51794
      vertex 80.15 145.57 8.51794
    endloop
  endfacet
  facet normal 0.321382 0 0.94695
    outer loop
      vertex 61.8846 147.57 8.40224
      vertex 62.1324 145.57 8.31814
      vertex 62.1324 147.57 8.31814
    endloop
  endfacet
  facet normal 0.321382 0 0.94695
    outer loop
      vertex 62.1324 145.57 8.31814
      vertex 61.8846 147.57 8.40224
      vertex 61.8846 145.57 8.40224
    endloop
  endfacet
  facet normal 0.195087 0 0.980786
    outer loop
      vertex 62.1324 147.57 8.31814
      vertex 62.389 145.57 8.2671
      vertex 62.389 147.57 8.2671
    endloop
  endfacet
  facet normal 0.195087 0 0.980786
    outer loop
      vertex 62.389 145.57 8.2671
      vertex 62.1324 147.57 8.31814
      vertex 62.1324 145.57 8.31814
    endloop
  endfacet
  facet normal -0.659406 0 0.751787
    outer loop
      vertex 99.3263 147.57 7.51993
      vertex 99.6213 145.57 7.77868
      vertex 99.6213 147.57 7.77868
    endloop
  endfacet
  facet normal -0.659406 0 0.751787
    outer loop
      vertex 99.6213 145.57 7.77868
      vertex 99.3263 147.57 7.51993
      vertex 99.3263 145.57 7.51993
    endloop
  endfacet
  facet normal -0.0654112 0 0.997858
    outer loop
      vertex 97.5 147.57 6.9
      vertex 97.8916 145.57 6.92567
      vertex 97.8916 147.57 6.92567
    endloop
  endfacet
  facet normal -0.0654112 0 0.997858
    outer loop
      vertex 97.8916 145.57 6.92567
      vertex 97.5 147.57 6.9
      vertex 97.5 145.57 6.9
    endloop
  endfacet
  facet normal -0 0 1
    outer loop
      vertex 90.5 147.57 6.9
      vertex 97.5 145.57 6.9
      vertex 97.5 147.57 6.9
    endloop
  endfacet
  facet normal 0 0 1
    outer loop
      vertex 97.5 145.57 6.9
      vertex 90.5 147.57 6.9
      vertex 90.5 145.57 6.9
    endloop
  endfacet
  facet normal -0.321437 0 0.946931
    outer loop
      vertex 98.2765 147.57 7.00222
      vertex 98.6481 145.57 7.12836
      vertex 98.6481 147.57 7.12836
    endloop
  endfacet
  facet normal -0.321437 0 0.946931
    outer loop
      vertex 98.6481 145.57 7.12836
      vertex 98.2765 147.57 7.00222
      vertex 98.2765 145.57 7.00222
    endloop
  endfacet
  facet normal 0.659406 0 0.751787
    outer loop
      vertex 88.3787 147.57 7.77868
      vertex 88.6737 145.57 7.51993
      vertex 88.6737 147.57 7.51993
    endloop
  endfacet
  facet normal 0.659406 0 0.751787
    outer loop
      vertex 88.6737 145.57 7.51993
      vertex 88.3787 147.57 7.77868
      vertex 88.3787 145.57 7.77868
    endloop
  endfacet
  facet normal -0.195062 0 0.980791
    outer loop
      vertex 97.8916 147.57 6.92567
      vertex 98.2765 145.57 7.00222
      vertex 98.2765 147.57 7.00222
    endloop
  endfacet
  facet normal -0.195062 0 0.980791
    outer loop
      vertex 98.2765 145.57 7.00222
      vertex 97.8916 147.57 6.92567
      vertex 97.8916 145.57 6.92567
    endloop
  endfacet
  facet normal -0.555541 0 0.831489
    outer loop
      vertex 99 147.57 7.30192
      vertex 99.3263 145.57 7.51993
      vertex 99.3263 147.57 7.51993
    endloop
  endfacet
  facet normal -0.555541 0 0.831489
    outer loop
      vertex 99.3263 145.57 7.51993
      vertex 99 147.57 7.30192
      vertex 99 145.57 7.30192
    endloop
  endfacet
  facet normal 0.321437 0 0.946931
    outer loop
      vertex 89.3519 147.57 7.12836
      vertex 89.7235 145.57 7.00222
      vertex 89.7235 147.57 7.00222
    endloop
  endfacet
  facet normal 0.321437 0 0.946931
    outer loop
      vertex 89.7235 145.57 7.00222
      vertex 89.3519 147.57 7.12836
      vertex 89.3519 145.57 7.12836
    endloop
  endfacet
  facet normal -0.896425 0 0.443195
    outer loop
      vertex 100.098 145.57 8.4
      vertex 100.272 147.57 8.75194
      vertex 100.098 147.57 8.4
    endloop
  endfacet
  facet normal -0.896425 0 0.443195
    outer loop
      vertex 100.272 147.57 8.75194
      vertex 100.098 145.57 8.4
      vertex 100.272 145.57 8.75194
    endloop
  endfacet
  facet normal -0.947168 0 0.320737
    outer loop
      vertex 100.272 145.57 8.75194
      vertex 100.356 147.57 9
      vertex 100.272 147.57 8.75194
    endloop
  endfacet
  facet normal -0.947168 0 0.320737
    outer loop
      vertex 100.356 147.57 9
      vertex 100.272 145.57 8.75194
      vertex 100.356 145.57 9
    endloop
  endfacet
  facet normal -0.442334 0 0.89685
    outer loop
      vertex 98.6481 147.57 7.12836
      vertex 99 145.57 7.30192
      vertex 99 147.57 7.30192
    endloop
  endfacet
  facet normal -0.442334 0 0.89685
    outer loop
      vertex 99 145.57 7.30192
      vertex 98.6481 147.57 7.12836
      vertex 98.6481 145.57 7.12836
    endloop
  endfacet
  facet normal -0.831603 0 0.555371
    outer loop
      vertex 99.8801 145.57 8.07372
      vertex 100.098 147.57 8.4
      vertex 99.8801 147.57 8.07372
    endloop
  endfacet
  facet normal -0.831603 0 0.555371
    outer loop
      vertex 100.098 147.57 8.4
      vertex 99.8801 145.57 8.07372
      vertex 100.098 145.57 8.4
    endloop
  endfacet
  facet normal -0.751768 0 0.659428
    outer loop
      vertex 99.6213 145.57 7.77868
      vertex 99.8801 147.57 8.07372
      vertex 99.6213 147.57 7.77868
    endloop
  endfacet
  facet normal -0.751768 0 0.659428
    outer loop
      vertex 99.8801 147.57 8.07372
      vertex 99.6213 145.57 7.77868
      vertex 99.8801 145.57 8.07372
    endloop
  endfacet
  facet normal 0.555541 0 0.831489
    outer loop
      vertex 88.6737 147.57 7.51993
      vertex 89 145.57 7.30192
      vertex 89 147.57 7.30192
    endloop
  endfacet
  facet normal 0.555541 0 0.831489
    outer loop
      vertex 89 145.57 7.30192
      vertex 88.6737 147.57 7.51993
      vertex 88.6737 145.57 7.51993
    endloop
  endfacet
  facet normal 0.442334 0 0.89685
    outer loop
      vertex 89 147.57 7.30192
      vertex 89.3519 145.57 7.12836
      vertex 89.3519 147.57 7.12836
    endloop
  endfacet
  facet normal 0.442334 0 0.89685
    outer loop
      vertex 89.3519 145.57 7.12836
      vertex 89 147.57 7.30192
      vertex 89 145.57 7.30192
    endloop
  endfacet
  facet normal 0.195062 0 0.980791
    outer loop
      vertex 89.7235 147.57 7.00222
      vertex 90.1084 145.57 6.92567
      vertex 90.1084 147.57 6.92567
    endloop
  endfacet
  facet normal 0.195062 0 0.980791
    outer loop
      vertex 90.1084 145.57 6.92567
      vertex 89.7235 147.57 7.00222
      vertex 89.7235 145.57 7.00222
    endloop
  endfacet
  facet normal 0.0654112 0 0.997858
    outer loop
      vertex 90.1084 147.57 6.92567
      vertex 90.5 145.57 6.9
      vertex 90.5 147.57 6.9
    endloop
  endfacet
  facet normal 0.0654112 0 0.997858
    outer loop
      vertex 90.5 145.57 6.9
      vertex 90.1084 147.57 6.92567
      vertex 90.1084 145.57 6.92567
    endloop
  endfacet
  facet normal 0.946936 -0 0.321422
    outer loop
      vertex 87.6442 145.57 9
      vertex 87.7284 147.57 8.75194
      vertex 87.6442 147.57 9
    endloop
  endfacet
  facet normal 0.946936 0 0.321422
    outer loop
      vertex 87.7284 147.57 8.75194
      vertex 87.6442 145.57 9
      vertex 87.7284 145.57 8.75194
    endloop
  endfacet
  facet normal 0.896931 -0 0.442171
    outer loop
      vertex 87.7284 145.57 8.75194
      vertex 87.9019 147.57 8.4
      vertex 87.7284 147.57 8.75194
    endloop
  endfacet
  facet normal 0.896931 0 0.442171
    outer loop
      vertex 87.9019 147.57 8.4
      vertex 87.7284 145.57 8.75194
      vertex 87.9019 145.57 8.4
    endloop
  endfacet
  facet normal 0.831485 -0 0.555547
    outer loop
      vertex 87.9019 145.57 8.4
      vertex 88.1199 147.57 8.07372
      vertex 87.9019 147.57 8.4
    endloop
  endfacet
  facet normal 0.831485 0 0.555547
    outer loop
      vertex 88.1199 147.57 8.07372
      vertex 87.9019 145.57 8.4
      vertex 88.1199 145.57 8.07372
    endloop
  endfacet
  facet normal 0.751768 -0 0.659428
    outer loop
      vertex 88.1199 145.57 8.07372
      vertex 88.3787 147.57 7.77868
      vertex 88.1199 147.57 8.07372
    endloop
  endfacet
  facet normal 0.751768 0 0.659428
    outer loop
      vertex 88.3787 147.57 7.77868
      vertex 88.1199 145.57 8.07372
      vertex 88.3787 145.57 7.77868
    endloop
  endfacet
  facet normal -1 0 0
    outer loop
      vertex 23.9 146.77 8.4
      vertex 23.9 147.57 8.94426
      vertex 23.9 147.57 8.4
    endloop
  endfacet
  facet normal -1 -0 0
    outer loop
      vertex 23.9 147.57 8.94426
      vertex 23.9 146.77 8.4
      vertex 23.9 146.77 8.94426
    endloop
  endfacet
  facet normal -0.321437 0 0.946931
    outer loop
      vertex 21.6765 147.57 5.50222
      vertex 22.0481 146.77 5.62836
      vertex 22.0481 147.57 5.62836
    endloop
  endfacet
  facet normal -0.321437 0 0.946931
    outer loop
      vertex 22.0481 146.77 5.62836
      vertex 21.6765 147.57 5.50222
      vertex 21.6765 146.77 5.50222
    endloop
  endfacet
  facet normal -0.980814 0 0.194945
    outer loop
      vertex 23.7978 146.77 7.62354
      vertex 23.8743 147.57 8.00843
      vertex 23.7978 147.57 7.62354
    endloop
  endfacet
  facet normal -0.980814 0 0.194945
    outer loop
      vertex 23.8743 147.57 8.00843
      vertex 23.7978 146.77 7.62354
      vertex 23.8743 146.77 8.00843
    endloop
  endfacet
  facet normal 0.195067 0 0.98079
    outer loop
      vertex 4.12354 147.57 5.50222
      vertex 4.50843 146.77 5.42567
      vertex 4.50843 147.57 5.42567
    endloop
  endfacet
  facet normal 0.195067 0 0.98079
    outer loop
      vertex 4.50843 146.77 5.42567
      vertex 4.12354 147.57 5.50222
      vertex 4.12354 146.77 5.50222
    endloop
  endfacet
  facet normal -0 0 1
    outer loop
      vertex 4.9 147.57 5.4
      vertex 20.9 146.77 5.4
      vertex 20.9 147.57 5.4
    endloop
  endfacet
  facet normal 0 0 1
    outer loop
      vertex 20.9 146.77 5.4
      vertex 4.9 147.57 5.4
      vertex 4.9 146.77 5.4
    endloop
  endfacet
  facet normal -0.195062 0 0.980791
    outer loop
      vertex 21.2916 147.57 5.42567
      vertex 21.6765 146.77 5.50222
      vertex 21.6765 147.57 5.50222
    endloop
  endfacet
  facet normal -0.195062 0 0.980791
    outer loop
      vertex 21.6765 146.77 5.50222
      vertex 21.2916 147.57 5.42567
      vertex 21.2916 146.77 5.42567
    endloop
  endfacet
  facet normal -0.0654112 0 0.997858
    outer loop
      vertex 20.9 147.57 5.4
      vertex 21.2916 146.77 5.42567
      vertex 21.2916 147.57 5.42567
    endloop
  endfacet
  facet normal -0.0654112 0 0.997858
    outer loop
      vertex 21.2916 146.77 5.42567
      vertex 20.9 147.57 5.4
      vertex 20.9 146.77 5.4
    endloop
  endfacet
  facet normal -0.442334 0 0.89685
    outer loop
      vertex 22.0481 147.57 5.62836
      vertex 22.4 146.77 5.80192
      vertex 22.4 147.57 5.80192
    endloop
  endfacet
  facet normal -0.442334 0 0.89685
    outer loop
      vertex 22.4 146.77 5.80192
      vertex 22.0481 147.57 5.62836
      vertex 22.0481 146.77 5.62836
    endloop
  endfacet
  facet normal -0.997853 0 0.0654923
    outer loop
      vertex 23.8743 146.77 8.00843
      vertex 23.9 147.57 8.4
      vertex 23.8743 147.57 8.00843
    endloop
  endfacet
  facet normal -0.997853 0 0.0654923
    outer loop
      vertex 23.9 147.57 8.4
      vertex 23.8743 146.77 8.00843
      vertex 23.9 146.77 8.4
    endloop
  endfacet
  facet normal -0.751768 0 0.659428
    outer loop
      vertex 23.0213 146.77 6.27868
      vertex 23.2801 147.57 6.57372
      vertex 23.0213 147.57 6.27868
    endloop
  endfacet
  facet normal -0.751768 0 0.659428
    outer loop
      vertex 23.2801 147.57 6.57372
      vertex 23.0213 146.77 6.27868
      vertex 23.2801 146.77 6.57372
    endloop
  endfacet
  facet normal 0.0654162 0 0.997858
    outer loop
      vertex 4.50843 147.57 5.42567
      vertex 4.9 146.77 5.4
      vertex 4.9 147.57 5.4
    endloop
  endfacet
  facet normal 0.0654162 0 0.997858
    outer loop
      vertex 4.9 146.77 5.4
      vertex 4.50843 147.57 5.42567
      vertex 4.50843 146.77 5.42567
    endloop
  endfacet
  facet normal 0.659344 0 0.751841
    outer loop
      vertex 2.96472 147.434 6.11552
      vertex 3.07372 146.77 6.01993
      vertex 3.07372 147.455 6.01993
    endloop
  endfacet
  facet normal 0.659362 5.05301e-06 0.751826
    outer loop
      vertex 2.77868 147.371 6.27868
      vertex 3.07372 146.77 6.01993
      vertex 2.96472 147.434 6.11552
    endloop
  endfacet
  facet normal 0.659356 0 0.751831
    outer loop
      vertex 3.07372 146.77 6.01993
      vertex 2.77868 147.371 6.27868
      vertex 2.77868 146.77 6.27868
    endloop
  endfacet
  facet normal 0.980791 9.12638e-06 0.195062
    outer loop
      vertex 2.00222 146.77 7.62354
      vertex 2 147.034 7.63469
      vertex 1.92567 146.984 8.00843
    endloop
  endfacet
  facet normal 0.98079 0 0.195067
    outer loop
      vertex 2.00222 146.77 7.62354
      vertex 1.92567 146.984 8.00843
      vertex 1.92567 146.77 8.00843
    endloop
  endfacet
  facet normal 0.980749 0 0.19527
    outer loop
      vertex 2 147.034 7.63469
      vertex 2.00222 146.77 7.62354
      vertex 2.00222 147.035 7.62354
    endloop
  endfacet
  facet normal 0 1 0
    outer loop
      vertex 23.9 146.77 8.4
      vertex 23.8823 146.77 9
      vertex 23.8841 146.77 8.99118
    endloop
  endfacet
  facet normal 0 1 -0
    outer loop
      vertex 23.9 146.77 8.4
      vertex 23.8841 146.77 8.99118
      vertex 23.9 146.77 8.94426
    endloop
  endfacet
  facet normal 0 1 0
    outer loop
      vertex 23.8823 146.77 9
      vertex 19.9 146.77 8.90001
      vertex 19.9 146.77 9
    endloop
  endfacet
  facet normal 0 1 0
    outer loop
      vertex 23.8823 146.77 9
      vertex 19.8931 146.77 8.7956
      vertex 19.9 146.77 8.90001
    endloop
  endfacet
  facet normal 0 1 0
    outer loop
      vertex 23.8823 146.77 9
      vertex 23.9 146.77 8.4
      vertex 19.8931 146.77 8.7956
    endloop
  endfacet
  facet normal 0 1 0
    outer loop
      vertex 19.8931 146.77 8.7956
      vertex 23.9 146.77 8.4
      vertex 19.8727 146.77 8.69295
    endloop
  endfacet
  facet normal 0 1 -0
    outer loop
      vertex 23.8743 146.77 8.00843
      vertex 19.8727 146.77 8.69295
      vertex 23.9 146.77 8.4
    endloop
  endfacet
  facet normal 0 1 -0
    outer loop
      vertex 23.7978 146.77 7.62354
      vertex 19.8727 146.77 8.69295
      vertex 23.8743 146.77 8.00843
    endloop
  endfacet
  facet normal 0 1 -0
    outer loop
      vertex 23.6716 146.77 7.25194
      vertex 19.8727 146.77 8.69295
      vertex 23.7978 146.77 7.62354
    endloop
  endfacet
  facet normal 0 1 0
    outer loop
      vertex 19.8727 146.77 8.69295
      vertex 23.6716 146.77 7.25194
      vertex 19.8391 146.77 8.59386
    endloop
  endfacet
  facet normal 0 1 -0
    outer loop
      vertex 23.4981 146.77 6.9
      vertex 19.8391 146.77 8.59386
      vertex 23.6716 146.77 7.25194
    endloop
  endfacet
  facet normal 0 1 -0
    outer loop
      vertex 23.2801 146.77 6.57372
      vertex 19.8391 146.77 8.59386
      vertex 23.4981 146.77 6.9
    endloop
  endfacet
  facet normal 0 1 -0
    outer loop
      vertex 23.0213 146.77 6.27868
      vertex 19.8391 146.77 8.59386
      vertex 23.2801 146.77 6.57372
    endloop
  endfacet
  facet normal 0 1 0
    outer loop
      vertex 19.8391 146.77 8.59386
      vertex 23.0213 146.77 6.27868
      vertex 19.7928 146.77 8.50002
    endloop
  endfacet
  facet normal 0 1 -0
    outer loop
      vertex 22.7263 146.77 6.01993
      vertex 19.7928 146.77 8.50002
      vertex 23.0213 146.77 6.27868
    endloop
  endfacet
  facet normal 0 1 -0
    outer loop
      vertex 22.4 146.77 5.80192
      vertex 19.7928 146.77 8.50002
      vertex 22.7263 146.77 6.01993
    endloop
  endfacet
  facet normal 0 1 0
    outer loop
      vertex 19.7928 146.77 8.50002
      vertex 22.0481 146.77 5.62836
      vertex 19.7347 146.77 8.413
    endloop
  endfacet
  facet normal 0 1 -0
    outer loop
      vertex 22.0481 146.77 5.62836
      vertex 19.7928 146.77 8.50002
      vertex 22.4 146.77 5.80192
    endloop
  endfacet
  facet normal 0 1 -0
    outer loop
      vertex 5.9 146.77 8.90001
      vertex 1.9 146.77 9
      vertex 5.9 146.77 9
    endloop
  endfacet
  facet normal 0 1 0
    outer loop
      vertex 5.90685 146.77 8.7956
      vertex 1.9 146.77 9
      vertex 5.9 146.77 8.90001
    endloop
  endfacet
  facet normal 0 1 0
    outer loop
      vertex 1.9 146.77 8.4
      vertex 5.90685 146.77 8.7956
      vertex 5.92727 146.77 8.69295
    endloop
  endfacet
  facet normal 0 1 0
    outer loop
      vertex 2.12836 146.77 7.25194
      vertex 5.92727 146.77 8.69295
      vertex 5.9609 146.77 8.59386
    endloop
  endfacet
  facet normal 0 1 0
    outer loop
      vertex 2.77868 146.77 6.27868
      vertex 5.9609 146.77 8.59386
      vertex 6.00718 146.77 8.50002
    endloop
  endfacet
  facet normal 0 1 0
    outer loop
      vertex 3.75194 146.77 5.62836
      vertex 6.00718 146.77 8.50002
      vertex 6.06531 146.77 8.413
    endloop
  endfacet
  facet normal 0 1 0
    outer loop
      vertex 5.90685 146.77 8.7956
      vertex 1.9 146.77 8.4
      vertex 1.9 146.77 9
    endloop
  endfacet
  facet normal 0 1 0
    outer loop
      vertex 4.50843 146.77 5.42567
      vertex 6.06531 146.77 8.413
      vertex 6.13431 146.77 8.33433
    endloop
  endfacet
  facet normal 0 1 0
    outer loop
      vertex 4.9 146.77 5.4
      vertex 6.13431 146.77 8.33433
      vertex 6.21299 146.77 8.26533
    endloop
  endfacet
  facet normal 0 1 0
    outer loop
      vertex 4.9 146.77 5.4
      vertex 6.21299 146.77 8.26533
      vertex 6.30001 146.77 8.20719
    endloop
  endfacet
  facet normal 0 1 0
    outer loop
      vertex 4.9 146.77 5.4
      vertex 6.30001 146.77 8.20719
      vertex 6.39385 146.77 8.16091
    endloop
  endfacet
  facet normal 0 1 0
    outer loop
      vertex 4.9 146.77 5.4
      vertex 6.39385 146.77 8.16091
      vertex 6.49294 146.77 8.12728
    endloop
  endfacet
  facet normal 0 1 0
    outer loop
      vertex 4.9 146.77 5.4
      vertex 6.49294 146.77 8.12728
      vertex 6.59559 146.77 8.10686
    endloop
  endfacet
  facet normal 0 1 0
    outer loop
      vertex 4.9 146.77 5.4
      vertex 6.59559 146.77 8.10686
      vertex 6.7 146.77 8.10001
    endloop
  endfacet
  facet normal 0 1 0
    outer loop
      vertex 5.92727 146.77 8.69295
      vertex 1.92567 146.77 8.00843
      vertex 1.9 146.77 8.4
    endloop
  endfacet
  facet normal 0 1 0
    outer loop
      vertex 19.1 146.77 8.10001
      vertex 20.9 146.77 5.4
      vertex 6.7 146.77 8.10001
    endloop
  endfacet
  facet normal 0 1 -0
    outer loop
      vertex 21.6765 146.77 5.50222
      vertex 19.7347 146.77 8.413
      vertex 22.0481 146.77 5.62836
    endloop
  endfacet
  facet normal 0 1 0
    outer loop
      vertex 4.9 146.77 5.4
      vertex 6.7 146.77 8.10001
      vertex 20.9 146.77 5.4
    endloop
  endfacet
  facet normal 0 1 -0
    outer loop
      vertex 21.2916 146.77 5.42567
      vertex 19.7347 146.77 8.413
      vertex 21.6765 146.77 5.50222
    endloop
  endfacet
  facet normal 0 1 0
    outer loop
      vertex 6.13431 146.77 8.33433
      vertex 4.9 146.77 5.4
      vertex 4.50843 146.77 5.42567
    endloop
  endfacet
  facet normal 0 1 0
    outer loop
      vertex 19.7347 146.77 8.413
      vertex 21.2916 146.77 5.42567
      vertex 19.6657 146.77 8.33433
    endloop
  endfacet
  facet normal 0 1 0
    outer loop
      vertex 5.92727 146.77 8.69295
      vertex 2.00222 146.77 7.62354
      vertex 1.92567 146.77 8.00843
    endloop
  endfacet
  facet normal 0 1 -0
    outer loop
      vertex 20.9 146.77 5.4
      vertex 19.6657 146.77 8.33433
      vertex 21.2916 146.77 5.42567
    endloop
  endfacet
  facet normal 0 1 0
    outer loop
      vertex 5.92727 146.77 8.69295
      vertex 2.12836 146.77 7.25194
      vertex 2.00222 146.77 7.62354
    endloop
  endfacet
  facet normal 0 1 0
    outer loop
      vertex 19.6657 146.77 8.33433
      vertex 20.9 146.77 5.4
      vertex 19.587 146.77 8.26533
    endloop
  endfacet
  facet normal 0 1 0
    outer loop
      vertex 5.9609 146.77 8.59386
      vertex 2.30192 146.77 6.9
      vertex 2.12836 146.77 7.25194
    endloop
  endfacet
  facet normal 0 1 0
    outer loop
      vertex 19.587 146.77 8.26533
      vertex 20.9 146.77 5.4
      vertex 19.5 146.77 8.20719
    endloop
  endfacet
  facet normal 0 1 0
    outer loop
      vertex 5.9609 146.77 8.59386
      vertex 2.51993 146.77 6.57372
      vertex 2.30192 146.77 6.9
    endloop
  endfacet
  facet normal 0 1 0
    outer loop
      vertex 19.5 146.77 8.20719
      vertex 20.9 146.77 5.4
      vertex 19.4061 146.77 8.16091
    endloop
  endfacet
  facet normal 0 1 0
    outer loop
      vertex 5.9609 146.77 8.59386
      vertex 2.77868 146.77 6.27868
      vertex 2.51993 146.77 6.57372
    endloop
  endfacet
  facet normal 0 1 0
    outer loop
      vertex 19.4061 146.77 8.16091
      vertex 20.9 146.77 5.4
      vertex 19.3071 146.77 8.12728
    endloop
  endfacet
  facet normal 0 1 0
    outer loop
      vertex 6.00718 146.77 8.50002
      vertex 3.07372 146.77 6.01993
      vertex 2.77868 146.77 6.27868
    endloop
  endfacet
  facet normal 0 1 0
    outer loop
      vertex 19.3071 146.77 8.12728
      vertex 20.9 146.77 5.4
      vertex 19.2044 146.77 8.10686
    endloop
  endfacet
  facet normal 0 1 0
    outer loop
      vertex 6.00718 146.77 8.50002
      vertex 3.4 146.77 5.80192
      vertex 3.07372 146.77 6.01993
    endloop
  endfacet
  facet normal 0 1 0
    outer loop
      vertex 19.2044 146.77 8.10686
      vertex 20.9 146.77 5.4
      vertex 19.1 146.77 8.10001
    endloop
  endfacet
  facet normal 0 1 0
    outer loop
      vertex 6.00718 146.77 8.50002
      vertex 3.75194 146.77 5.62836
      vertex 3.4 146.77 5.80192
    endloop
  endfacet
  facet normal 0 1 0
    outer loop
      vertex 6.06531 146.77 8.413
      vertex 4.12354 146.77 5.50222
      vertex 3.75194 146.77 5.62836
    endloop
  endfacet
  facet normal 0 1 0
    outer loop
      vertex 6.06531 146.77 8.413
      vertex 4.50843 146.77 5.42567
      vertex 4.12354 146.77 5.50222
    endloop
  endfacet
  facet normal -0.896931 0 0.442171
    outer loop
      vertex 23.4981 146.77 6.9
      vertex 23.6716 147.57 7.25194
      vertex 23.4981 147.57 6.9
    endloop
  endfacet
  facet normal -0.896931 0 0.442171
    outer loop
      vertex 23.6716 147.57 7.25194
      vertex 23.4981 146.77 6.9
      vertex 23.6716 146.77 7.25194
    endloop
  endfacet
  facet normal -0.946885 0 0.321574
    outer loop
      vertex 23.6716 146.77 7.25194
      vertex 23.7978 147.57 7.62354
      vertex 23.6716 147.57 7.25194
    endloop
  endfacet
  facet normal -0.946885 0 0.321574
    outer loop
      vertex 23.7978 147.57 7.62354
      vertex 23.6716 146.77 7.25194
      vertex 23.7978 146.77 7.62354
    endloop
  endfacet
  facet normal -0.659406 0 0.751787
    outer loop
      vertex 22.7263 147.57 6.01993
      vertex 23.0213 146.77 6.27868
      vertex 23.0213 147.57 6.27868
    endloop
  endfacet
  facet normal -0.659406 0 0.751787
    outer loop
      vertex 23.0213 146.77 6.27868
      vertex 22.7263 147.57 6.01993
      vertex 22.7263 146.77 6.01993
    endloop
  endfacet
  facet normal -0.555541 0 0.831489
    outer loop
      vertex 22.4 147.57 5.80192
      vertex 22.7263 146.77 6.01993
      vertex 22.7263 147.57 6.01993
    endloop
  endfacet
  facet normal -0.555541 0 0.831489
    outer loop
      vertex 22.7263 146.77 6.01993
      vertex 22.4 147.57 5.80192
      vertex 22.4 146.77 5.80192
    endloop
  endfacet
  facet normal -0.831485 0 0.555547
    outer loop
      vertex 23.2801 146.77 6.57372
      vertex 23.4981 147.57 6.9
      vertex 23.2801 147.57 6.57372
    endloop
  endfacet
  facet normal -0.831485 0 0.555547
    outer loop
      vertex 23.4981 147.57 6.9
      vertex 23.2801 146.77 6.57372
      vertex 23.4981 146.77 6.9
    endloop
  endfacet
  facet normal 0.555564 0 0.831474
    outer loop
      vertex 3.07372 147.455 6.01993
      vertex 3.4 146.77 5.80192
      vertex 3.4 147.52 5.80192
    endloop
  endfacet
  facet normal 0.555564 0 0.831474
    outer loop
      vertex 3.4 146.77 5.80192
      vertex 3.07372 147.455 6.01993
      vertex 3.07372 146.77 6.01993
    endloop
  endfacet
  facet normal 0.831465 -1.49931e-05 0.555577
    outer loop
      vertex 2.51993 146.77 6.57372
      vertex 2.46927 147.266 6.64955
      vertex 2.30192 147.183 6.9
    endloop
  endfacet
  facet normal 0.831474 0 0.555564
    outer loop
      vertex 2.51993 146.77 6.57372
      vertex 2.30192 147.183 6.9
      vertex 2.30192 146.77 6.9
    endloop
  endfacet
  facet normal 0.83151 0 0.55551
    outer loop
      vertex 2.46927 147.266 6.64955
      vertex 2.51993 146.77 6.57372
      vertex 2.51993 147.283 6.57372
    endloop
  endfacet
  facet normal 0.946931 0 0.321437
    outer loop
      vertex 2.12836 146.77 7.25194
      vertex 2.00222 147.035 7.62354
      vertex 2.00222 146.77 7.62354
    endloop
  endfacet
  facet normal 0.946931 0 0.321437
    outer loop
      vertex 2.00222 147.035 7.62354
      vertex 2.12836 146.77 7.25194
      vertex 2.12836 147.097 7.25194
    endloop
  endfacet
  facet normal 0.89687 0 0.442294
    outer loop
      vertex 2.30192 146.77 6.9
      vertex 2.12836 147.097 7.25194
      vertex 2.12836 146.77 7.25194
    endloop
  endfacet
  facet normal 0.89687 0 0.442294
    outer loop
      vertex 2.12836 147.097 7.25194
      vertex 2.30192 146.77 6.9
      vertex 2.30192 147.183 6.9
    endloop
  endfacet
  facet normal 1 -0 0
    outer loop
      vertex 1.9 146.77 9
      vertex 1.9 146.967 8.4
      vertex 1.9 146.967 9
    endloop
  endfacet
  facet normal 1 0 0
    outer loop
      vertex 1.9 146.967 8.4
      vertex 1.9 146.77 9
      vertex 1.9 146.77 8.4
    endloop
  endfacet
  facet normal 0.997858 0 0.0654162
    outer loop
      vertex 1.92567 146.77 8.00843
      vertex 1.9 146.967 8.4
      vertex 1.9 146.77 8.4
    endloop
  endfacet
  facet normal 0.997858 0 0.0654162
    outer loop
      vertex 1.9 146.967 8.4
      vertex 1.92567 146.77 8.00843
      vertex 1.92567 146.984 8.00843
    endloop
  endfacet
  facet normal 0.442272 0 0.896881
    outer loop
      vertex 3.47789 147.536 5.7635
      vertex 3.75194 146.77 5.62836
      vertex 3.75194 147.554 5.62836
    endloop
  endfacet
  facet normal 0.442371 -0 0.896832
    outer loop
      vertex 3.4 146.77 5.80192
      vertex 3.47789 147.536 5.7635
      vertex 3.4 147.52 5.80192
    endloop
  endfacet
  facet normal 0.442294 9.80221e-06 0.89687
    outer loop
      vertex 3.47789 147.536 5.7635
      vertex 3.4 146.77 5.80192
      vertex 3.75194 146.77 5.62836
    endloop
  endfacet
  facet normal 0.321466 0 0.946921
    outer loop
      vertex 4 147.57 5.54416
      vertex 4.12354 146.77 5.50222
      vertex 4.12354 147.57 5.50222
    endloop
  endfacet
  facet normal 0.321422 -0 0.946936
    outer loop
      vertex 3.75194 146.77 5.62836
      vertex 4 147.57 5.54416
      vertex 3.75194 147.554 5.62836
    endloop
  endfacet
  facet normal 0.321437 -4.99585e-06 0.946931
    outer loop
      vertex 4 147.57 5.54416
      vertex 3.75194 146.77 5.62836
      vertex 4.12354 146.77 5.50222
    endloop
  endfacet
  facet normal 0.751831 0 0.659356
    outer loop
      vertex 2.77868 146.77 6.27868
      vertex 2.51993 147.283 6.57372
      vertex 2.51993 146.77 6.57372
    endloop
  endfacet
  facet normal 0.751831 0 0.659356
    outer loop
      vertex 2.51993 147.283 6.57372
      vertex 2.77868 146.77 6.27868
      vertex 2.77868 147.371 6.27868
    endloop
  endfacet
  facet normal -0.997862 0 0.0653634
    outer loop
      vertex 23.9658 0 8.47789
      vertex 24 2 9
      vertex 23.9658 2 8.47789
    endloop
  endfacet
  facet normal -0.997862 0 0.0653634
    outer loop
      vertex 24 2 9
      vertex 23.9658 0 8.47789
      vertex 24 0 9
    endloop
  endfacet
  facet normal 0.0654027 0 0.997859
    outer loop
      vertex 19.4779 2 5.03422
      vertex 20 0 5
      vertex 20 2 5
    endloop
  endfacet
  facet normal 0.0654027 0 0.997859
    outer loop
      vertex 20 0 5
      vertex 19.4779 2 5.03422
      vertex 19.4779 0 5.03422
    endloop
  endfacet
  facet normal -0.659321 0 0.751861
    outer loop
      vertex 22.435 2 5.82659
      vertex 22.8284 0 6.17157
      vertex 22.8284 2 6.17157
    endloop
  endfacet
  facet normal -0.659321 0 0.751861
    outer loop
      vertex 22.8284 0 6.17157
      vertex 22.435 2 5.82659
      vertex 22.435 0 5.82659
    endloop
  endfacet
  facet normal 0.751826 -0 0.659362
    outer loop
      vertex 16.8266 0 6.56495
      vertex 17.1716 2 6.17157
      vertex 16.8266 2 6.56495
    endloop
  endfacet
  facet normal 0.751826 0 0.659362
    outer loop
      vertex 17.1716 2 6.17157
      vertex 16.8266 0 6.56495
      vertex 17.1716 0 6.17157
    endloop
  endfacet
  facet normal 0.442268 0 0.896883
    outer loop
      vertex 18 2 5.5359
      vertex 18.4693 0 5.30448
      vertex 18.4693 2 5.30448
    endloop
  endfacet
  facet normal 0.442268 0 0.896883
    outer loop
      vertex 18.4693 0 5.30448
      vertex 18 2 5.5359
      vertex 18 0 5.5359
    endloop
  endfacet
  facet normal -0.896887 0 0.44226
    outer loop
      vertex 23.4641 0 7
      vertex 23.6955 2 7.46927
      vertex 23.4641 2 7
    endloop
  endfacet
  facet normal -0.896887 0 0.44226
    outer loop
      vertex 23.6955 2 7.46927
      vertex 23.4641 0 7
      vertex 23.6955 0 7.46927
    endloop
  endfacet
  facet normal -0.831462 0 0.555582
    outer loop
      vertex 23.1734 0 6.56495
      vertex 23.4641 2 7
      vertex 23.1734 2 6.56495
    endloop
  endfacet
  facet normal -0.831462 0 0.555582
    outer loop
      vertex 23.4641 2 7
      vertex 23.1734 0 6.56495
      vertex 23.4641 0 7
    endloop
  endfacet
  facet normal -0.321464 0 0.946922
    outer loop
      vertex 21.0353 2 5.1363
      vertex 21.5307 0 5.30448
      vertex 21.5307 2 5.30448
    endloop
  endfacet
  facet normal -0.321464 0 0.946922
    outer loop
      vertex 21.5307 0 5.30448
      vertex 21.0353 2 5.1363
      vertex 21.0353 0 5.1363
    endloop
  endfacet
  facet normal -0.442268 0 0.896883
    outer loop
      vertex 21.5307 2 5.30448
      vertex 22 0 5.5359
      vertex 22 2 5.5359
    endloop
  endfacet
  facet normal -0.442268 0 0.896883
    outer loop
      vertex 22 0 5.5359
      vertex 21.5307 2 5.30448
      vertex 21.5307 0 5.30448
    endloop
  endfacet
  facet normal 0.94692 -0 0.321469
    outer loop
      vertex 16.1363 0 7.96472
      vertex 16.3045 2 7.46927
      vertex 16.1363 2 7.96472
    endloop
  endfacet
  facet normal 0.94692 0 0.321469
    outer loop
      vertex 16.3045 2 7.46927
      vertex 16.1363 0 7.96472
      vertex 16.3045 0 7.46927
    endloop
  endfacet
  facet normal 0.896887 -0 0.44226
    outer loop
      vertex 16.3045 0 7.46927
      vertex 16.5359 2 7
      vertex 16.3045 2 7.46927
    endloop
  endfacet
  facet normal 0.896887 0 0.44226
    outer loop
      vertex 16.5359 2 7
      vertex 16.3045 0 7.46927
      vertex 16.5359 0 7
    endloop
  endfacet
  facet normal 0.980776 -0 0.195135
    outer loop
      vertex 16.0342 0 8.47789
      vertex 16.1363 2 7.96472
      vertex 16.0342 2 8.47789
    endloop
  endfacet
  facet normal 0.980776 0 0.195135
    outer loop
      vertex 16.1363 2 7.96472
      vertex 16.0342 0 8.47789
      vertex 16.1363 0 7.96472
    endloop
  endfacet
  facet normal 0.555613 0 0.831441
    outer loop
      vertex 17.565 2 5.82659
      vertex 18 0 5.5359
      vertex 18 2 5.5359
    endloop
  endfacet
  facet normal 0.555613 0 0.831441
    outer loop
      vertex 18 0 5.5359
      vertex 17.565 2 5.82659
      vertex 17.565 0 5.82659
    endloop
  endfacet
  facet normal 0.321464 0 0.946922
    outer loop
      vertex 18.4693 2 5.30448
      vertex 18.9647 0 5.1363
      vertex 18.9647 2 5.1363
    endloop
  endfacet
  facet normal 0.321464 0 0.946922
    outer loop
      vertex 18.9647 0 5.1363
      vertex 18.4693 2 5.30448
      vertex 18.4693 0 5.30448
    endloop
  endfacet
  facet normal -0.94692 0 0.321469
    outer loop
      vertex 23.6955 0 7.46927
      vertex 23.8637 2 7.96472
      vertex 23.6955 2 7.46927
    endloop
  endfacet
  facet normal -0.94692 0 0.321469
    outer loop
      vertex 23.8637 2 7.96472
      vertex 23.6955 0 7.46927
      vertex 23.8637 0 7.96472
    endloop
  endfacet
  facet normal -0.980776 0 0.195135
    outer loop
      vertex 23.8637 0 7.96472
      vertex 23.9658 2 8.47789
      vertex 23.8637 2 7.96472
    endloop
  endfacet
  facet normal -0.980776 0 0.195135
    outer loop
      vertex 23.9658 2 8.47789
      vertex 23.8637 0 7.96472
      vertex 23.9658 0 8.47789
    endloop
  endfacet
  facet normal -0.751826 0 0.659362
    outer loop
      vertex 22.8284 0 6.17157
      vertex 23.1734 2 6.56495
      vertex 22.8284 2 6.17157
    endloop
  endfacet
  facet normal -0.751826 0 0.659362
    outer loop
      vertex 23.1734 2 6.56495
      vertex 22.8284 0 6.17157
      vertex 23.1734 0 6.56495
    endloop
  endfacet
  facet normal -0.195087 0 0.980786
    outer loop
      vertex 20.5221 2 5.03422
      vertex 21.0353 0 5.1363
      vertex 21.0353 2 5.1363
    endloop
  endfacet
  facet normal -0.195087 0 0.980786
    outer loop
      vertex 21.0353 0 5.1363
      vertex 20.5221 2 5.03422
      vertex 20.5221 0 5.03422
    endloop
  endfacet
  facet normal -0.0654027 0 0.997859
    outer loop
      vertex 20 2 5
      vertex 20.5221 0 5.03422
      vertex 20.5221 2 5.03422
    endloop
  endfacet
  facet normal -0.0654027 0 0.997859
    outer loop
      vertex 20.5221 0 5.03422
      vertex 20 2 5
      vertex 20 0 5
    endloop
  endfacet
  facet normal -0.555613 0 0.831441
    outer loop
      vertex 22 2 5.5359
      vertex 22.435 0 5.82659
      vertex 22.435 2 5.82659
    endloop
  endfacet
  facet normal -0.555613 0 0.831441
    outer loop
      vertex 22.435 0 5.82659
      vertex 22 2 5.5359
      vertex 22 0 5.5359
    endloop
  endfacet
  facet normal 0.831462 -0 0.555582
    outer loop
      vertex 16.5359 0 7
      vertex 16.8266 2 6.56495
      vertex 16.5359 2 7
    endloop
  endfacet
  facet normal 0.831462 0 0.555582
    outer loop
      vertex 16.8266 2 6.56495
      vertex 16.5359 0 7
      vertex 16.8266 0 6.56495
    endloop
  endfacet
  facet normal 0.997862 -0 0.0653634
    outer loop
      vertex 16 0 9
      vertex 16.0342 2 8.47789
      vertex 16 2 9
    endloop
  endfacet
  facet normal 0.997862 0 0.0653634
    outer loop
      vertex 16.0342 2 8.47789
      vertex 16 0 9
      vertex 16.0342 0 8.47789
    endloop
  endfacet
  facet normal 0.659321 0 0.751861
    outer loop
      vertex 17.1716 2 6.17157
      vertex 17.565 0 5.82659
      vertex 17.565 2 5.82659
    endloop
  endfacet
  facet normal 0.659321 0 0.751861
    outer loop
      vertex 17.565 0 5.82659
      vertex 17.1716 2 6.17157
      vertex 17.1716 0 6.17157
    endloop
  endfacet
  facet normal 0.195087 0 0.980786
    outer loop
      vertex 18.9647 2 5.1363
      vertex 19.4779 0 5.03422
      vertex 19.4779 2 5.03422
    endloop
  endfacet
  facet normal 0.195087 0 0.980786
    outer loop
      vertex 19.4779 0 5.03422
      vertex 18.9647 2 5.1363
      vertex 18.9647 0 5.1363
    endloop
  endfacet
endsolid OpenSCAD_Model
